[2026-05-06 09:09:34,915] INFO: --- IRON CORE ENGINE v3.0 ACTIVE ---
[2026-05-06 09:09:43,535] INFO:  >> [SAFE_HANDOVER] Syncing DE30 SL to 24219.92171
[2026-05-06 09:09:43,669] INFO: SCANNING: US30 | PRICE: 49468.50 | BIAS: BULLISH | ER: 0.55 | VEL: 1.38
[2026-05-06 09:09:43,669] INFO:  >> [GUARD] US30 position already active. Skipping.
[2026-05-06 09:09:43,704] INFO: SCANNING: XAUUSD | PRICE: 4633.15 | BIAS: BULLISH | ER: 0.63 | VEL: 1.45
[2026-05-06 09:09:44,849] INFO:  >> [VETERANCY] ALPHA Rank 2 detected. Applying 2x multiplier.
[2026-05-06 09:09:44,849] INFO: VAULT_PASS [ALPHA]: XAUUSD 0.01 (Risk: 1.160%)
[2026-05-06 09:09:44,849] INFO:  >> [REGIME] Trending detected (ER: 0.63). Stretching TP for capture.
[2026-05-06 09:09:44,849] INFO:  >> [EMPIRICAL] Using Optimized Targets: SL 1.0x | TP 2.0x
[2026-05-06 09:09:45,093] INFO:  !! [SAFETY_PASS] ALPHA validated for XAUUSD BUY 0.01
[2026-05-06 09:09:45,096] INFO:  >> [ALPHA_STRIKE] Safety Verified. Executing BUY XAUUSD @ 4633.15 | LOT: 0.01 | SL: 4615.771857142857 | TP: 4667.906285714285
[2026-05-06 09:09:46,263] INFO:  >> [RELAY] Signal relayed to Telegram.
[2026-05-06 09:09:46,263] INFO:  >> [SUCCESS] XAUUSD BUY order completed.
 !!! [MT5_RETRY_0] Order failed: Invalid volume (Code: 10014)
[2026-05-06 09:09:46,276] ERROR:  !!! [MT5_RETRY_0] Order failed: Invalid volume (Code: 10014)
 !!! [MT5_RETRY_1] Order failed: Invalid volume (Code: 10014)
[2026-05-06 09:09:46,278] ERROR:  !!! [MT5_RETRY_1] Order failed: Invalid volume (Code: 10014)
 !!! [MT5_RETRY_2] Order failed: Invalid volume (Code: 10014)
[2026-05-06 09:09:46,278] ERROR:  !!! [MT5_RETRY_2] Order failed: Invalid volume (Code: 10014)
[2026-05-06 09:09:56,525] INFO:  >> [SAFE_HANDOVER] Syncing DE30 SL to 24219.92171
[2026-05-06 09:09:56,526] INFO:  >> [SAFE_HANDOVER] Syncing XAUUSD SL to 4619.41605
[2026-05-06 09:09:56,528] INFO:  >> [SAFE_HANDOVER] Syncing EURUSD SL to 1.17159
[2026-05-06 09:09:56,670] INFO: SCANNING: JP225 | PRICE: 61113.90 | BIAS: BULLISH | ER: 0.52 | VEL: 0.48
[2026-05-06 09:09:57,787] INFO:  >> [VETERANCY] ALPHA Rank 2 detected. Applying 2x multiplier.
[2026-05-06 09:09:57,787] WARNING:  !! [SAFETY_CLAMP] Capping 0.06 -> 0.05 for JP225
[2026-05-06 09:09:57,787] INFO: VAULT_PASS [ALPHA]: JP225 0.05 (Risk: 1.160%)
[2026-05-06 09:09:57,787] INFO:  >> [EMPIRICAL] Using Optimized Targets: SL 1.0x | TP 2.0x
[2026-05-06 09:09:57,997] INFO:  !! [SAFETY_PASS] ALPHA validated for JP225 BUY 0.05
[2026-05-06 09:09:58,036] INFO:  >> [ALPHA_STRIKE] Safety Verified. Executing BUY JP225 @ 61113.9 | LOT: 0.05 | SL: 60895.828571428574 | TP: 61550.042857142864
 !!! [MT5_RETRY_0] Order failed: Invalid volume (Code: 10014)
[2026-05-06 09:09:58,038] ERROR:  !!! [MT5_RETRY_0] Order failed: Invalid volume (Code: 10014)
 !!! [MT5_RETRY_1] Order failed: Invalid volume (Code: 10014)
[2026-05-06 09:09:58,038] ERROR:  !!! [MT5_RETRY_1] Order failed: Invalid volume (Code: 10014)
 !!! [MT5_RETRY_2] Order failed: Invalid volume (Code: 10014)
[2026-05-06 09:09:58,038] ERROR:  !!! [MT5_RETRY_2] Order failed: Invalid volume (Code: 10014)
[2026-05-06 09:09:58,994] INFO:  >> [RELAY] Signal relayed to Telegram.
[2026-05-06 09:09:58,994] ERROR:  >> [FAILED] JP225 BUY execution failed on Trial account.
[2026-05-06 09:09:59,016] INFO: SCANNING: DE30 | PRICE: 24522.70 | BIAS: BEARISH | ER: 0.44 | VEL: 0.88
[2026-05-06 09:09:59,016] INFO:  >> [GUARD] DE30 position already active. Skipping.
 !!! [MT5_RETRY_0] Order failed: Invalid volume (Code: 10014)
[2026-05-06 09:09:59,029] ERROR:  !!! [MT5_RETRY_0] Order failed: Invalid volume (Code: 10014)
 !!! [MT5_RETRY_1] Order failed: Invalid volume (Code: 10014)
[2026-05-06 09:09:59,029] ERROR:  !!! [MT5_RETRY_1] Order failed: Invalid volume (Code: 10014)
 !!! [MT5_RETRY_2] Order failed: Invalid volume (Code: 10014)
[2026-05-06 09:09:59,030] ERROR:  !!! [MT5_RETRY_2] Order failed: Invalid volume (Code: 10014)
[2026-05-06 09:10:09,268] INFO:  >> [SAFE_HANDOVER] Syncing DE30 SL to 24219.92171
[2026-05-06 09:10:09,268] INFO:  >> [SAFE_HANDOVER] Syncing XAUUSD SL to 4619.41605
[2026-05-06 09:10:09,364] INFO: SCANNING: JP225 | PRICE: 61113.60 | BIAS: BULLISH | ER: 0.52 | VEL: 0.49
[2026-05-06 09:10:10,452] INFO:  >> [VETERANCY] ALPHA Rank 2 detected. Applying 2x multiplier.
[2026-05-06 09:10:10,452] WARNING:  !! [SAFETY_CLAMP] Capping 0.06 -> 0.05 for JP225
[2026-05-06 09:10:10,452] INFO: VAULT_PASS [ALPHA]: JP225 0.05 (Risk: 1.160%)
[2026-05-06 09:10:10,452] INFO:  >> [EMPIRICAL] Using Optimized Targets: SL 1.0x | TP 2.0x
[2026-05-06 09:10:10,661] INFO:  !! [SAFETY_PASS] ALPHA validated for JP225 BUY 0.05
[2026-05-06 09:10:10,663] INFO:  >> [ALPHA_STRIKE] Safety Verified. Executing BUY JP225 @ 61113.6 | LOT: 0.05 | SL: 60895.52857142857 | TP: 61549.74285714286
 !!! [MT5_RETRY_0] Order failed: Invalid volume (Code: 10014)
[2026-05-06 09:10:10,664] ERROR:  !!! [MT5_RETRY_0] Order failed: Invalid volume (Code: 10014)
 !!! [MT5_RETRY_1] Order failed: Invalid volume (Code: 10014)
[2026-05-06 09:10:10,664] ERROR:  !!! [MT5_RETRY_1] Order failed: Invalid volume (Code: 10014)
 !!! [MT5_RETRY_2] Order failed: Invalid volume (Code: 10014)
[2026-05-06 09:10:10,664] ERROR:  !!! [MT5_RETRY_2] Order failed: Invalid volume (Code: 10014)
[2026-05-06 09:10:10,664] INFO:  >> [DEDUPLICATION] JP225 BUY signal suppressed (Duplicate).
[2026-05-06 09:10:10,664] ERROR:  >> [FAILED] JP225 BUY execution failed on Trial account.
[2026-05-06 09:10:10,672] INFO: SCANNING: DE30 | PRICE: 24523.80 | BIAS: BEARISH | ER: 0.44 | VEL: 0.84
[2026-05-06 09:10:10,672] INFO:  >> [GUARD] DE30 position already active. Skipping.
 !!! [MT5_RETRY_0] Order failed: Invalid volume (Code: 10014)
[2026-05-06 09:10:10,680] ERROR:  !!! [MT5_RETRY_0] Order failed: Invalid volume (Code: 10014)
 !!! [MT5_RETRY_1] Order failed: Invalid volume (Code: 10014)
[2026-05-06 09:10:10,680] ERROR:  !!! [MT5_RETRY_1] Order failed: Invalid volume (Code: 10014)
 !!! [MT5_RETRY_2] Order failed: Invalid volume (Code: 10014)
[2026-05-06 09:10:10,680] ERROR:  !!! [MT5_RETRY_2] Order failed: Invalid volume (Code: 10014)
[2026-05-06 09:10:20,895] INFO:  >> [SAFE_HANDOVER] Syncing DE30 SL to 24219.92171
[2026-05-06 09:10:20,896] INFO:  >> [SAFE_HANDOVER] Syncing XAUUSD SL to 4619.41605
[2026-05-06 09:10:20,992] INFO: SCANNING: JP225 | PRICE: 61103.40 | BIAS: BULLISH | ER: 0.51 | VEL: 0.56
[2026-05-06 09:10:22,051] INFO:  >> [VETERANCY] ALPHA Rank 2 detected. Applying 2x multiplier.
[2026-05-06 09:10:22,051] WARNING:  !! [SAFETY_CLAMP] Capping 0.06 -> 0.05 for JP225
[2026-05-06 09:10:22,051] INFO: VAULT_PASS [ALPHA]: JP225 0.05 (Risk: 1.160%)
[2026-05-06 09:10:22,051] INFO:  >> [EMPIRICAL] Using Optimized Targets: SL 1.0x | TP 2.0x
[2026-05-06 09:10:22,260] INFO:  !! [SAFETY_PASS] ALPHA validated for JP225 BUY 0.05
[2026-05-06 09:10:22,292] INFO:  >> [ALPHA_STRIKE] Safety Verified. Executing BUY JP225 @ 61103.4 | LOT: 0.05 | SL: 60885.328571428574 | TP: 61539.542857142864
 !!! [MT5_RETRY_0] Order failed: Invalid volume (Code: 10014)
[2026-05-06 09:10:22,292] ERROR:  !!! [MT5_RETRY_0] Order failed: Invalid volume (Code: 10014)
 !!! [MT5_RETRY_1] Order failed: Invalid volume (Code: 10014)
[2026-05-06 09:10:22,293] ERROR:  !!! [MT5_RETRY_1] Order failed: Invalid volume (Code: 10014)
 !!! [MT5_RETRY_2] Order failed: Invalid volume (Code: 10014)
[2026-05-06 09:10:22,293] ERROR:  !!! [MT5_RETRY_2] Order failed: Invalid volume (Code: 10014)
[2026-05-06 09:10:22,293] INFO:  >> [DEDUPLICATION] JP225 BUY signal suppressed (Duplicate).
[2026-05-06 09:10:22,293] ERROR:  >> [FAILED] JP225 BUY execution failed on Trial account.
[2026-05-06 09:10:22,303] INFO: SCANNING: DE30 | PRICE: 24522.60 | BIAS: BEARISH | ER: 0.44 | VEL: 0.88
[2026-05-06 09:10:22,304] INFO:  >> [GUARD] DE30 position already active. Skipping.
 !!! [MT5_RETRY_0] Order failed: Invalid volume (Code: 10014)
[2026-05-06 09:10:22,313] ERROR:  !!! [MT5_RETRY_0] Order failed: Invalid volume (Code: 10014)
 !!! [MT5_RETRY_1] Order failed: Invalid volume (Code: 10014)
[2026-05-06 09:10:22,313] ERROR:  !!! [MT5_RETRY_1] Order failed: Invalid volume (Code: 10014)
 !!! [MT5_RETRY_2] Order failed: Invalid volume (Code: 10014)
[2026-05-06 09:10:22,313] ERROR:  !!! [MT5_RETRY_2] Order failed: Invalid volume (Code: 10014)
[2026-05-06 09:10:32,597] INFO:  >> [SAFE_HANDOVER] Syncing DE30 SL to 24219.92171
[2026-05-06 09:10:32,598] INFO:  >> [SAFE_HANDOVER] Syncing XAUUSD SL to 4619.41605
[2026-05-06 09:10:32,696] INFO: SCANNING: JP225 | PRICE: 61098.40 | BIAS: BULLISH | ER: 0.5 | VEL: 0.59
[2026-05-06 09:10:33,844] INFO:  >> [VETERANCY] ALPHA Rank 2 detected. Applying 2x multiplier.
[2026-05-06 09:10:33,844] WARNING:  !! [SAFETY_CLAMP] Capping 0.06 -> 0.05 for JP225
[2026-05-06 09:10:33,844] INFO: VAULT_PASS [ALPHA]: JP225 0.05 (Risk: 1.150%)
[2026-05-06 09:10:33,845] INFO:  >> [EMPIRICAL] Using Optimized Targets: SL 1.0x | TP 2.0x
[2026-05-06 09:10:34,055] INFO:  !! [SAFETY_PASS] ALPHA validated for JP225 BUY 0.05
[2026-05-06 09:10:34,058] INFO:  >> [ALPHA_STRIKE] Safety Verified. Executing BUY JP225 @ 61098.4 | LOT: 0.05 | SL: 60880.328571428574 | TP: 61534.542857142864
 !!! [MT5_RETRY_0] Order failed: Invalid volume (Code: 10014)
[2026-05-06 09:10:34,058] ERROR:  !!! [MT5_RETRY_0] Order failed: Invalid volume (Code: 10014)
 !!! [MT5_RETRY_1] Order failed: Invalid volume (Code: 10014)
[2026-05-06 09:10:34,058] ERROR:  !!! [MT5_RETRY_1] Order failed: Invalid volume (Code: 10014)
 !!! [MT5_RETRY_2] Order failed: Invalid volume (Code: 10014)
[2026-05-06 09:10:34,058] ERROR:  !!! [MT5_RETRY_2] Order failed: Invalid volume (Code: 10014)
[2026-05-06 09:10:34,059] INFO:  >> [DEDUPLICATION] JP225 BUY signal suppressed (Duplicate).
[2026-05-06 09:10:34,059] ERROR:  >> [FAILED] JP225 BUY execution failed on Trial account.
[2026-05-06 09:10:34,067] INFO: SCANNING: DE30 | PRICE: 24523.80 | BIAS: BEARISH | ER: 0.44 | VEL: 0.84
[2026-05-06 09:10:34,067] INFO:  >> [GUARD] DE30 position already active. Skipping.
 !!! [MT5_RETRY_0] Order failed: Invalid volume (Code: 10014)
[2026-05-06 09:10:34,075] ERROR:  !!! [MT5_RETRY_0] Order failed: Invalid volume (Code: 10014)
 !!! [MT5_RETRY_1] Order failed: Invalid volume (Code: 10014)
[2026-05-06 09:10:34,075] ERROR:  !!! [MT5_RETRY_1] Order failed: Invalid volume (Code: 10014)
 !!! [MT5_RETRY_2] Order failed: Invalid volume (Code: 10014)
[2026-05-06 09:10:34,075] ERROR:  !!! [MT5_RETRY_2] Order failed: Invalid volume (Code: 10014)
[2026-05-06 09:10:44,292] INFO:  >> [SAFE_HANDOVER] Syncing DE30 SL to 24219.92171
[2026-05-06 09:10:44,294] INFO:  >> [SAFE_HANDOVER] Syncing XAUUSD SL to 4619.41605
[2026-05-06 09:10:44,391] INFO: SCANNING: JP225 | PRICE: 61094.60 | BIAS: BULLISH | ER: 0.5 | VEL: 0.62
[2026-05-06 09:10:45,465] INFO:  >> [VETERANCY] ALPHA Rank 2 detected. Applying 2x multiplier.
[2026-05-06 09:10:45,467] WARNING:  !! [SAFETY_CLAMP] Capping 0.06 -> 0.05 for JP225
[2026-05-06 09:10:45,467] INFO: VAULT_PASS [ALPHA]: JP225 0.05 (Risk: 1.150%)
[2026-05-06 09:10:45,467] INFO:  >> [EMPIRICAL] Using Optimized Targets: SL 1.0x | TP 2.0x
[2026-05-06 09:10:45,675] INFO:  !! [SAFETY_PASS] ALPHA validated for JP225 BUY 0.05
[2026-05-06 09:10:45,714] INFO:  >> [ALPHA_STRIKE] Safety Verified. Executing BUY JP225 @ 61094.6 | LOT: 0.05 | SL: 60876.52857142857 | TP: 61530.74285714286
 !!! [MT5_RETRY_0] Order failed: Invalid volume (Code: 10014)
[2026-05-06 09:10:45,714] ERROR:  !!! [MT5_RETRY_0] Order failed: Invalid volume (Code: 10014)
 !!! [MT5_RETRY_1] Order failed: Invalid volume (Code: 10014)
[2026-05-06 09:10:45,714] ERROR:  !!! [MT5_RETRY_1] Order failed: Invalid volume (Code: 10014)
 !!! [MT5_RETRY_2] Order failed: Invalid volume (Code: 10014)
[2026-05-06 09:10:45,715] ERROR:  !!! [MT5_RETRY_2] Order failed: Invalid volume (Code: 10014)
[2026-05-06 09:10:45,715] INFO:  >> [DEDUPLICATION] JP225 BUY signal suppressed (Duplicate).
[2026-05-06 09:10:45,716] ERROR:  >> [FAILED] JP225 BUY execution failed on Trial account.
[2026-05-06 09:10:45,730] INFO: SCANNING: DE30 | PRICE: 24523.10 | BIAS: BEARISH | ER: 0.44 | VEL: 0.87
[2026-05-06 09:10:45,730] INFO:  >> [GUARD] DE30 position already active. Skipping.
 !!! [MT5_RETRY_0] Order failed: Invalid volume (Code: 10014)
[2026-05-06 09:10:45,739] ERROR:  !!! [MT5_RETRY_0] Order failed: Invalid volume (Code: 10014)
 !!! [MT5_RETRY_1] Order failed: Invalid volume (Code: 10014)
[2026-05-06 09:10:45,739] ERROR:  !!! [MT5_RETRY_1] Order failed: Invalid volume (Code: 10014)
 !!! [MT5_RETRY_2] Order failed: Invalid volume (Code: 10014)
[2026-05-06 09:10:45,739] ERROR:  !!! [MT5_RETRY_2] Order failed: Invalid volume (Code: 10014)
[2026-05-06 09:10:55,974] INFO:  >> [SAFE_HANDOVER] Syncing DE30 SL to 24219.92171
[2026-05-06 09:10:55,976] INFO:  >> [SAFE_HANDOVER] Syncing XAUUSD SL to 4619.41605
[2026-05-06 09:10:56,073] INFO: SCANNING: JP225 | PRICE: 61091.60 | BIAS: BULLISH | ER: 0.49 | VEL: 0.64
[2026-05-06 09:10:57,102] INFO:  >> [VETERANCY] ALPHA Rank 2 detected. Applying 2x multiplier.
[2026-05-06 09:10:57,102] WARNING:  !! [SAFETY_CLAMP] Capping 0.06 -> 0.05 for JP225
[2026-05-06 09:10:57,102] INFO: VAULT_PASS [ALPHA]: JP225 0.05 (Risk: 1.150%)
[2026-05-06 09:10:57,102] INFO:  >> [EMPIRICAL] Using Optimized Targets: SL 1.0x | TP 2.0x
[2026-05-06 09:10:57,311] INFO:  !! [SAFETY_PASS] ALPHA validated for JP225 BUY 0.05
[2026-05-06 09:10:57,314] INFO:  >> [ALPHA_STRIKE] Safety Verified. Executing BUY JP225 @ 61091.6 | LOT: 0.05 | SL: 60873.52857142857 | TP: 61527.74285714286
 !!! [MT5_RETRY_0] Order failed: Invalid volume (Code: 10014)
[2026-05-06 09:10:57,316] ERROR:  !!! [MT5_RETRY_0] Order failed: Invalid volume (Code: 10014)
 !!! [MT5_RETRY_1] Order failed: Invalid volume (Code: 10014)
[2026-05-06 09:10:57,316] ERROR:  !!! [MT5_RETRY_1] Order failed: Invalid volume (Code: 10014)
 !!! [MT5_RETRY_2] Order failed: Invalid volume (Code: 10014)
[2026-05-06 09:10:57,317] ERROR:  !!! [MT5_RETRY_2] Order failed: Invalid volume (Code: 10014)
[2026-05-06 09:10:57,318] INFO:  >> [DEDUPLICATION] JP225 BUY signal suppressed (Duplicate).
[2026-05-06 09:10:57,318] ERROR:  >> [FAILED] JP225 BUY execution failed on Trial account.
[2026-05-06 09:10:57,337] INFO: SCANNING: DE30 | PRICE: 24522.90 | BIAS: BEARISH | ER: 0.44 | VEL: 0.87
[2026-05-06 09:10:57,337] INFO:  >> [GUARD] DE30 position already active. Skipping.
 !!! [MT5_RETRY_0] Order failed: Invalid volume (Code: 10014)
[2026-05-06 09:10:57,357] ERROR:  !!! [MT5_RETRY_0] Order failed: Invalid volume (Code: 10014)
 !!! [MT5_RETRY_1] Order failed: Invalid volume (Code: 10014)
[2026-05-06 09:10:57,358] ERROR:  !!! [MT5_RETRY_1] Order failed: Invalid volume (Code: 10014)
 !!! [MT5_RETRY_2] Order failed: Invalid volume (Code: 10014)
[2026-05-06 09:10:57,358] ERROR:  !!! [MT5_RETRY_2] Order failed: Invalid volume (Code: 10014)
[2026-05-06 09:11:07,612] INFO:  >> [SAFE_HANDOVER] Syncing DE30 SL to 24219.92171
[2026-05-06 09:11:07,612] INFO:  >> [SAFE_HANDOVER] Syncing XAUUSD SL to 4619.41605
[2026-05-06 09:11:07,708] INFO: SCANNING: JP225 | PRICE: 61083.40 | BIAS: BULLISH | ER: 0.49 | VEL: 0.69
[2026-05-06 09:11:08,908] INFO:  >> [VETERANCY] ALPHA Rank 2 detected. Applying 2x multiplier.
[2026-05-06 09:11:08,910] WARNING:  !! [SAFETY_CLAMP] Capping 0.06 -> 0.05 for JP225
[2026-05-06 09:11:08,910] INFO: VAULT_PASS [ALPHA]: JP225 0.05 (Risk: 1.150%)
[2026-05-06 09:11:08,910] INFO:  >> [EMPIRICAL] Using Optimized Targets: SL 1.0x | TP 2.0x
[2026-05-06 09:11:09,114] INFO:  !! [SAFETY_PASS] ALPHA validated for JP225 BUY 0.05
[2026-05-06 09:11:09,160] INFO:  >> [ALPHA_STRIKE] Safety Verified. Executing BUY JP225 @ 61083.4 | LOT: 0.05 | SL: 60865.328571428574 | TP: 61519.542857142864
 !!! [MT5_RETRY_0] Order failed: Invalid volume (Code: 10014)
[2026-05-06 09:11:09,160] ERROR:  !!! [MT5_RETRY_0] Order failed: Invalid volume (Code: 10014)
 !!! [MT5_RETRY_1] Order failed: Invalid volume (Code: 10014)
[2026-05-06 09:11:09,161] ERROR:  !!! [MT5_RETRY_1] Order failed: Invalid volume (Code: 10014)
 !!! [MT5_RETRY_2] Order failed: Invalid volume (Code: 10014)
[2026-05-06 09:11:09,161] ERROR:  !!! [MT5_RETRY_2] Order failed: Invalid volume (Code: 10014)
[2026-05-06 09:11:09,161] INFO:  >> [DEDUPLICATION] JP225 BUY signal suppressed (Duplicate).
[2026-05-06 09:11:09,162] ERROR:  >> [FAILED] JP225 BUY execution failed on Trial account.
[2026-05-06 09:11:09,170] INFO: SCANNING: DE30 | PRICE: 24521.10 | BIAS: BEARISH | ER: 0.43 | VEL: 0.94
[2026-05-06 09:11:09,170] INFO:  >> [GUARD] DE30 position already active. Skipping.
 !!! [MT5_RETRY_0] Order failed: Invalid volume (Code: 10014)
[2026-05-06 09:11:09,177] ERROR:  !!! [MT5_RETRY_0] Order failed: Invalid volume (Code: 10014)
 !!! [MT5_RETRY_1] Order failed: Invalid volume (Code: 10014)
[2026-05-06 09:11:09,177] ERROR:  !!! [MT5_RETRY_1] Order failed: Invalid volume (Code: 10014)
 !!! [MT5_RETRY_2] Order failed: Invalid volume (Code: 10014)
[2026-05-06 09:11:09,178] ERROR:  !!! [MT5_RETRY_2] Order failed: Invalid volume (Code: 10014)
[2026-05-06 09:11:19,384] INFO:  >> [SAFE_HANDOVER] Syncing DE30 SL to 24219.92171
[2026-05-06 09:11:19,384] INFO:  >> [SAFE_HANDOVER] Syncing XAUUSD SL to 4619.41605
[2026-05-06 09:11:19,480] INFO: SCANNING: JP225 | PRICE: 61074.60 | BIAS: BULLISH | ER: 0.48 | VEL: 0.76
[2026-05-06 09:11:20,551] INFO:  >> [VETERANCY] ALPHA Rank 2 detected. Applying 2x multiplier.
[2026-05-06 09:11:20,552] WARNING:  !! [SAFETY_CLAMP] Capping 0.06 -> 0.05 for JP225
[2026-05-06 09:11:20,552] INFO: VAULT_PASS [ALPHA]: JP225 0.05 (Risk: 1.150%)
[2026-05-06 09:11:20,552] INFO:  >> [EMPIRICAL] Using Optimized Targets: SL 1.0x | TP 2.0x
[2026-05-06 09:11:20,759] INFO:  !! [SAFETY_PASS] ALPHA validated for JP225 BUY 0.05
[2026-05-06 09:11:20,764] INFO:  >> [ALPHA_STRIKE] Safety Verified. Executing BUY JP225 @ 61074.6 | LOT: 0.05 | SL: 60856.52857142857 | TP: 61510.74285714286
 !!! [MT5_RETRY_0] Order failed: Invalid volume (Code: 10014)
[2026-05-06 09:11:20,765] ERROR:  !!! [MT5_RETRY_0] Order failed: Invalid volume (Code: 10014)
 !!! [MT5_RETRY_1] Order failed: Invalid volume (Code: 10014)
[2026-05-06 09:11:20,765] ERROR:  !!! [MT5_RETRY_1] Order failed: Invalid volume (Code: 10014)
 !!! [MT5_RETRY_2] Order failed: Invalid volume (Code: 10014)
[2026-05-06 09:11:20,765] ERROR:  !!! [MT5_RETRY_2] Order failed: Invalid volume (Code: 10014)
[2026-05-06 09:11:20,765] INFO:  >> [DEDUPLICATION] JP225 BUY signal suppressed (Duplicate).
[2026-05-06 09:11:20,765] ERROR:  >> [FAILED] JP225 BUY execution failed on Trial account.
[2026-05-06 09:11:20,777] INFO: SCANNING: DE30 | PRICE: 24520.00 | BIAS: BEARISH | ER: 0.43 | VEL: 0.98
[2026-05-06 09:11:20,777] INFO:  >> [GUARD] DE30 position already active. Skipping.
 !!! [MT5_RETRY_0] Order failed: Invalid volume (Code: 10014)
[2026-05-06 09:11:20,786] ERROR:  !!! [MT5_RETRY_0] Order failed: Invalid volume (Code: 10014)
 !!! [MT5_RETRY_1] Order failed: Invalid volume (Code: 10014)
[2026-05-06 09:11:20,786] ERROR:  !!! [MT5_RETRY_1] Order failed: Invalid volume (Code: 10014)
 !!! [MT5_RETRY_2] Order failed: Invalid volume (Code: 10014)
[2026-05-06 09:11:20,786] ERROR:  !!! [MT5_RETRY_2] Order failed: Invalid volume (Code: 10014)
[2026-05-06 09:11:31,022] INFO:  >> [SAFE_HANDOVER] Syncing DE30 SL to 24219.92171
[2026-05-06 09:11:31,022] INFO:  >> [SAFE_HANDOVER] Syncing XAUUSD SL to 4619.41605
[2026-05-06 09:11:31,119] INFO: SCANNING: JP225 | PRICE: 61071.70 | BIAS: BULLISH | ER: 0.47 | VEL: 0.78
[2026-05-06 09:11:32,175] INFO:  >> [VETERANCY] ALPHA Rank 2 detected. Applying 2x multiplier.
[2026-05-06 09:11:32,175] WARNING:  !! [SAFETY_CLAMP] Capping 0.06 -> 0.05 for JP225
[2026-05-06 09:11:32,175] INFO: VAULT_PASS [ALPHA]: JP225 0.05 (Risk: 1.150%)
[2026-05-06 09:11:32,175] INFO:  >> [EMPIRICAL] Using Optimized Targets: SL 1.0x | TP 2.0x
[2026-05-06 09:11:32,381] INFO:  !! [SAFETY_PASS] ALPHA validated for JP225 BUY 0.05
[2026-05-06 09:11:32,423] INFO:  >> [ALPHA_STRIKE] Safety Verified. Executing BUY JP225 @ 61071.7 | LOT: 0.05 | SL: 60853.62857142857 | TP: 61507.84285714286
 !!! [MT5_RETRY_0] Order failed: Invalid volume (Code: 10014)
[2026-05-06 09:11:32,423] ERROR:  !!! [MT5_RETRY_0] Order failed: Invalid volume (Code: 10014)
 !!! [MT5_RETRY_1] Order failed: Invalid volume (Code: 10014)
[2026-05-06 09:11:32,424] ERROR:  !!! [MT5_RETRY_1] Order failed: Invalid volume (Code: 10014)
 !!! [MT5_RETRY_2] Order failed: Invalid volume (Code: 10014)
[2026-05-06 09:11:32,424] ERROR:  !!! [MT5_RETRY_2] Order failed: Invalid volume (Code: 10014)
[2026-05-06 09:11:32,426] INFO:  >> [DEDUPLICATION] JP225 BUY signal suppressed (Duplicate).
[2026-05-06 09:11:32,426] ERROR:  >> [FAILED] JP225 BUY execution failed on Trial account.
[2026-05-06 09:11:32,434] INFO: SCANNING: DE30 | PRICE: 24521.10 | BIAS: BEARISH | ER: 0.43 | VEL: 0.94
[2026-05-06 09:11:32,435] INFO:  >> [GUARD] DE30 position already active. Skipping.
 !!! [MT5_RETRY_0] Order failed: Invalid volume (Code: 10014)
[2026-05-06 09:11:32,442] ERROR:  !!! [MT5_RETRY_0] Order failed: Invalid volume (Code: 10014)
 !!! [MT5_RETRY_1] Order failed: Invalid volume (Code: 10014)
[2026-05-06 09:11:32,442] ERROR:  !!! [MT5_RETRY_1] Order failed: Invalid volume (Code: 10014)
 !!! [MT5_RETRY_2] Order failed: Invalid volume (Code: 10014)
[2026-05-06 09:11:32,442] ERROR:  !!! [MT5_RETRY_2] Order failed: Invalid volume (Code: 10014)
[2026-05-06 09:11:42,641] INFO:  >> [SAFE_HANDOVER] Syncing DE30 SL to 24219.92171
[2026-05-06 09:11:42,641] INFO:  >> [SAFE_HANDOVER] Syncing XAUUSD SL to 4619.41605
[2026-05-06 09:11:42,738] INFO: SCANNING: JP225 | PRICE: 61060.30 | BIAS: BULLISH | ER: 0.46 | VEL: 0.85
[2026-05-06 09:11:43,830] INFO:  >> [VETERANCY] ALPHA Rank 2 detected. Applying 2x multiplier.
[2026-05-06 09:11:43,830] WARNING:  !! [SAFETY_CLAMP] Capping 0.06 -> 0.05 for JP225
[2026-05-06 09:11:43,830] INFO: VAULT_PASS [ALPHA]: JP225 0.05 (Risk: 1.150%)
[2026-05-06 09:11:43,830] INFO:  >> [EMPIRICAL] Using Optimized Targets: SL 1.0x | TP 2.0x
[2026-05-06 09:11:44,036] INFO:  !! [SAFETY_PASS] ALPHA validated for JP225 BUY 0.05
[2026-05-06 09:11:44,038] INFO:  >> [ALPHA_STRIKE] Safety Verified. Executing BUY JP225 @ 61060.3 | LOT: 0.05 | SL: 60842.228571428575 | TP: 61496.442857142865
 !!! [MT5_RETRY_0] Order failed: Invalid volume (Code: 10014)
[2026-05-06 09:11:44,040] ERROR:  !!! [MT5_RETRY_0] Order failed: Invalid volume (Code: 10014)
 !!! [MT5_RETRY_1] Order failed: Invalid volume (Code: 10014)
[2026-05-06 09:11:44,040] ERROR:  !!! [MT5_RETRY_1] Order failed: Invalid volume (Code: 10014)
 !!! [MT5_RETRY_2] Order failed: Invalid volume (Code: 10014)
[2026-05-06 09:11:44,040] ERROR:  !!! [MT5_RETRY_2] Order failed: Invalid volume (Code: 10014)
[2026-05-06 09:11:44,040] INFO:  >> [DEDUPLICATION] JP225 BUY signal suppressed (Duplicate).
[2026-05-06 09:11:44,040] ERROR:  >> [FAILED] JP225 BUY execution failed on Trial account.
[2026-05-06 09:11:44,047] INFO: SCANNING: DE30 | PRICE: 24522.00 | BIAS: BEARISH | ER: 0.44 | VEL: 0.91
[2026-05-06 09:11:44,047] INFO:  >> [GUARD] DE30 position already active. Skipping.
 !!! [MT5_RETRY_0] Order failed: Invalid volume (Code: 10014)
[2026-05-06 09:11:44,056] ERROR:  !!! [MT5_RETRY_0] Order failed: Invalid volume (Code: 10014)
 !!! [MT5_RETRY_1] Order failed: Invalid volume (Code: 10014)
[2026-05-06 09:11:44,057] ERROR:  !!! [MT5_RETRY_1] Order failed: Invalid volume (Code: 10014)
 !!! [MT5_RETRY_2] Order failed: Invalid volume (Code: 10014)
[2026-05-06 09:11:44,057] ERROR:  !!! [MT5_RETRY_2] Order failed: Invalid volume (Code: 10014)
[2026-05-06 09:11:54,329] INFO:  >> [SAFE_HANDOVER] Syncing DE30 SL to 24219.92171
[2026-05-06 09:11:54,331] INFO:  >> [SAFE_HANDOVER] Syncing XAUUSD SL to 4619.41605
[2026-05-06 09:11:54,427] INFO: SCANNING: JP225 | PRICE: 61068.40 | BIAS: BULLISH | ER: 0.47 | VEL: 0.8
[2026-05-06 09:11:55,465] INFO:  >> [VETERANCY] ALPHA Rank 2 detected. Applying 2x multiplier.
[2026-05-06 09:11:55,466] WARNING:  !! [SAFETY_CLAMP] Capping 0.06 -> 0.05 for JP225
[2026-05-06 09:11:55,466] INFO: VAULT_PASS [ALPHA]: JP225 0.05 (Risk: 1.150%)
[2026-05-06 09:11:55,466] INFO:  >> [EMPIRICAL] Using Optimized Targets: SL 1.0x | TP 2.0x
[2026-05-06 09:11:55,674] INFO:  !! [SAFETY_PASS] ALPHA validated for JP225 BUY 0.05
[2026-05-06 09:11:55,677] INFO:  >> [ALPHA_STRIKE] Safety Verified. Executing BUY JP225 @ 61068.4 | LOT: 0.05 | SL: 60850.328571428574 | TP: 61504.542857142864
 !!! [MT5_RETRY_0] Order failed: Invalid volume (Code: 10014)
[2026-05-06 09:11:55,677] ERROR:  !!! [MT5_RETRY_0] Order failed: Invalid volume (Code: 10014)
 !!! [MT5_RETRY_1] Order failed: Invalid volume (Code: 10014)
[2026-05-06 09:11:55,677] ERROR:  !!! [MT5_RETRY_1] Order failed: Invalid volume (Code: 10014)
 !!! [MT5_RETRY_2] Order failed: Invalid volume (Code: 10014)
[2026-05-06 09:11:55,679] ERROR:  !!! [MT5_RETRY_2] Order failed: Invalid volume (Code: 10014)
[2026-05-06 09:11:55,679] INFO:  >> [DEDUPLICATION] JP225 BUY signal suppressed (Duplicate).
[2026-05-06 09:11:55,679] ERROR:  >> [FAILED] JP225 BUY execution failed on Trial account.
[2026-05-06 09:11:55,687] INFO: SCANNING: DE30 | PRICE: 24522.60 | BIAS: BEARISH | ER: 0.44 | VEL: 0.88
[2026-05-06 09:11:55,687] INFO:  >> [GUARD] DE30 position already active. Skipping.
 !!! [MT5_RETRY_0] Order failed: Invalid volume (Code: 10014)
[2026-05-06 09:11:55,693] ERROR:  !!! [MT5_RETRY_0] Order failed: Invalid volume (Code: 10014)
 !!! [MT5_RETRY_1] Order failed: Invalid volume (Code: 10014)
[2026-05-06 09:11:55,693] ERROR:  !!! [MT5_RETRY_1] Order failed: Invalid volume (Code: 10014)
 !!! [MT5_RETRY_2] Order failed: Invalid volume (Code: 10014)
[2026-05-06 09:11:55,693] ERROR:  !!! [MT5_RETRY_2] Order failed: Invalid volume (Code: 10014)
[2026-05-06 09:12:05,935] INFO:  >> [SAFE_HANDOVER] Syncing DE30 SL to 24219.92171
[2026-05-06 09:12:05,935] INFO:  >> [SAFE_HANDOVER] Syncing XAUUSD SL to 4619.41605
[2026-05-06 09:12:06,033] INFO: SCANNING: JP225 | PRICE: 61072.00 | BIAS: BULLISH | ER: 0.47 | VEL: 0.77
[2026-05-06 09:12:07,057] INFO:  >> [VETERANCY] ALPHA Rank 2 detected. Applying 2x multiplier.
[2026-05-06 09:12:07,057] WARNING:  !! [SAFETY_CLAMP] Capping 0.06 -> 0.05 for JP225
[2026-05-06 09:12:07,057] INFO: VAULT_PASS [ALPHA]: JP225 0.05 (Risk: 1.150%)
[2026-05-06 09:12:07,057] INFO:  >> [EMPIRICAL] Using Optimized Targets: SL 1.0x | TP 2.0x
[2026-05-06 09:12:07,266] INFO:  !! [SAFETY_PASS] ALPHA validated for JP225 BUY 0.05
[2026-05-06 09:12:07,270] INFO:  >> [ALPHA_STRIKE] Safety Verified. Executing BUY JP225 @ 61072.0 | LOT: 0.05 | SL: 60853.92857142857 | TP: 61508.14285714286
 !!! [MT5_RETRY_0] Order failed: Invalid volume (Code: 10014)
[2026-05-06 09:12:07,271] ERROR:  !!! [MT5_RETRY_0] Order failed: Invalid volume (Code: 10014)
 !!! [MT5_RETRY_1] Order failed: Invalid volume (Code: 10014)
[2026-05-06 09:12:07,271] ERROR:  !!! [MT5_RETRY_1] Order failed: Invalid volume (Code: 10014)
 !!! [MT5_RETRY_2] Order failed: Invalid volume (Code: 10014)
[2026-05-06 09:12:07,271] ERROR:  !!! [MT5_RETRY_2] Order failed: Invalid volume (Code: 10014)
[2026-05-06 09:12:07,271] INFO:  >> [DEDUPLICATION] JP225 BUY signal suppressed (Duplicate).
[2026-05-06 09:12:07,271] ERROR:  >> [FAILED] JP225 BUY execution failed on Trial account.
[2026-05-06 09:12:07,278] INFO: SCANNING: DE30 | PRICE: 24521.80 | BIAS: BEARISH | ER: 0.43 | VEL: 0.92
[2026-05-06 09:12:07,278] INFO:  >> [GUARD] DE30 position already active. Skipping.
 !!! [MT5_RETRY_0] Order failed: Invalid volume (Code: 10014)
[2026-05-06 09:12:07,284] ERROR:  !!! [MT5_RETRY_0] Order failed: Invalid volume (Code: 10014)
 !!! [MT5_RETRY_1] Order failed: Invalid volume (Code: 10014)
[2026-05-06 09:12:07,284] ERROR:  !!! [MT5_RETRY_1] Order failed: Invalid volume (Code: 10014)
 !!! [MT5_RETRY_2] Order failed: Invalid volume (Code: 10014)
[2026-05-06 09:12:07,286] ERROR:  !!! [MT5_RETRY_2] Order failed: Invalid volume (Code: 10014)
[2026-05-06 09:12:17,491] INFO:  >> [SAFE_HANDOVER] Syncing DE30 SL to 24219.92171
[2026-05-06 09:12:17,493] INFO:  >> [SAFE_HANDOVER] Syncing XAUUSD SL to 4619.41605
[2026-05-06 09:12:17,593] INFO: SCANNING: JP225 | PRICE: 61066.50 | BIAS: BULLISH | ER: 0.47 | VEL: 0.81
[2026-05-06 09:12:18,602] INFO:  >> [VETERANCY] ALPHA Rank 2 detected. Applying 2x multiplier.
[2026-05-06 09:12:18,602] WARNING:  !! [SAFETY_CLAMP] Capping 0.06 -> 0.05 for JP225
[2026-05-06 09:12:18,602] INFO: VAULT_PASS [ALPHA]: JP225 0.05 (Risk: 1.150%)
[2026-05-06 09:12:18,602] INFO:  >> [EMPIRICAL] Using Optimized Targets: SL 1.0x | TP 2.0x
[2026-05-06 09:12:18,811] INFO:  !! [SAFETY_PASS] ALPHA validated for JP225 BUY 0.05
[2026-05-06 09:12:18,849] INFO:  >> [ALPHA_STRIKE] Safety Verified. Executing BUY JP225 @ 61066.5 | LOT: 0.05 | SL: 60848.42857142857 | TP: 61502.64285714286
 !!! [MT5_RETRY_0] Order failed: Invalid volume (Code: 10014)
[2026-05-06 09:12:18,849] ERROR:  !!! [MT5_RETRY_0] Order failed: Invalid volume (Code: 10014)
 !!! [MT5_RETRY_1] Order failed: Invalid volume (Code: 10014)
[2026-05-06 09:12:18,849] ERROR:  !!! [MT5_RETRY_1] Order failed: Invalid volume (Code: 10014)
 !!! [MT5_RETRY_2] Order failed: Invalid volume (Code: 10014)
[2026-05-06 09:12:18,849] ERROR:  !!! [MT5_RETRY_2] Order failed: Invalid volume (Code: 10014)
[2026-05-06 09:12:18,849] INFO:  >> [DEDUPLICATION] JP225 BUY signal suppressed (Duplicate).
[2026-05-06 09:12:18,849] ERROR:  >> [FAILED] JP225 BUY execution failed on Trial account.
[2026-05-06 09:12:18,858] INFO: SCANNING: DE30 | PRICE: 24521.70 | BIAS: BEARISH | ER: 0.43 | VEL: 0.92
[2026-05-06 09:12:18,858] INFO:  >> [GUARD] DE30 position already active. Skipping.
 !!! [MT5_RETRY_0] Order failed: Invalid volume (Code: 10014)
[2026-05-06 09:12:18,864] ERROR:  !!! [MT5_RETRY_0] Order failed: Invalid volume (Code: 10014)
 !!! [MT5_RETRY_1] Order failed: Invalid volume (Code: 10014)
[2026-05-06 09:12:18,866] ERROR:  !!! [MT5_RETRY_1] Order failed: Invalid volume (Code: 10014)
 !!! [MT5_RETRY_2] Order failed: Invalid volume (Code: 10014)
[2026-05-06 09:12:18,866] ERROR:  !!! [MT5_RETRY_2] Order failed: Invalid volume (Code: 10014)
[2026-05-06 09:12:29,101] INFO:  >> [SAFE_HANDOVER] Syncing DE30 SL to 24219.92171
[2026-05-06 09:12:29,102] INFO:  >> [SAFE_HANDOVER] Syncing XAUUSD SL to 4619.41605
[2026-05-06 09:12:29,198] INFO: SCANNING: JP225 | PRICE: 61071.10 | BIAS: BULLISH | ER: 0.47 | VEL: 0.78
[2026-05-06 09:12:30,224] INFO:  >> [VETERANCY] ALPHA Rank 2 detected. Applying 2x multiplier.
[2026-05-06 09:12:30,224] WARNING:  !! [SAFETY_CLAMP] Capping 0.06 -> 0.05 for JP225
[2026-05-06 09:12:30,226] INFO: VAULT_PASS [ALPHA]: JP225 0.05 (Risk: 1.160%)
[2026-05-06 09:12:30,226] INFO:  >> [EMPIRICAL] Using Optimized Targets: SL 1.0x | TP 2.0x
[2026-05-06 09:12:30,435] INFO:  !! [SAFETY_PASS] ALPHA validated for JP225 BUY 0.05
[2026-05-06 09:12:30,436] INFO:  >> [ALPHA_STRIKE] Safety Verified. Executing BUY JP225 @ 61071.1 | LOT: 0.05 | SL: 60853.02857142857 | TP: 61507.24285714286
 !!! [MT5_RETRY_0] Order failed: Invalid volume (Code: 10014)
[2026-05-06 09:12:30,438] ERROR:  !!! [MT5_RETRY_0] Order failed: Invalid volume (Code: 10014)
 !!! [MT5_RETRY_1] Order failed: Invalid volume (Code: 10014)
[2026-05-06 09:12:30,438] ERROR:  !!! [MT5_RETRY_1] Order failed: Invalid volume (Code: 10014)
 !!! [MT5_RETRY_2] Order failed: Invalid volume (Code: 10014)
[2026-05-06 09:12:30,438] ERROR:  !!! [MT5_RETRY_2] Order failed: Invalid volume (Code: 10014)
[2026-05-06 09:12:30,438] INFO:  >> [DEDUPLICATION] JP225 BUY signal suppressed (Duplicate).
[2026-05-06 09:12:30,438] ERROR:  >> [FAILED] JP225 BUY execution failed on Trial account.
[2026-05-06 09:12:30,447] INFO: SCANNING: DE30 | PRICE: 24520.90 | BIAS: BEARISH | ER: 0.43 | VEL: 0.95
[2026-05-06 09:12:30,447] INFO:  >> [GUARD] DE30 position already active. Skipping.
 !!! [MT5_RETRY_0] Order failed: Invalid volume (Code: 10014)
[2026-05-06 09:12:30,455] ERROR:  !!! [MT5_RETRY_0] Order failed: Invalid volume (Code: 10014)
 !!! [MT5_RETRY_1] Order failed: Invalid volume (Code: 10014)
[2026-05-06 09:12:30,455] ERROR:  !!! [MT5_RETRY_1] Order failed: Invalid volume (Code: 10014)
 !!! [MT5_RETRY_2] Order failed: Invalid volume (Code: 10014)
[2026-05-06 09:12:30,455] ERROR:  !!! [MT5_RETRY_2] Order failed: Invalid volume (Code: 10014)
[2026-05-06 09:12:40,693] INFO:  >> [SAFE_HANDOVER] Syncing DE30 SL to 24219.92171
[2026-05-06 09:12:40,693] INFO:  >> [SAFE_HANDOVER] Syncing XAUUSD SL to 4619.41605
[2026-05-06 09:12:40,787] INFO: SCANNING: JP225 | PRICE: 61067.60 | BIAS: BULLISH | ER: 0.47 | VEL: 0.8
[2026-05-06 09:12:41,863] INFO:  >> [VETERANCY] ALPHA Rank 2 detected. Applying 2x multiplier.
[2026-05-06 09:12:41,863] WARNING:  !! [SAFETY_CLAMP] Capping 0.06 -> 0.05 for JP225
[2026-05-06 09:12:41,864] INFO: VAULT_PASS [ALPHA]: JP225 0.05 (Risk: 1.160%)
[2026-05-06 09:12:41,864] INFO:  >> [EMPIRICAL] Using Optimized Targets: SL 1.0x | TP 2.0x
[2026-05-06 09:12:42,075] INFO:  !! [SAFETY_PASS] ALPHA validated for JP225 BUY 0.05
[2026-05-06 09:12:42,113] INFO:  >> [ALPHA_STRIKE] Safety Verified. Executing BUY JP225 @ 61067.6 | LOT: 0.05 | SL: 60849.52857142857 | TP: 61503.74285714286
 !!! [MT5_RETRY_0] Order failed: Invalid volume (Code: 10014)
[2026-05-06 09:12:42,113] ERROR:  !!! [MT5_RETRY_0] Order failed: Invalid volume (Code: 10014)
 !!! [MT5_RETRY_1] Order failed: Invalid volume (Code: 10014)
[2026-05-06 09:12:42,113] ERROR:  !!! [MT5_RETRY_1] Order failed: Invalid volume (Code: 10014)
 !!! [MT5_RETRY_2] Order failed: Invalid volume (Code: 10014)
[2026-05-06 09:12:42,113] ERROR:  !!! [MT5_RETRY_2] Order failed: Invalid volume (Code: 10014)
[2026-05-06 09:12:42,113] INFO:  >> [DEDUPLICATION] JP225 BUY signal suppressed (Duplicate).
[2026-05-06 09:12:42,113] ERROR:  >> [FAILED] JP225 BUY execution failed on Trial account.
[2026-05-06 09:12:42,122] INFO: SCANNING: DE30 | PRICE: 24521.00 | BIAS: BEARISH | ER: 0.43 | VEL: 0.95
[2026-05-06 09:12:42,122] INFO:  >> [GUARD] DE30 position already active. Skipping.
 !!! [MT5_RETRY_0] Order failed: Invalid volume (Code: 10014)
[2026-05-06 09:12:42,128] ERROR:  !!! [MT5_RETRY_0] Order failed: Invalid volume (Code: 10014)
 !!! [MT5_RETRY_1] Order failed: Invalid volume (Code: 10014)
[2026-05-06 09:12:42,129] ERROR:  !!! [MT5_RETRY_1] Order failed: Invalid volume (Code: 10014)
 !!! [MT5_RETRY_2] Order failed: Invalid volume (Code: 10014)
[2026-05-06 09:12:42,129] ERROR:  !!! [MT5_RETRY_2] Order failed: Invalid volume (Code: 10014)
[2026-05-06 09:12:52,337] INFO:  >> [SAFE_HANDOVER] Syncing DE30 SL to 24219.92171
[2026-05-06 09:12:52,337] INFO:  >> [SAFE_HANDOVER] Syncing XAUUSD SL to 4619.41605
[2026-05-06 09:12:52,434] INFO: SCANNING: JP225 | PRICE: 61068.10 | BIAS: BULLISH | ER: 0.47 | VEL: 0.8
[2026-05-06 09:12:53,547] INFO:  >> [VETERANCY] ALPHA Rank 2 detected. Applying 2x multiplier.
[2026-05-06 09:12:53,547] WARNING:  !! [SAFETY_CLAMP] Capping 0.06 -> 0.05 for JP225
[2026-05-06 09:12:53,547] INFO: VAULT_PASS [ALPHA]: JP225 0.05 (Risk: 1.150%)
[2026-05-06 09:12:53,547] INFO:  >> [EMPIRICAL] Using Optimized Targets: SL 1.0x | TP 2.0x
[2026-05-06 09:12:53,754] INFO:  !! [SAFETY_PASS] ALPHA validated for JP225 BUY 0.05
[2026-05-06 09:12:53,757] INFO:  >> [ALPHA_STRIKE] Safety Verified. Executing BUY JP225 @ 61068.1 | LOT: 0.05 | SL: 60850.02857142857 | TP: 61504.24285714286
 !!! [MT5_RETRY_0] Order failed: Invalid volume (Code: 10014)
[2026-05-06 09:12:53,757] ERROR:  !!! [MT5_RETRY_0] Order failed: Invalid volume (Code: 10014)
 !!! [MT5_RETRY_1] Order failed: Invalid volume (Code: 10014)
[2026-05-06 09:12:53,757] ERROR:  !!! [MT5_RETRY_1] Order failed: Invalid volume (Code: 10014)
 !!! [MT5_RETRY_2] Order failed: Invalid volume (Code: 10014)
[2026-05-06 09:12:53,757] ERROR:  !!! [MT5_RETRY_2] Order failed: Invalid volume (Code: 10014)
[2026-05-06 09:12:53,757] INFO:  >> [DEDUPLICATION] JP225 BUY signal suppressed (Duplicate).
[2026-05-06 09:12:53,757] ERROR:  >> [FAILED] JP225 BUY execution failed on Trial account.
[2026-05-06 09:12:53,766] INFO: SCANNING: DE30 | PRICE: 24520.90 | BIAS: BEARISH | ER: 0.43 | VEL: 0.95
[2026-05-06 09:12:53,768] INFO:  >> [GUARD] DE30 position already active. Skipping.
 !!! [MT5_RETRY_0] Order failed: Invalid volume (Code: 10014)
[2026-05-06 09:12:53,775] ERROR:  !!! [MT5_RETRY_0] Order failed: Invalid volume (Code: 10014)
 !!! [MT5_RETRY_1] Order failed: Invalid volume (Code: 10014)
[2026-05-06 09:12:53,777] ERROR:  !!! [MT5_RETRY_1] Order failed: Invalid volume (Code: 10014)
 !!! [MT5_RETRY_2] Order failed: Invalid volume (Code: 10014)
[2026-05-06 09:12:53,777] ERROR:  !!! [MT5_RETRY_2] Order failed: Invalid volume (Code: 10014)
[2026-05-06 09:13:03,980] INFO:  >> [SAFE_HANDOVER] Syncing DE30 SL to 24219.92171
[2026-05-06 09:13:03,980] INFO:  >> [SAFE_HANDOVER] Syncing XAUUSD SL to 4619.41605
[2026-05-06 09:13:04,078] INFO: SCANNING: JP225 | PRICE: 61066.70 | BIAS: BULLISH | ER: 0.47 | VEL: 0.81
[2026-05-06 09:13:05,145] INFO:  >> [VETERANCY] ALPHA Rank 2 detected. Applying 2x multiplier.
[2026-05-06 09:13:05,145] WARNING:  !! [SAFETY_CLAMP] Capping 0.06 -> 0.05 for JP225
[2026-05-06 09:13:05,145] INFO: VAULT_PASS [ALPHA]: JP225 0.05 (Risk: 1.150%)
[2026-05-06 09:13:05,145] INFO:  >> [EMPIRICAL] Using Optimized Targets: SL 1.0x | TP 2.0x
[2026-05-06 09:13:05,354] INFO:  !! [SAFETY_PASS] ALPHA validated for JP225 BUY 0.05
[2026-05-06 09:13:05,357] INFO:  >> [ALPHA_STRIKE] Safety Verified. Executing BUY JP225 @ 61066.7 | LOT: 0.05 | SL: 60848.62857142857 | TP: 61502.84285714286
 !!! [MT5_RETRY_0] Order failed: Invalid volume (Code: 10014)
[2026-05-06 09:13:05,357] ERROR:  !!! [MT5_RETRY_0] Order failed: Invalid volume (Code: 10014)
 !!! [MT5_RETRY_1] Order failed: Invalid volume (Code: 10014)
[2026-05-06 09:13:05,358] ERROR:  !!! [MT5_RETRY_1] Order failed: Invalid volume (Code: 10014)
 !!! [MT5_RETRY_2] Order failed: Invalid volume (Code: 10014)
[2026-05-06 09:13:05,358] ERROR:  !!! [MT5_RETRY_2] Order failed: Invalid volume (Code: 10014)
[2026-05-06 09:13:05,358] INFO:  >> [DEDUPLICATION] JP225 BUY signal suppressed (Duplicate).
[2026-05-06 09:13:05,358] ERROR:  >> [FAILED] JP225 BUY execution failed on Trial account.
[2026-05-06 09:13:05,365] INFO: SCANNING: DE30 | PRICE: 24520.00 | BIAS: BEARISH | ER: 0.43 | VEL: 0.98
[2026-05-06 09:13:05,365] INFO:  >> [GUARD] DE30 position already active. Skipping.
 !!! [MT5_RETRY_0] Order failed: Invalid volume (Code: 10014)
[2026-05-06 09:13:05,371] ERROR:  !!! [MT5_RETRY_0] Order failed: Invalid volume (Code: 10014)
 !!! [MT5_RETRY_1] Order failed: Invalid volume (Code: 10014)
[2026-05-06 09:13:05,372] ERROR:  !!! [MT5_RETRY_1] Order failed: Invalid volume (Code: 10014)
 !!! [MT5_RETRY_2] Order failed: Invalid volume (Code: 10014)
[2026-05-06 09:13:05,372] ERROR:  !!! [MT5_RETRY_2] Order failed: Invalid volume (Code: 10014)
[2026-05-06 09:13:15,574] INFO:  >> [SAFE_HANDOVER] Syncing DE30 SL to 24219.92171
[2026-05-06 09:13:15,574] INFO:  >> [RECOVERY_WATCH] XAUUSD recovered from -$2.25. Monitoring support retest...
[2026-05-06 09:13:15,576] INFO:  >> [SAFE_HANDOVER] Syncing XAUUSD SL to 4619.41605
[2026-05-06 09:13:15,671] INFO: SCANNING: JP225 | PRICE: 61064.30 | BIAS: BULLISH | ER: 0.47 | VEL: 0.83
[2026-05-06 09:13:16,725] INFO:  >> [VETERANCY] ALPHA Rank 2 detected. Applying 2x multiplier.
[2026-05-06 09:13:16,725] WARNING:  !! [SAFETY_CLAMP] Capping 0.06 -> 0.05 for JP225
[2026-05-06 09:13:16,725] INFO: VAULT_PASS [ALPHA]: JP225 0.05 (Risk: 1.160%)
[2026-05-06 09:13:16,725] INFO:  >> [EMPIRICAL] Using Optimized Targets: SL 1.0x | TP 2.0x
[2026-05-06 09:13:16,933] INFO:  !! [SAFETY_PASS] ALPHA validated for JP225 BUY 0.05
[2026-05-06 09:13:16,936] INFO:  >> [ALPHA_STRIKE] Safety Verified. Executing BUY JP225 @ 61064.3 | LOT: 0.05 | SL: 60846.228571428575 | TP: 61500.442857142865
 !!! [MT5_RETRY_0] Order failed: Invalid volume (Code: 10014)
[2026-05-06 09:13:16,936] ERROR:  !!! [MT5_RETRY_0] Order failed: Invalid volume (Code: 10014)
 !!! [MT5_RETRY_1] Order failed: Invalid volume (Code: 10014)
[2026-05-06 09:13:16,936] ERROR:  !!! [MT5_RETRY_1] Order failed: Invalid volume (Code: 10014)
 !!! [MT5_RETRY_2] Order failed: Invalid volume (Code: 10014)
[2026-05-06 09:13:16,936] ERROR:  !!! [MT5_RETRY_2] Order failed: Invalid volume (Code: 10014)
[2026-05-06 09:13:16,936] INFO:  >> [DEDUPLICATION] JP225 BUY signal suppressed (Duplicate).
[2026-05-06 09:13:16,936] ERROR:  >> [FAILED] JP225 BUY execution failed on Trial account.
[2026-05-06 09:13:16,943] INFO: SCANNING: DE30 | PRICE: 24522.60 | BIAS: BEARISH | ER: 0.44 | VEL: 0.88
[2026-05-06 09:13:16,943] INFO:  >> [GUARD] DE30 position already active. Skipping.
 !!! [MT5_RETRY_0] Order failed: Invalid volume (Code: 10014)
[2026-05-06 09:13:16,951] ERROR:  !!! [MT5_RETRY_0] Order failed: Invalid volume (Code: 10014)
 !!! [MT5_RETRY_1] Order failed: Invalid volume (Code: 10014)
[2026-05-06 09:13:16,952] ERROR:  !!! [MT5_RETRY_1] Order failed: Invalid volume (Code: 10014)
 !!! [MT5_RETRY_2] Order failed: Invalid volume (Code: 10014)
[2026-05-06 09:13:16,952] ERROR:  !!! [MT5_RETRY_2] Order failed: Invalid volume (Code: 10014)
[2026-05-06 09:13:27,189] INFO:  >> [SAFE_HANDOVER] Syncing DE30 SL to 24219.92171
[2026-05-06 09:13:27,288] INFO: SCANNING: JP225 | PRICE: 61064.70 | BIAS: BULLISH | ER: 0.47 | VEL: 0.82
[2026-05-06 09:13:28,315] INFO:  >> [VETERANCY] ALPHA Rank 2 detected. Applying 2x multiplier.
[2026-05-06 09:13:28,316] WARNING:  !! [SAFETY_CLAMP] Capping 0.06 -> 0.05 for JP225
[2026-05-06 09:13:28,316] INFO: VAULT_PASS [ALPHA]: JP225 0.05 (Risk: 1.160%)
[2026-05-06 09:13:28,317] INFO:  >> [EMPIRICAL] Using Optimized Targets: SL 1.0x | TP 2.0x
[2026-05-06 09:13:28,522] INFO:  !! [SAFETY_PASS] ALPHA validated for JP225 BUY 0.05
[2026-05-06 09:13:28,524] INFO:  >> [ALPHA_STRIKE] Safety Verified. Executing BUY JP225 @ 61064.7 | LOT: 0.05 | SL: 60846.62857142857 | TP: 61500.84285714286
 !!! [MT5_RETRY_0] Order failed: Invalid volume (Code: 10014)
[2026-05-06 09:13:28,525] ERROR:  !!! [MT5_RETRY_0] Order failed: Invalid volume (Code: 10014)
 !!! [MT5_RETRY_1] Order failed: Invalid volume (Code: 10014)
[2026-05-06 09:13:28,525] ERROR:  !!! [MT5_RETRY_1] Order failed: Invalid volume (Code: 10014)
 !!! [MT5_RETRY_2] Order failed: Invalid volume (Code: 10014)
[2026-05-06 09:13:28,525] ERROR:  !!! [MT5_RETRY_2] Order failed: Invalid volume (Code: 10014)
[2026-05-06 09:13:28,525] INFO:  >> [DEDUPLICATION] JP225 BUY signal suppressed (Duplicate).
[2026-05-06 09:13:28,525] ERROR:  >> [FAILED] JP225 BUY execution failed on Trial account.
[2026-05-06 09:13:28,535] INFO: SCANNING: DE30 | PRICE: 24522.10 | BIAS: BEARISH | ER: 0.44 | VEL: 0.9
[2026-05-06 09:13:28,535] INFO:  >> [GUARD] DE30 position already active. Skipping.
 !!! [MT5_RETRY_0] Order failed: Invalid volume (Code: 10014)
[2026-05-06 09:13:28,542] ERROR:  !!! [MT5_RETRY_0] Order failed: Invalid volume (Code: 10014)
 !!! [MT5_RETRY_1] Order failed: Invalid volume (Code: 10014)
[2026-05-06 09:13:28,543] ERROR:  !!! [MT5_RETRY_1] Order failed: Invalid volume (Code: 10014)
 !!! [MT5_RETRY_2] Order failed: Invalid volume (Code: 10014)
[2026-05-06 09:13:28,543] ERROR:  !!! [MT5_RETRY_2] Order failed: Invalid volume (Code: 10014)
[2026-05-06 09:13:38,782] INFO:  >> [SAFE_HANDOVER] Syncing DE30 SL to 24219.92171
[2026-05-06 09:13:38,882] INFO: SCANNING: JP225 | PRICE: 61060.20 | BIAS: BULLISH | ER: 0.46 | VEL: 0.86
[2026-05-06 09:13:39,931] INFO:  >> [VETERANCY] ALPHA Rank 2 detected. Applying 2x multiplier.
[2026-05-06 09:13:39,932] WARNING:  !! [SAFETY_CLAMP] Capping 0.06 -> 0.05 for JP225
[2026-05-06 09:13:39,932] INFO: VAULT_PASS [ALPHA]: JP225 0.05 (Risk: 1.160%)
[2026-05-06 09:13:39,932] INFO:  >> [EMPIRICAL] Using Optimized Targets: SL 1.0x | TP 2.0x
[2026-05-06 09:13:40,135] INFO:  !! [SAFETY_PASS] ALPHA validated for JP225 BUY 0.05
[2026-05-06 09:13:40,174] INFO:  >> [ALPHA_STRIKE] Safety Verified. Executing BUY JP225 @ 61060.2 | LOT: 0.05 | SL: 60842.12857142857 | TP: 61496.34285714286
 !!! [MT5_RETRY_0] Order failed: Invalid volume (Code: 10014)
[2026-05-06 09:13:40,174] ERROR:  !!! [MT5_RETRY_0] Order failed: Invalid volume (Code: 10014)
 !!! [MT5_RETRY_1] Order failed: Invalid volume (Code: 10014)
[2026-05-06 09:13:40,174] ERROR:  !!! [MT5_RETRY_1] Order failed: Invalid volume (Code: 10014)
 !!! [MT5_RETRY_2] Order failed: Invalid volume (Code: 10014)
[2026-05-06 09:13:40,175] ERROR:  !!! [MT5_RETRY_2] Order failed: Invalid volume (Code: 10014)
[2026-05-06 09:13:40,175] INFO:  >> [DEDUPLICATION] JP225 BUY signal suppressed (Duplicate).
[2026-05-06 09:13:40,175] ERROR:  >> [FAILED] JP225 BUY execution failed on Trial account.
[2026-05-06 09:13:40,183] INFO: SCANNING: DE30 | PRICE: 24520.90 | BIAS: BEARISH | ER: 0.43 | VEL: 0.95
[2026-05-06 09:13:40,183] INFO:  >> [GUARD] DE30 position already active. Skipping.
 !!! [MT5_RETRY_0] Order failed: Invalid volume (Code: 10014)
[2026-05-06 09:13:40,190] ERROR:  !!! [MT5_RETRY_0] Order failed: Invalid volume (Code: 10014)
 !!! [MT5_RETRY_1] Order failed: Invalid volume (Code: 10014)
[2026-05-06 09:13:40,190] ERROR:  !!! [MT5_RETRY_1] Order failed: Invalid volume (Code: 10014)
 !!! [MT5_RETRY_2] Order failed: Invalid volume (Code: 10014)
[2026-05-06 09:13:40,190] ERROR:  !!! [MT5_RETRY_2] Order failed: Invalid volume (Code: 10014)
[2026-05-06 09:13:50,448] INFO:  >> [SAFE_HANDOVER] Syncing DE30 SL to 24219.92171
[2026-05-06 09:13:51,187] INFO: SCANNING: JP225 | PRICE: 61063.40 | BIAS: BULLISH | ER: 0.47 | VEL: 0.83
[2026-05-06 09:13:52,234] INFO:  >> [VETERANCY] ALPHA Rank 2 detected. Applying 2x multiplier.
[2026-05-06 09:13:52,236] WARNING:  !! [SAFETY_CLAMP] Capping 0.06 -> 0.05 for JP225
[2026-05-06 09:13:52,236] INFO: VAULT_PASS [ALPHA]: JP225 0.05 (Risk: 1.160%)
[2026-05-06 09:13:52,236] INFO:  >> [EMPIRICAL] Using Optimized Targets: SL 1.0x | TP 2.0x
[2026-05-06 09:13:52,747] INFO:  !! [SAFETY_PASS] ALPHA validated for JP225 BUY 0.05
[2026-05-06 09:13:52,785] INFO:  >> [ALPHA_STRIKE] Safety Verified. Executing BUY JP225 @ 61063.4 | LOT: 0.05 | SL: 60845.328571428574 | TP: 61499.542857142864
 !!! [MT5_RETRY_0] Order failed: Invalid volume (Code: 10014)
[2026-05-06 09:13:52,786] ERROR:  !!! [MT5_RETRY_0] Order failed: Invalid volume (Code: 10014)
 !!! [MT5_RETRY_1] Order failed: Invalid volume (Code: 10014)
[2026-05-06 09:13:52,786] ERROR:  !!! [MT5_RETRY_1] Order failed: Invalid volume (Code: 10014)
 !!! [MT5_RETRY_2] Order failed: Invalid volume (Code: 10014)
[2026-05-06 09:13:52,786] ERROR:  !!! [MT5_RETRY_2] Order failed: Invalid volume (Code: 10014)
[2026-05-06 09:13:52,787] INFO:  >> [DEDUPLICATION] JP225 BUY signal suppressed (Duplicate).
[2026-05-06 09:13:52,787] ERROR:  >> [FAILED] JP225 BUY execution failed on Trial account.
[2026-05-06 09:13:52,794] INFO: SCANNING: DE30 | PRICE: 24522.60 | BIAS: BEARISH | ER: 0.44 | VEL: 0.88
[2026-05-06 09:13:52,794] INFO:  >> [GUARD] DE30 position already active. Skipping.
 !!! [MT5_RETRY_0] Order failed: Invalid volume (Code: 10014)
[2026-05-06 09:13:52,801] ERROR:  !!! [MT5_RETRY_0] Order failed: Invalid volume (Code: 10014)
 !!! [MT5_RETRY_1] Order failed: Invalid volume (Code: 10014)
[2026-05-06 09:13:52,802] ERROR:  !!! [MT5_RETRY_1] Order failed: Invalid volume (Code: 10014)
 !!! [MT5_RETRY_2] Order failed: Invalid volume (Code: 10014)
[2026-05-06 09:13:52,802] ERROR:  !!! [MT5_RETRY_2] Order failed: Invalid volume (Code: 10014)
[2026-05-06 09:14:03,053] INFO:  >> [SAFE_HANDOVER] Syncing DE30 SL to 24219.92171
[2026-05-06 09:14:03,148] INFO: SCANNING: JP225 | PRICE: 61064.40 | BIAS: BULLISH | ER: 0.47 | VEL: 0.83
[2026-05-06 09:14:04,190] INFO:  >> [VETERANCY] ALPHA Rank 2 detected. Applying 2x multiplier.
[2026-05-06 09:14:04,190] WARNING:  !! [SAFETY_CLAMP] Capping 0.06 -> 0.05 for JP225
[2026-05-06 09:14:04,190] INFO: VAULT_PASS [ALPHA]: JP225 0.05 (Risk: 1.160%)
[2026-05-06 09:14:04,191] INFO:  >> [EMPIRICAL] Using Optimized Targets: SL 1.0x | TP 2.0x
[2026-05-06 09:14:04,396] INFO:  !! [SAFETY_PASS] ALPHA validated for JP225 BUY 0.05
[2026-05-06 09:14:04,433] INFO:  >> [ALPHA_STRIKE] Safety Verified. Executing BUY JP225 @ 61064.4 | LOT: 0.05 | SL: 60846.328571428574 | TP: 61500.542857142864
 !!! [MT5_RETRY_0] Order failed: Invalid volume (Code: 10014)
[2026-05-06 09:14:04,433] ERROR:  !!! [MT5_RETRY_0] Order failed: Invalid volume (Code: 10014)
 !!! [MT5_RETRY_1] Order failed: Invalid volume (Code: 10014)
[2026-05-06 09:14:04,433] ERROR:  !!! [MT5_RETRY_1] Order failed: Invalid volume (Code: 10014)
 !!! [MT5_RETRY_2] Order failed: Invalid volume (Code: 10014)
[2026-05-06 09:14:04,435] ERROR:  !!! [MT5_RETRY_2] Order failed: Invalid volume (Code: 10014)
[2026-05-06 09:14:04,435] INFO:  >> [DEDUPLICATION] JP225 BUY signal suppressed (Duplicate).
[2026-05-06 09:14:04,435] ERROR:  >> [FAILED] JP225 BUY execution failed on Trial account.
[2026-05-06 09:14:04,443] INFO: SCANNING: DE30 | PRICE: 24521.80 | BIAS: BEARISH | ER: 0.43 | VEL: 0.92
[2026-05-06 09:14:04,443] INFO:  >> [GUARD] DE30 position already active. Skipping.
 !!! [MT5_RETRY_0] Order failed: Invalid volume (Code: 10014)
[2026-05-06 09:14:04,450] ERROR:  !!! [MT5_RETRY_0] Order failed: Invalid volume (Code: 10014)
 !!! [MT5_RETRY_1] Order failed: Invalid volume (Code: 10014)
[2026-05-06 09:14:04,450] ERROR:  !!! [MT5_RETRY_1] Order failed: Invalid volume (Code: 10014)
 !!! [MT5_RETRY_2] Order failed: Invalid volume (Code: 10014)
[2026-05-06 09:14:04,450] ERROR:  !!! [MT5_RETRY_2] Order failed: Invalid volume (Code: 10014)
[2026-05-06 09:14:14,655] INFO:  >> [SAFE_HANDOVER] Syncing DE30 SL to 24219.92171
[2026-05-06 09:14:14,752] INFO: SCANNING: JP225 | PRICE: 61066.10 | BIAS: BULLISH | ER: 0.47 | VEL: 0.81
[2026-05-06 09:14:15,820] INFO:  >> [VETERANCY] ALPHA Rank 2 detected. Applying 2x multiplier.
[2026-05-06 09:14:15,820] WARNING:  !! [SAFETY_CLAMP] Capping 0.06 -> 0.05 for JP225
[2026-05-06 09:14:15,820] INFO: VAULT_PASS [ALPHA]: JP225 0.05 (Risk: 1.160%)
[2026-05-06 09:14:15,822] INFO:  >> [EMPIRICAL] Using Optimized Targets: SL 1.0x | TP 2.0x
[2026-05-06 09:14:16,028] INFO:  !! [SAFETY_PASS] ALPHA validated for JP225 BUY 0.05
[2026-05-06 09:14:16,065] INFO:  >> [ALPHA_STRIKE] Safety Verified. Executing BUY JP225 @ 61066.1 | LOT: 0.05 | SL: 60848.02857142857 | TP: 61502.24285714286
 !!! [MT5_RETRY_0] Order failed: Invalid volume (Code: 10014)
[2026-05-06 09:14:16,065] ERROR:  !!! [MT5_RETRY_0] Order failed: Invalid volume (Code: 10014)
 !!! [MT5_RETRY_1] Order failed: Invalid volume (Code: 10014)
[2026-05-06 09:14:16,065] ERROR:  !!! [MT5_RETRY_1] Order failed: Invalid volume (Code: 10014)
 !!! [MT5_RETRY_2] Order failed: Invalid volume (Code: 10014)
[2026-05-06 09:14:16,065] ERROR:  !!! [MT5_RETRY_2] Order failed: Invalid volume (Code: 10014)
[2026-05-06 09:14:16,065] INFO:  >> [DEDUPLICATION] JP225 BUY signal suppressed (Duplicate).
[2026-05-06 09:14:16,066] ERROR:  >> [FAILED] JP225 BUY execution failed on Trial account.
[2026-05-06 09:14:16,073] INFO: SCANNING: DE30 | PRICE: 24520.60 | BIAS: BEARISH | ER: 0.43 | VEL: 0.96
[2026-05-06 09:14:16,073] INFO:  >> [GUARD] DE30 position already active. Skipping.
 !!! [MT5_RETRY_0] Order failed: Invalid volume (Code: 10014)
[2026-05-06 09:14:16,080] ERROR:  !!! [MT5_RETRY_0] Order failed: Invalid volume (Code: 10014)
 !!! [MT5_RETRY_1] Order failed: Invalid volume (Code: 10014)
[2026-05-06 09:14:16,081] ERROR:  !!! [MT5_RETRY_1] Order failed: Invalid volume (Code: 10014)
 !!! [MT5_RETRY_2] Order failed: Invalid volume (Code: 10014)
[2026-05-06 09:14:16,082] ERROR:  !!! [MT5_RETRY_2] Order failed: Invalid volume (Code: 10014)
[2026-05-06 09:14:26,330] INFO:  >> [SAFE_HANDOVER] Syncing DE30 SL to 24219.92171
[2026-05-06 09:14:26,427] INFO: SCANNING: JP225 | PRICE: 61060.50 | BIAS: BULLISH | ER: 0.46 | VEL: 0.85
[2026-05-06 09:14:27,467] INFO:  >> [VETERANCY] ALPHA Rank 2 detected. Applying 2x multiplier.
[2026-05-06 09:14:27,468] WARNING:  !! [SAFETY_CLAMP] Capping 0.06 -> 0.05 for JP225
[2026-05-06 09:14:27,468] INFO: VAULT_PASS [ALPHA]: JP225 0.05 (Risk: 1.160%)
[2026-05-06 09:14:27,468] INFO:  >> [EMPIRICAL] Using Optimized Targets: SL 1.0x | TP 2.0x
[2026-05-06 09:14:27,675] INFO:  !! [SAFETY_PASS] ALPHA validated for JP225 BUY 0.05
[2026-05-06 09:14:27,676] INFO:  >> [ALPHA_STRIKE] Safety Verified. Executing BUY JP225 @ 61060.5 | LOT: 0.05 | SL: 60842.42857142857 | TP: 61496.64285714286
 !!! [MT5_RETRY_0] Order failed: Invalid volume (Code: 10014)
[2026-05-06 09:14:27,676] ERROR:  !!! [MT5_RETRY_0] Order failed: Invalid volume (Code: 10014)
 !!! [MT5_RETRY_1] Order failed: Invalid volume (Code: 10014)
[2026-05-06 09:14:27,678] ERROR:  !!! [MT5_RETRY_1] Order failed: Invalid volume (Code: 10014)
 !!! [MT5_RETRY_2] Order failed: Invalid volume (Code: 10014)
[2026-05-06 09:14:27,678] ERROR:  !!! [MT5_RETRY_2] Order failed: Invalid volume (Code: 10014)
[2026-05-06 09:14:27,678] INFO:  >> [DEDUPLICATION] JP225 BUY signal suppressed (Duplicate).
[2026-05-06 09:14:27,678] ERROR:  >> [FAILED] JP225 BUY execution failed on Trial account.
[2026-05-06 09:14:27,685] INFO: SCANNING: DE30 | PRICE: 24522.70 | BIAS: BEARISH | ER: 0.44 | VEL: 0.88
[2026-05-06 09:14:27,687] INFO:  >> [GUARD] DE30 position already active. Skipping.
 !!! [MT5_RETRY_0] Order failed: Invalid volume (Code: 10014)
[2026-05-06 09:14:27,693] ERROR:  !!! [MT5_RETRY_0] Order failed: Invalid volume (Code: 10014)
 !!! [MT5_RETRY_1] Order failed: Invalid volume (Code: 10014)
[2026-05-06 09:14:27,693] ERROR:  !!! [MT5_RETRY_1] Order failed: Invalid volume (Code: 10014)
 !!! [MT5_RETRY_2] Order failed: Invalid volume (Code: 10014)
[2026-05-06 09:14:27,694] ERROR:  !!! [MT5_RETRY_2] Order failed: Invalid volume (Code: 10014)
[2026-05-06 09:14:37,898] INFO:  >> [SAFE_HANDOVER] Syncing DE30 SL to 24219.92171
[2026-05-06 09:14:37,994] INFO: SCANNING: JP225 | PRICE: 61046.20 | BIAS: BULLISH | ER: 0.45 | VEL: 0.95
[2026-05-06 09:14:39,008] INFO:  >> [VETERANCY] ALPHA Rank 2 detected. Applying 2x multiplier.
[2026-05-06 09:14:39,010] WARNING:  !! [SAFETY_CLAMP] Capping 0.06 -> 0.05 for JP225
[2026-05-06 09:14:39,010] INFO: VAULT_PASS [ALPHA]: JP225 0.05 (Risk: 1.150%)
[2026-05-06 09:14:39,010] INFO:  >> [EMPIRICAL] Using Optimized Targets: SL 1.0x | TP 2.0x
[2026-05-06 09:14:39,219] INFO:  !! [SAFETY_PASS] ALPHA validated for JP225 BUY 0.05
[2026-05-06 09:14:39,257] INFO:  >> [ALPHA_STRIKE] Safety Verified. Executing BUY JP225 @ 61046.2 | LOT: 0.05 | SL: 60828.12857142857 | TP: 61482.34285714286
 !!! [MT5_RETRY_0] Order failed: Invalid volume (Code: 10014)
[2026-05-06 09:14:39,257] ERROR:  !!! [MT5_RETRY_0] Order failed: Invalid volume (Code: 10014)
 !!! [MT5_RETRY_1] Order failed: Invalid volume (Code: 10014)
[2026-05-06 09:14:39,259] ERROR:  !!! [MT5_RETRY_1] Order failed: Invalid volume (Code: 10014)
 !!! [MT5_RETRY_2] Order failed: Invalid volume (Code: 10014)
[2026-05-06 09:14:39,259] ERROR:  !!! [MT5_RETRY_2] Order failed: Invalid volume (Code: 10014)
[2026-05-06 09:14:39,259] INFO:  >> [DEDUPLICATION] JP225 BUY signal suppressed (Duplicate).
[2026-05-06 09:14:39,259] ERROR:  >> [FAILED] JP225 BUY execution failed on Trial account.
[2026-05-06 09:14:39,273] INFO: SCANNING: DE30 | PRICE: 24521.10 | BIAS: BEARISH | ER: 0.43 | VEL: 0.94
[2026-05-06 09:14:39,273] INFO:  >> [GUARD] DE30 position already active. Skipping.
 !!! [MT5_RETRY_0] Order failed: Invalid volume (Code: 10014)
[2026-05-06 09:14:39,298] ERROR:  !!! [MT5_RETRY_0] Order failed: Invalid volume (Code: 10014)
 !!! [MT5_RETRY_1] Order failed: Invalid volume (Code: 10014)
[2026-05-06 09:14:39,299] ERROR:  !!! [MT5_RETRY_1] Order failed: Invalid volume (Code: 10014)
 !!! [MT5_RETRY_2] Order failed: Invalid volume (Code: 10014)
[2026-05-06 09:14:39,301] ERROR:  !!! [MT5_RETRY_2] Order failed: Invalid volume (Code: 10014)
[2026-05-06 09:14:49,534] INFO:  >> [SAFE_HANDOVER] Syncing DE30 SL to 24219.92171
[2026-05-06 09:14:49,632] INFO: SCANNING: JP225 | PRICE: 61053.50 | BIAS: BULLISH | ER: 0.46 | VEL: 0.9
[2026-05-06 09:14:50,738] INFO:  >> [VETERANCY] ALPHA Rank 2 detected. Applying 2x multiplier.
[2026-05-06 09:14:50,738] WARNING:  !! [SAFETY_CLAMP] Capping 0.06 -> 0.05 for JP225
[2026-05-06 09:14:50,738] INFO: VAULT_PASS [ALPHA]: JP225 0.05 (Risk: 1.160%)
[2026-05-06 09:14:50,739] INFO:  >> [EMPIRICAL] Using Optimized Targets: SL 1.0x | TP 2.0x
[2026-05-06 09:14:50,944] INFO:  !! [SAFETY_PASS] ALPHA validated for JP225 BUY 0.05
[2026-05-06 09:14:50,946] INFO:  >> [ALPHA_STRIKE] Safety Verified. Executing BUY JP225 @ 61053.5 | LOT: 0.05 | SL: 60835.42857142857 | TP: 61489.64285714286
 !!! [MT5_RETRY_0] Order failed: Invalid volume (Code: 10014)
[2026-05-06 09:14:50,947] ERROR:  !!! [MT5_RETRY_0] Order failed: Invalid volume (Code: 10014)
 !!! [MT5_RETRY_1] Order failed: Invalid volume (Code: 10014)
[2026-05-06 09:14:50,948] ERROR:  !!! [MT5_RETRY_1] Order failed: Invalid volume (Code: 10014)
 !!! [MT5_RETRY_2] Order failed: Invalid volume (Code: 10014)
[2026-05-06 09:14:50,948] ERROR:  !!! [MT5_RETRY_2] Order failed: Invalid volume (Code: 10014)
[2026-05-06 09:14:50,948] INFO:  >> [DEDUPLICATION] JP225 BUY signal suppressed (Duplicate).
[2026-05-06 09:14:50,948] ERROR:  >> [FAILED] JP225 BUY execution failed on Trial account.
[2026-05-06 09:14:50,955] INFO: SCANNING: DE30 | PRICE: 24522.80 | BIAS: BEARISH | ER: 0.44 | VEL: 0.88
[2026-05-06 09:14:50,955] INFO:  >> [GUARD] DE30 position already active. Skipping.
 !!! [MT5_RETRY_0] Order failed: Invalid volume (Code: 10014)
[2026-05-06 09:14:50,961] ERROR:  !!! [MT5_RETRY_0] Order failed: Invalid volume (Code: 10014)
 !!! [MT5_RETRY_1] Order failed: Invalid volume (Code: 10014)
[2026-05-06 09:14:50,962] ERROR:  !!! [MT5_RETRY_1] Order failed: Invalid volume (Code: 10014)
 !!! [MT5_RETRY_2] Order failed: Invalid volume (Code: 10014)
[2026-05-06 09:14:50,962] ERROR:  !!! [MT5_RETRY_2] Order failed: Invalid volume (Code: 10014)
[2026-05-06 09:15:01,171] INFO:  >> [SAFE_HANDOVER] Syncing DE30 SL to 24219.92171
[2026-05-06 09:15:01,266] INFO: SCANNING: JP225 | PRICE: 61055.90 | BIAS: BULLISH | ER: 0.36 | VEL: 2.41
[2026-05-06 09:15:02,382] INFO:  >> [VETERANCY] ALPHA Rank 2 detected. Applying 2x multiplier.
[2026-05-06 09:15:02,382] WARNING:  !! [SAFETY_CLAMP] Capping 0.06 -> 0.05 for JP225
[2026-05-06 09:15:02,382] INFO: VAULT_PASS [ALPHA]: JP225 0.05 (Risk: 1.160%)
[2026-05-06 09:15:02,382] INFO:  >> [EMPIRICAL] Using Optimized Targets: SL 1.0x | TP 2.0x
[2026-05-06 09:15:02,588] INFO:  !! [SAFETY_PASS] ALPHA validated for JP225 BUY 0.05
[2026-05-06 09:15:02,591] INFO:  >> [ALPHA_STRIKE] Safety Verified. Executing BUY JP225 @ 61055.9 | LOT: 0.05 | SL: 60837.828571428574 | TP: 61492.042857142864
 !!! [MT5_RETRY_0] Order failed: Invalid volume (Code: 10014)
[2026-05-06 09:15:02,591] ERROR:  !!! [MT5_RETRY_0] Order failed: Invalid volume (Code: 10014)
 !!! [MT5_RETRY_1] Order failed: Invalid volume (Code: 10014)
[2026-05-06 09:15:02,592] ERROR:  !!! [MT5_RETRY_1] Order failed: Invalid volume (Code: 10014)
 !!! [MT5_RETRY_2] Order failed: Invalid volume (Code: 10014)
[2026-05-06 09:15:02,592] ERROR:  !!! [MT5_RETRY_2] Order failed: Invalid volume (Code: 10014)
[2026-05-06 09:15:02,592] INFO:  >> [DEDUPLICATION] JP225 BUY signal suppressed (Duplicate).
[2026-05-06 09:15:02,592] ERROR:  >> [FAILED] JP225 BUY execution failed on Trial account.
[2026-05-06 09:15:02,600] INFO: SCANNING: DE30 | PRICE: 24521.90 | BIAS: BEARISH | ER: 0.3 | VEL: 2.06
[2026-05-06 09:15:02,600] INFO:  >> [GUARD] DE30 position already active. Skipping.
 !!! [MT5_RETRY_0] Order failed: Invalid volume (Code: 10014)
[2026-05-06 09:15:02,606] ERROR:  !!! [MT5_RETRY_0] Order failed: Invalid volume (Code: 10014)
 !!! [MT5_RETRY_1] Order failed: Invalid volume (Code: 10014)
[2026-05-06 09:15:02,606] ERROR:  !!! [MT5_RETRY_1] Order failed: Invalid volume (Code: 10014)
 !!! [MT5_RETRY_2] Order failed: Invalid volume (Code: 10014)
[2026-05-06 09:15:02,607] ERROR:  !!! [MT5_RETRY_2] Order failed: Invalid volume (Code: 10014)
[2026-05-06 09:15:12,943] INFO: SCANNING: JP225 | PRICE: 61039.60 | BIAS: BULLISH | ER: 0.35 | VEL: 2.51
[2026-05-06 09:15:13,962] INFO:  >> [VETERANCY] ALPHA Rank 2 detected. Applying 2x multiplier.
[2026-05-06 09:15:13,962] WARNING:  !! [SAFETY_CLAMP] Capping 0.06 -> 0.05 for JP225
[2026-05-06 09:15:13,962] INFO: VAULT_PASS [ALPHA]: JP225 0.05 (Risk: 1.150%)
[2026-05-06 09:15:13,963] INFO:  >> [EMPIRICAL] Using Optimized Targets: SL 1.0x | TP 2.0x
[2026-05-06 09:15:14,172] INFO:  !! [SAFETY_PASS] ALPHA validated for JP225 BUY 0.05
[2026-05-06 09:15:14,210] INFO:  >> [ALPHA_STRIKE] Safety Verified. Executing BUY JP225 @ 61039.6 | LOT: 0.05 | SL: 60821.52857142857 | TP: 61475.74285714286
 !!! [MT5_RETRY_0] Order failed: Invalid volume (Code: 10014)
[2026-05-06 09:15:14,210] ERROR:  !!! [MT5_RETRY_0] Order failed: Invalid volume (Code: 10014)
 !!! [MT5_RETRY_1] Order failed: Invalid volume (Code: 10014)
[2026-05-06 09:15:14,210] ERROR:  !!! [MT5_RETRY_1] Order failed: Invalid volume (Code: 10014)
 !!! [MT5_RETRY_2] Order failed: Invalid volume (Code: 10014)
[2026-05-06 09:15:14,210] ERROR:  !!! [MT5_RETRY_2] Order failed: Invalid volume (Code: 10014)
[2026-05-06 09:15:14,210] INFO:  >> [DEDUPLICATION] JP225 BUY signal suppressed (Duplicate).
[2026-05-06 09:15:14,210] ERROR:  >> [FAILED] JP225 BUY execution failed on Trial account.
[2026-05-06 09:15:14,219] INFO: SCANNING: DE30 | PRICE: 24515.60 | BIAS: BEARISH | ER: 0.31 | VEL: 2.22
[2026-05-06 09:15:14,219] INFO:  >> [GUARD] DE30 position already active. Skipping.
 !!! [MT5_RETRY_0] Order failed: Invalid volume (Code: 10014)
[2026-05-06 09:15:14,226] ERROR:  !!! [MT5_RETRY_0] Order failed: Invalid volume (Code: 10014)
 !!! [MT5_RETRY_1] Order failed: Invalid volume (Code: 10014)
[2026-05-06 09:15:14,227] ERROR:  !!! [MT5_RETRY_1] Order failed: Invalid volume (Code: 10014)
 !!! [MT5_RETRY_2] Order failed: Invalid volume (Code: 10014)
[2026-05-06 09:15:14,227] ERROR:  !!! [MT5_RETRY_2] Order failed: Invalid volume (Code: 10014)
[2026-05-06 09:15:24,558] INFO: SCANNING: JP225 | PRICE: 61049.60 | BIAS: BULLISH | ER: 0.35 | VEL: 2.43
[2026-05-06 09:15:25,581] INFO:  >> [VETERANCY] ALPHA Rank 2 detected. Applying 2x multiplier.
[2026-05-06 09:15:25,581] WARNING:  !! [SAFETY_CLAMP] Capping 0.06 -> 0.05 for JP225
[2026-05-06 09:15:25,583] INFO: VAULT_PASS [ALPHA]: JP225 0.05 (Risk: 1.160%)
[2026-05-06 09:15:25,583] INFO:  >> [EMPIRICAL] Using Optimized Targets: SL 1.0x | TP 2.0x
[2026-05-06 09:15:25,790] INFO:  !! [SAFETY_PASS] ALPHA validated for JP225 BUY 0.05
[2026-05-06 09:15:25,797] INFO:  >> [ALPHA_STRIKE] Safety Verified. Executing BUY JP225 @ 61049.6 | LOT: 0.05 | SL: 60831.52857142857 | TP: 61485.74285714286
 !!! [MT5_RETRY_0] Order failed: Invalid volume (Code: 10014)
[2026-05-06 09:15:25,797] ERROR:  !!! [MT5_RETRY_0] Order failed: Invalid volume (Code: 10014)
 !!! [MT5_RETRY_1] Order failed: Invalid volume (Code: 10014)
[2026-05-06 09:15:25,798] ERROR:  !!! [MT5_RETRY_1] Order failed: Invalid volume (Code: 10014)
 !!! [MT5_RETRY_2] Order failed: Invalid volume (Code: 10014)
[2026-05-06 09:15:25,798] ERROR:  !!! [MT5_RETRY_2] Order failed: Invalid volume (Code: 10014)
[2026-05-06 09:15:25,798] INFO:  >> [DEDUPLICATION] JP225 BUY signal suppressed (Duplicate).
[2026-05-06 09:15:25,798] ERROR:  >> [FAILED] JP225 BUY execution failed on Trial account.
[2026-05-06 09:15:25,811] INFO: SCANNING: DE30 | PRICE: 24518.70 | BIAS: BEARISH | ER: 0.31 | VEL: 2.08
[2026-05-06 09:15:25,811] INFO:  >> [GUARD] DE30 position already active. Skipping.
 !!! [MT5_RETRY_0] Order failed: Invalid volume (Code: 10014)
[2026-05-06 09:15:25,820] ERROR:  !!! [MT5_RETRY_0] Order failed: Invalid volume (Code: 10014)
 !!! [MT5_RETRY_1] Order failed: Invalid volume (Code: 10014)
[2026-05-06 09:15:25,821] ERROR:  !!! [MT5_RETRY_1] Order failed: Invalid volume (Code: 10014)
 !!! [MT5_RETRY_2] Order failed: Invalid volume (Code: 10014)
[2026-05-06 09:15:25,822] ERROR:  !!! [MT5_RETRY_2] Order failed: Invalid volume (Code: 10014)
[2026-05-06 09:15:36,126] INFO: SCANNING: JP225 | PRICE: 61046.10 | BIAS: BULLISH | ER: 0.35 | VEL: 2.46
[2026-05-06 09:15:37,143] INFO:  >> [VETERANCY] ALPHA Rank 2 detected. Applying 2x multiplier.
[2026-05-06 09:15:37,143] WARNING:  !! [SAFETY_CLAMP] Capping 0.06 -> 0.05 for JP225
[2026-05-06 09:15:37,143] INFO: VAULT_PASS [ALPHA]: JP225 0.05 (Risk: 1.160%)
[2026-05-06 09:15:37,145] INFO:  >> [EMPIRICAL] Using Optimized Targets: SL 1.0x | TP 2.0x
[2026-05-06 09:15:37,348] INFO:  !! [SAFETY_PASS] ALPHA validated for JP225 BUY 0.05
[2026-05-06 09:15:37,386] INFO:  >> [ALPHA_STRIKE] Safety Verified. Executing BUY JP225 @ 61046.1 | LOT: 0.05 | SL: 60828.02857142857 | TP: 61482.24285714286
 !!! [MT5_RETRY_0] Order failed: Invalid volume (Code: 10014)
[2026-05-06 09:15:37,388] ERROR:  !!! [MT5_RETRY_0] Order failed: Invalid volume (Code: 10014)
 !!! [MT5_RETRY_1] Order failed: Invalid volume (Code: 10014)
[2026-05-06 09:15:37,388] ERROR:  !!! [MT5_RETRY_1] Order failed: Invalid volume (Code: 10014)
 !!! [MT5_RETRY_2] Order failed: Invalid volume (Code: 10014)
[2026-05-06 09:15:37,388] ERROR:  !!! [MT5_RETRY_2] Order failed: Invalid volume (Code: 10014)
[2026-05-06 09:15:37,388] INFO:  >> [DEDUPLICATION] JP225 BUY signal suppressed (Duplicate).
[2026-05-06 09:15:37,389] ERROR:  >> [FAILED] JP225 BUY execution failed on Trial account.
[2026-05-06 09:15:37,403] INFO: SCANNING: DE30 | PRICE: 24520.10 | BIAS: BEARISH | ER: 0.31 | VEL: 2.01
[2026-05-06 09:15:37,403] INFO:  >> [GUARD] DE30 position already active. Skipping.
 !!! [MT5_RETRY_0] Order failed: Invalid volume (Code: 10014)
[2026-05-06 09:15:37,414] ERROR:  !!! [MT5_RETRY_0] Order failed: Invalid volume (Code: 10014)
 !!! [MT5_RETRY_1] Order failed: Invalid volume (Code: 10014)
[2026-05-06 09:15:37,415] ERROR:  !!! [MT5_RETRY_1] Order failed: Invalid volume (Code: 10014)
 !!! [MT5_RETRY_2] Order failed: Invalid volume (Code: 10014)
[2026-05-06 09:15:37,415] ERROR:  !!! [MT5_RETRY_2] Order failed: Invalid volume (Code: 10014)
[2026-05-06 09:15:47,745] INFO: SCANNING: JP225 | PRICE: 61049.80 | BIAS: BULLISH | ER: 0.35 | VEL: 2.43
[2026-05-06 09:15:48,773] INFO:  >> [VETERANCY] ALPHA Rank 2 detected. Applying 2x multiplier.
[2026-05-06 09:15:48,775] WARNING:  !! [SAFETY_CLAMP] Capping 0.06 -> 0.05 for JP225
[2026-05-06 09:15:48,775] INFO: VAULT_PASS [ALPHA]: JP225 0.05 (Risk: 1.160%)
[2026-05-06 09:15:48,775] INFO:  >> [EMPIRICAL] Using Optimized Targets: SL 1.0x | TP 2.0x
[2026-05-06 09:15:48,983] INFO:  !! [SAFETY_PASS] ALPHA validated for JP225 BUY 0.05
[2026-05-06 09:15:49,021] INFO:  >> [ALPHA_STRIKE] Safety Verified. Executing BUY JP225 @ 61049.8 | LOT: 0.05 | SL: 60831.728571428575 | TP: 61485.942857142865
 !!! [MT5_RETRY_0] Order failed: Invalid volume (Code: 10014)
[2026-05-06 09:15:49,021] ERROR:  !!! [MT5_RETRY_0] Order failed: Invalid volume (Code: 10014)
 !!! [MT5_RETRY_1] Order failed: Invalid volume (Code: 10014)
[2026-05-06 09:15:49,021] ERROR:  !!! [MT5_RETRY_1] Order failed: Invalid volume (Code: 10014)
 !!! [MT5_RETRY_2] Order failed: Invalid volume (Code: 10014)
[2026-05-06 09:15:49,021] ERROR:  !!! [MT5_RETRY_2] Order failed: Invalid volume (Code: 10014)
[2026-05-06 09:15:49,023] INFO:  >> [DEDUPLICATION] JP225 BUY signal suppressed (Duplicate).
[2026-05-06 09:15:49,023] ERROR:  >> [FAILED] JP225 BUY execution failed on Trial account.
[2026-05-06 09:15:49,030] INFO: SCANNING: DE30 | PRICE: 24519.90 | BIAS: BEARISH | ER: 0.31 | VEL: 2.02
[2026-05-06 09:15:49,030] INFO:  >> [GUARD] DE30 position already active. Skipping.
 !!! [MT5_RETRY_0] Order failed: Invalid volume (Code: 10014)
[2026-05-06 09:15:49,037] ERROR:  !!! [MT5_RETRY_0] Order failed: Invalid volume (Code: 10014)
 !!! [MT5_RETRY_1] Order failed: Invalid volume (Code: 10014)
[2026-05-06 09:15:49,037] ERROR:  !!! [MT5_RETRY_1] Order failed: Invalid volume (Code: 10014)
 !!! [MT5_RETRY_2] Order failed: Invalid volume (Code: 10014)
[2026-05-06 09:15:49,037] ERROR:  !!! [MT5_RETRY_2] Order failed: Invalid volume (Code: 10014)
[2026-05-06 09:15:59,402] INFO: SCANNING: JP225 | PRICE: 61059.50 | BIAS: BULLISH | ER: 0.36 | VEL: 2.32
[2026-05-06 09:16:00,416] INFO:  >> [VETERANCY] ALPHA Rank 2 detected. Applying 2x multiplier.
[2026-05-06 09:16:00,416] WARNING:  !! [SAFETY_CLAMP] Capping 0.06 -> 0.05 for JP225
[2026-05-06 09:16:00,416] INFO: VAULT_PASS [ALPHA]: JP225 0.05 (Risk: 1.160%)
[2026-05-06 09:16:00,416] INFO:  >> [EMPIRICAL] Using Optimized Targets: SL 1.0x | TP 2.0x
[2026-05-06 09:16:00,631] INFO:  !! [SAFETY_PASS] ALPHA validated for JP225 BUY 0.05
[2026-05-06 09:16:00,669] INFO:  >> [ALPHA_STRIKE] Safety Verified. Executing BUY JP225 @ 61059.5 | LOT: 0.05 | SL: 60841.42857142857 | TP: 61495.64285714286
 !!! [MT5_RETRY_0] Order failed: Invalid volume (Code: 10014)
[2026-05-06 09:16:00,669] ERROR:  !!! [MT5_RETRY_0] Order failed: Invalid volume (Code: 10014)
 !!! [MT5_RETRY_1] Order failed: Invalid volume (Code: 10014)
[2026-05-06 09:16:00,670] ERROR:  !!! [MT5_RETRY_1] Order failed: Invalid volume (Code: 10014)
 !!! [MT5_RETRY_2] Order failed: Invalid volume (Code: 10014)
[2026-05-06 09:16:00,670] ERROR:  !!! [MT5_RETRY_2] Order failed: Invalid volume (Code: 10014)
[2026-05-06 09:16:00,670] INFO:  >> [DEDUPLICATION] JP225 BUY signal suppressed (Duplicate).
[2026-05-06 09:16:00,670] ERROR:  >> [FAILED] JP225 BUY execution failed on Trial account.
[2026-05-06 09:16:00,678] INFO: SCANNING: DE30 | PRICE: 24523.60 | BIAS: BEARISH | ER: 0.3 | VEL: 1.84
[2026-05-06 09:16:00,678] INFO:  >> [GUARD] DE30 position already active. Skipping.
 !!! [MT5_RETRY_0] Order failed: Invalid volume (Code: 10014)
[2026-05-06 09:16:00,684] ERROR:  !!! [MT5_RETRY_0] Order failed: Invalid volume (Code: 10014)
 !!! [MT5_RETRY_1] Order failed: Invalid volume (Code: 10014)
[2026-05-06 09:16:00,685] ERROR:  !!! [MT5_RETRY_1] Order failed: Invalid volume (Code: 10014)
 !!! [MT5_RETRY_2] Order failed: Invalid volume (Code: 10014)
[2026-05-06 09:16:00,686] ERROR:  !!! [MT5_RETRY_2] Order failed: Invalid volume (Code: 10014)
[2026-05-06 09:16:11,018] INFO: SCANNING: JP225 | PRICE: 61069.60 | BIAS: BULLISH | ER: 0.37 | VEL: 2.2
[2026-05-06 09:16:12,114] INFO:  >> [VETERANCY] ALPHA Rank 2 detected. Applying 2x multiplier.
[2026-05-06 09:16:12,114] WARNING:  !! [SAFETY_CLAMP] Capping 0.06 -> 0.05 for JP225
[2026-05-06 09:16:12,114] INFO: VAULT_PASS [ALPHA]: JP225 0.05 (Risk: 1.170%)
[2026-05-06 09:16:12,114] INFO:  >> [EMPIRICAL] Using Optimized Targets: SL 1.0x | TP 2.0x
[2026-05-06 09:16:12,320] INFO:  !! [SAFETY_PASS] ALPHA validated for JP225 BUY 0.05
[2026-05-06 09:16:12,362] INFO:  >> [ALPHA_STRIKE] Safety Verified. Executing BUY JP225 @ 61069.6 | LOT: 0.05 | SL: 60851.52857142857 | TP: 61505.74285714286
 !!! [MT5_RETRY_0] Order failed: Invalid volume (Code: 10014)
[2026-05-06 09:16:12,365] ERROR:  !!! [MT5_RETRY_0] Order failed: Invalid volume (Code: 10014)
 !!! [MT5_RETRY_1] Order failed: Invalid volume (Code: 10014)
[2026-05-06 09:16:12,365] ERROR:  !!! [MT5_RETRY_1] Order failed: Invalid volume (Code: 10014)
 !!! [MT5_RETRY_2] Order failed: Invalid volume (Code: 10014)
[2026-05-06 09:16:12,367] ERROR:  !!! [MT5_RETRY_2] Order failed: Invalid volume (Code: 10014)
[2026-05-06 09:16:12,367] INFO:  >> [DEDUPLICATION] JP225 BUY signal suppressed (Duplicate).
[2026-05-06 09:16:12,369] ERROR:  >> [FAILED] JP225 BUY execution failed on Trial account.
[2026-05-06 09:16:12,394] INFO: SCANNING: DE30 | PRICE: 24522.70 | BIAS: BEARISH | ER: 0.3 | VEL: 1.88
[2026-05-06 09:16:12,394] INFO:  >> [GUARD] DE30 position already active. Skipping.
 !!! [MT5_RETRY_0] Order failed: Invalid volume (Code: 10014)
[2026-05-06 09:16:12,410] ERROR:  !!! [MT5_RETRY_0] Order failed: Invalid volume (Code: 10014)
 !!! [MT5_RETRY_1] Order failed: Invalid volume (Code: 10014)
[2026-05-06 09:16:12,412] ERROR:  !!! [MT5_RETRY_1] Order failed: Invalid volume (Code: 10014)
 !!! [MT5_RETRY_2] Order failed: Invalid volume (Code: 10014)
[2026-05-06 09:16:12,413] ERROR:  !!! [MT5_RETRY_2] Order failed: Invalid volume (Code: 10014)
[2026-05-06 09:16:22,712] INFO: SCANNING: JP225 | PRICE: 61083.60 | BIAS: BULLISH | ER: 0.39 | VEL: 2.07
[2026-05-06 09:16:23,790] INFO:  >> [VETERANCY] ALPHA Rank 2 detected. Applying 2x multiplier.
[2026-05-06 09:16:23,792] WARNING:  !! [SAFETY_CLAMP] Capping 0.06 -> 0.05 for JP225
[2026-05-06 09:16:23,792] INFO: VAULT_PASS [ALPHA]: JP225 0.05 (Risk: 1.170%)
[2026-05-06 09:16:23,792] INFO:  >> [EMPIRICAL] Using Optimized Targets: SL 1.0x | TP 2.0x
[2026-05-06 09:16:23,998] INFO:  !! [SAFETY_PASS] ALPHA validated for JP225 BUY 0.05
[2026-05-06 09:16:24,001] INFO:  >> [ALPHA_STRIKE] Safety Verified. Executing BUY JP225 @ 61083.6 | LOT: 0.05 | SL: 60865.52857142857 | TP: 61519.74285714286
 !!! [MT5_RETRY_0] Order failed: Invalid volume (Code: 10014)
[2026-05-06 09:16:24,001] ERROR:  !!! [MT5_RETRY_0] Order failed: Invalid volume (Code: 10014)
 !!! [MT5_RETRY_1] Order failed: Invalid volume (Code: 10014)
[2026-05-06 09:16:24,001] ERROR:  !!! [MT5_RETRY_1] Order failed: Invalid volume (Code: 10014)
 !!! [MT5_RETRY_2] Order failed: Invalid volume (Code: 10014)
[2026-05-06 09:16:24,001] ERROR:  !!! [MT5_RETRY_2] Order failed: Invalid volume (Code: 10014)
[2026-05-06 09:16:24,001] INFO:  >> [DEDUPLICATION] JP225 BUY signal suppressed (Duplicate).
[2026-05-06 09:16:24,002] ERROR:  >> [FAILED] JP225 BUY execution failed on Trial account.
[2026-05-06 09:16:24,008] INFO: SCANNING: DE30 | PRICE: 24524.80 | BIAS: BEARISH | ER: 0.3 | VEL: 1.77
[2026-05-06 09:16:24,008] INFO:  >> [GUARD] DE30 position already active. Skipping.
 !!! [MT5_RETRY_0] Order failed: Invalid volume (Code: 10014)
[2026-05-06 09:16:24,015] ERROR:  !!! [MT5_RETRY_0] Order failed: Invalid volume (Code: 10014)
 !!! [MT5_RETRY_1] Order failed: Invalid volume (Code: 10014)
[2026-05-06 09:16:24,015] ERROR:  !!! [MT5_RETRY_1] Order failed: Invalid volume (Code: 10014)
 !!! [MT5_RETRY_2] Order failed: Invalid volume (Code: 10014)
[2026-05-06 09:16:24,016] ERROR:  !!! [MT5_RETRY_2] Order failed: Invalid volume (Code: 10014)
[2026-05-06 09:16:34,314] INFO: SCANNING: JP225 | PRICE: 61084.00 | BIAS: BULLISH | ER: 0.39 | VEL: 2.05
[2026-05-06 09:16:35,413] INFO:  >> [VETERANCY] ALPHA Rank 2 detected. Applying 2x multiplier.
[2026-05-06 09:16:35,415] WARNING:  !! [SAFETY_CLAMP] Capping 0.06 -> 0.05 for JP225
[2026-05-06 09:16:35,415] INFO: VAULT_PASS [ALPHA]: JP225 0.05 (Risk: 1.160%)
[2026-05-06 09:16:35,415] INFO:  >> [EMPIRICAL] Using Optimized Targets: SL 1.0x | TP 2.0x
[2026-05-06 09:16:35,624] INFO:  !! [SAFETY_PASS] ALPHA validated for JP225 BUY 0.05
[2026-05-06 09:16:35,660] INFO:  >> [ALPHA_STRIKE] Safety Verified. Executing BUY JP225 @ 61084.0 | LOT: 0.05 | SL: 60865.92857142857 | TP: 61520.14285714286
 !!! [MT5_RETRY_0] Order failed: Invalid volume (Code: 10014)
[2026-05-06 09:16:35,660] ERROR:  !!! [MT5_RETRY_0] Order failed: Invalid volume (Code: 10014)
 !!! [MT5_RETRY_1] Order failed: Invalid volume (Code: 10014)
[2026-05-06 09:16:35,660] ERROR:  !!! [MT5_RETRY_1] Order failed: Invalid volume (Code: 10014)
 !!! [MT5_RETRY_2] Order failed: Invalid volume (Code: 10014)
[2026-05-06 09:16:35,662] ERROR:  !!! [MT5_RETRY_2] Order failed: Invalid volume (Code: 10014)
[2026-05-06 09:16:35,662] INFO:  >> [DEDUPLICATION] JP225 BUY signal suppressed (Duplicate).
[2026-05-06 09:16:35,662] ERROR:  >> [FAILED] JP225 BUY execution failed on Trial account.
[2026-05-06 09:16:35,669] INFO: SCANNING: DE30 | PRICE: 24524.40 | BIAS: BEARISH | ER: 0.3 | VEL: 1.78
[2026-05-06 09:16:35,669] INFO:  >> [GUARD] DE30 position already active. Skipping.
 !!! [MT5_RETRY_0] Order failed: Invalid volume (Code: 10014)
[2026-05-06 09:16:35,676] ERROR:  !!! [MT5_RETRY_0] Order failed: Invalid volume (Code: 10014)
 !!! [MT5_RETRY_1] Order failed: Invalid volume (Code: 10014)
[2026-05-06 09:16:35,677] ERROR:  !!! [MT5_RETRY_1] Order failed: Invalid volume (Code: 10014)
 !!! [MT5_RETRY_2] Order failed: Invalid volume (Code: 10014)
[2026-05-06 09:16:35,677] ERROR:  !!! [MT5_RETRY_2] Order failed: Invalid volume (Code: 10014)
[2026-05-06 09:16:46,013] INFO: SCANNING: JP225 | PRICE: 61087.00 | BIAS: BULLISH | ER: 0.39 | VEL: 2.02
[2026-05-06 09:16:47,126] INFO:  >> [VETERANCY] ALPHA Rank 2 detected. Applying 2x multiplier.
[2026-05-06 09:16:47,126] WARNING:  !! [SAFETY_CLAMP] Capping 0.06 -> 0.05 for JP225
[2026-05-06 09:16:47,126] INFO: VAULT_PASS [ALPHA]: JP225 0.05 (Risk: 1.160%)
[2026-05-06 09:16:47,126] INFO:  >> [EMPIRICAL] Using Optimized Targets: SL 1.0x | TP 2.0x
[2026-05-06 09:16:47,335] INFO:  !! [SAFETY_PASS] ALPHA validated for JP225 BUY 0.05
[2026-05-06 09:16:47,373] INFO:  >> [ALPHA_STRIKE] Safety Verified. Executing BUY JP225 @ 61087.0 | LOT: 0.05 | SL: 60868.92857142857 | TP: 61523.14285714286
 !!! [MT5_RETRY_0] Order failed: Invalid volume (Code: 10014)
[2026-05-06 09:16:47,374] ERROR:  !!! [MT5_RETRY_0] Order failed: Invalid volume (Code: 10014)
 !!! [MT5_RETRY_1] Order failed: Invalid volume (Code: 10014)
[2026-05-06 09:16:47,374] ERROR:  !!! [MT5_RETRY_1] Order failed: Invalid volume (Code: 10014)
 !!! [MT5_RETRY_2] Order failed: Invalid volume (Code: 10014)
[2026-05-06 09:16:47,374] ERROR:  !!! [MT5_RETRY_2] Order failed: Invalid volume (Code: 10014)
[2026-05-06 09:16:47,374] INFO:  >> [DEDUPLICATION] JP225 BUY signal suppressed (Duplicate).
[2026-05-06 09:16:47,374] ERROR:  >> [FAILED] JP225 BUY execution failed on Trial account.
[2026-05-06 09:16:47,381] INFO: SCANNING: DE30 | PRICE: 24525.00 | BIAS: BEARISH | ER: 0.3 | VEL: 1.75
[2026-05-06 09:16:47,381] INFO:  >> [GUARD] DE30 position already active. Skipping.
 !!! [MT5_RETRY_0] Order failed: Invalid volume (Code: 10014)
[2026-05-06 09:16:47,388] ERROR:  !!! [MT5_RETRY_0] Order failed: Invalid volume (Code: 10014)
 !!! [MT5_RETRY_1] Order failed: Invalid volume (Code: 10014)
[2026-05-06 09:16:47,388] ERROR:  !!! [MT5_RETRY_1] Order failed: Invalid volume (Code: 10014)
 !!! [MT5_RETRY_2] Order failed: Invalid volume (Code: 10014)
[2026-05-06 09:16:47,388] ERROR:  !!! [MT5_RETRY_2] Order failed: Invalid volume (Code: 10014)
[2026-05-06 09:16:57,726] INFO: SCANNING: JP225 | PRICE: 61076.40 | BIAS: BULLISH | ER: 0.38 | VEL: 2.11
[2026-05-06 09:16:58,797] INFO:  >> [VETERANCY] ALPHA Rank 2 detected. Applying 2x multiplier.
[2026-05-06 09:16:58,797] WARNING:  !! [SAFETY_CLAMP] Capping 0.06 -> 0.05 for JP225
[2026-05-06 09:16:58,797] INFO: VAULT_PASS [ALPHA]: JP225 0.05 (Risk: 1.160%)
[2026-05-06 09:16:58,797] INFO:  >> [EMPIRICAL] Using Optimized Targets: SL 1.0x | TP 2.0x
[2026-05-06 09:16:59,009] INFO:  !! [SAFETY_PASS] ALPHA validated for JP225 BUY 0.05
[2026-05-06 09:16:59,046] INFO:  >> [ALPHA_STRIKE] Safety Verified. Executing BUY JP225 @ 61076.4 | LOT: 0.05 | SL: 60858.328571428574 | TP: 61512.542857142864
 !!! [MT5_RETRY_0] Order failed: Invalid volume (Code: 10014)
[2026-05-06 09:16:59,047] ERROR:  !!! [MT5_RETRY_0] Order failed: Invalid volume (Code: 10014)
 !!! [MT5_RETRY_1] Order failed: Invalid volume (Code: 10014)
[2026-05-06 09:16:59,047] ERROR:  !!! [MT5_RETRY_1] Order failed: Invalid volume (Code: 10014)
 !!! [MT5_RETRY_2] Order failed: Invalid volume (Code: 10014)
[2026-05-06 09:16:59,047] ERROR:  !!! [MT5_RETRY_2] Order failed: Invalid volume (Code: 10014)
[2026-05-06 09:16:59,047] INFO:  >> [DEDUPLICATION] JP225 BUY signal suppressed (Duplicate).
[2026-05-06 09:16:59,047] ERROR:  >> [FAILED] JP225 BUY execution failed on Trial account.
[2026-05-06 09:16:59,057] INFO: SCANNING: DE30 | PRICE: 24523.60 | BIAS: BEARISH | ER: 0.3 | VEL: 1.81
[2026-05-06 09:16:59,057] INFO:  >> [GUARD] DE30 position already active. Skipping.
 !!! [MT5_RETRY_0] Order failed: Invalid volume (Code: 10014)
[2026-05-06 09:16:59,063] ERROR:  !!! [MT5_RETRY_0] Order failed: Invalid volume (Code: 10014)
 !!! [MT5_RETRY_1] Order failed: Invalid volume (Code: 10014)
[2026-05-06 09:16:59,064] ERROR:  !!! [MT5_RETRY_1] Order failed: Invalid volume (Code: 10014)
 !!! [MT5_RETRY_2] Order failed: Invalid volume (Code: 10014)
[2026-05-06 09:16:59,064] ERROR:  !!! [MT5_RETRY_2] Order failed: Invalid volume (Code: 10014)
[2026-05-06 09:17:09,396] INFO: SCANNING: JP225 | PRICE: 61076.10 | BIAS: BULLISH | ER: 0.38 | VEL: 2.11
[2026-05-06 09:17:10,476] INFO:  >> [VETERANCY] ALPHA Rank 2 detected. Applying 2x multiplier.
[2026-05-06 09:17:10,478] WARNING:  !! [SAFETY_CLAMP] Capping 0.06 -> 0.05 for JP225
[2026-05-06 09:17:10,478] INFO: VAULT_PASS [ALPHA]: JP225 0.05 (Risk: 1.160%)
[2026-05-06 09:17:10,478] INFO:  >> [EMPIRICAL] Using Optimized Targets: SL 1.0x | TP 2.0x
[2026-05-06 09:17:10,685] INFO:  !! [SAFETY_PASS] ALPHA validated for JP225 BUY 0.05
[2026-05-06 09:17:10,723] INFO:  >> [ALPHA_STRIKE] Safety Verified. Executing BUY JP225 @ 61076.1 | LOT: 0.05 | SL: 60858.02857142857 | TP: 61512.24285714286
 !!! [MT5_RETRY_0] Order failed: Invalid volume (Code: 10014)
[2026-05-06 09:17:10,723] ERROR:  !!! [MT5_RETRY_0] Order failed: Invalid volume (Code: 10014)
 !!! [MT5_RETRY_1] Order failed: Invalid volume (Code: 10014)
[2026-05-06 09:17:10,725] ERROR:  !!! [MT5_RETRY_1] Order failed: Invalid volume (Code: 10014)
 !!! [MT5_RETRY_2] Order failed: Invalid volume (Code: 10014)
[2026-05-06 09:17:10,725] ERROR:  !!! [MT5_RETRY_2] Order failed: Invalid volume (Code: 10014)
[2026-05-06 09:17:10,725] INFO:  >> [DEDUPLICATION] JP225 BUY signal suppressed (Duplicate).
[2026-05-06 09:17:10,725] ERROR:  >> [FAILED] JP225 BUY execution failed on Trial account.
[2026-05-06 09:17:10,733] INFO: SCANNING: DE30 | PRICE: 24525.00 | BIAS: BEARISH | ER: 0.3 | VEL: 1.75
[2026-05-06 09:17:10,733] INFO:  >> [GUARD] DE30 position already active. Skipping.
 !!! [MT5_RETRY_0] Order failed: Invalid volume (Code: 10014)
[2026-05-06 09:17:10,739] ERROR:  !!! [MT5_RETRY_0] Order failed: Invalid volume (Code: 10014)
 !!! [MT5_RETRY_1] Order failed: Invalid volume (Code: 10014)
[2026-05-06 09:17:10,740] ERROR:  !!! [MT5_RETRY_1] Order failed: Invalid volume (Code: 10014)
 !!! [MT5_RETRY_2] Order failed: Invalid volume (Code: 10014)
[2026-05-06 09:17:10,740] ERROR:  !!! [MT5_RETRY_2] Order failed: Invalid volume (Code: 10014)
[2026-05-06 09:17:21,086] INFO: SCANNING: JP225 | PRICE: 61080.80 | BIAS: BULLISH | ER: 0.38 | VEL: 2.07
[2026-05-06 09:17:22,258] INFO:  >> [VETERANCY] ALPHA Rank 2 detected. Applying 2x multiplier.
[2026-05-06 09:17:22,258] WARNING:  !! [SAFETY_CLAMP] Capping 0.06 -> 0.05 for JP225
[2026-05-06 09:17:22,258] INFO: VAULT_PASS [ALPHA]: JP225 0.05 (Risk: 1.160%)
[2026-05-06 09:17:22,258] INFO:  >> [EMPIRICAL] Using Optimized Targets: SL 1.0x | TP 2.0x
[2026-05-06 09:17:22,466] INFO:  !! [SAFETY_PASS] ALPHA validated for JP225 BUY 0.05
[2026-05-06 09:17:22,473] INFO:  >> [ALPHA_STRIKE] Safety Verified. Executing BUY JP225 @ 61080.8 | LOT: 0.05 | SL: 60862.728571428575 | TP: 61516.942857142865
 !!! [MT5_RETRY_0] Order failed: Invalid volume (Code: 10014)
[2026-05-06 09:17:22,473] ERROR:  !!! [MT5_RETRY_0] Order failed: Invalid volume (Code: 10014)
 !!! [MT5_RETRY_1] Order failed: Invalid volume (Code: 10014)
[2026-05-06 09:17:22,475] ERROR:  !!! [MT5_RETRY_1] Order failed: Invalid volume (Code: 10014)
 !!! [MT5_RETRY_2] Order failed: Invalid volume (Code: 10014)
[2026-05-06 09:17:22,475] ERROR:  !!! [MT5_RETRY_2] Order failed: Invalid volume (Code: 10014)
[2026-05-06 09:17:22,475] INFO:  >> [DEDUPLICATION] JP225 BUY signal suppressed (Duplicate).
[2026-05-06 09:17:22,475] ERROR:  >> [FAILED] JP225 BUY execution failed on Trial account.
[2026-05-06 09:17:22,484] INFO: SCANNING: DE30 | PRICE: 24525.00 | BIAS: BEARISH | ER: 0.3 | VEL: 1.75
[2026-05-06 09:17:22,485] INFO:  >> [GUARD] DE30 position already active. Skipping.
 !!! [MT5_RETRY_0] Order failed: Invalid volume (Code: 10014)
[2026-05-06 09:17:22,492] ERROR:  !!! [MT5_RETRY_0] Order failed: Invalid volume (Code: 10014)
 !!! [MT5_RETRY_1] Order failed: Invalid volume (Code: 10014)
[2026-05-06 09:17:22,492] ERROR:  !!! [MT5_RETRY_1] Order failed: Invalid volume (Code: 10014)
 !!! [MT5_RETRY_2] Order failed: Invalid volume (Code: 10014)
[2026-05-06 09:17:22,492] ERROR:  !!! [MT5_RETRY_2] Order failed: Invalid volume (Code: 10014)
[2026-05-06 09:17:32,800] INFO: SCANNING: JP225 | PRICE: 61069.60 | BIAS: BULLISH | ER: 0.37 | VEL: 2.16
[2026-05-06 09:17:33,979] INFO:  >> [VETERANCY] ALPHA Rank 2 detected. Applying 2x multiplier.
[2026-05-06 09:17:33,979] WARNING:  !! [SAFETY_CLAMP] Capping 0.06 -> 0.05 for JP225
[2026-05-06 09:17:33,979] INFO: VAULT_PASS [ALPHA]: JP225 0.05 (Risk: 1.170%)
[2026-05-06 09:17:33,979] INFO:  >> [EMPIRICAL] Using Optimized Targets: SL 1.0x | TP 2.0x
[2026-05-06 09:17:34,187] INFO:  !! [SAFETY_PASS] ALPHA validated for JP225 BUY 0.05
[2026-05-06 09:17:34,192] INFO:  >> [ALPHA_STRIKE] Safety Verified. Executing BUY JP225 @ 61069.6 | LOT: 0.05 | SL: 60851.52857142857 | TP: 61505.74285714286
 !!! [MT5_RETRY_0] Order failed: Invalid volume (Code: 10014)
[2026-05-06 09:17:34,194] ERROR:  !!! [MT5_RETRY_0] Order failed: Invalid volume (Code: 10014)
 !!! [MT5_RETRY_1] Order failed: Invalid volume (Code: 10014)
[2026-05-06 09:17:34,194] ERROR:  !!! [MT5_RETRY_1] Order failed: Invalid volume (Code: 10014)
 !!! [MT5_RETRY_2] Order failed: Invalid volume (Code: 10014)
[2026-05-06 09:17:34,195] ERROR:  !!! [MT5_RETRY_2] Order failed: Invalid volume (Code: 10014)
[2026-05-06 09:17:34,195] INFO:  >> [DEDUPLICATION] JP225 BUY signal suppressed (Duplicate).
[2026-05-06 09:17:34,195] ERROR:  >> [FAILED] JP225 BUY execution failed on Trial account.
[2026-05-06 09:17:34,203] INFO: SCANNING: DE30 | PRICE: 24525.50 | BIAS: BEARISH | ER: 0.3 | VEL: 1.72
[2026-05-06 09:17:34,203] INFO:  >> [GUARD] DE30 position already active. Skipping.
 !!! [MT5_RETRY_0] Order failed: Invalid volume (Code: 10014)
[2026-05-06 09:17:34,210] ERROR:  !!! [MT5_RETRY_0] Order failed: Invalid volume (Code: 10014)
 !!! [MT5_RETRY_1] Order failed: Invalid volume (Code: 10014)
[2026-05-06 09:17:34,211] ERROR:  !!! [MT5_RETRY_1] Order failed: Invalid volume (Code: 10014)
 !!! [MT5_RETRY_2] Order failed: Invalid volume (Code: 10014)
[2026-05-06 09:17:34,212] ERROR:  !!! [MT5_RETRY_2] Order failed: Invalid volume (Code: 10014)
[2026-05-06 09:17:44,541] INFO: SCANNING: JP225 | PRICE: 61071.10 | BIAS: BULLISH | ER: 0.37 | VEL: 2.15
[2026-05-06 09:17:45,704] INFO:  >> [VETERANCY] ALPHA Rank 2 detected. Applying 2x multiplier.
[2026-05-06 09:17:45,704] WARNING:  !! [SAFETY_CLAMP] Capping 0.06 -> 0.05 for JP225
[2026-05-06 09:17:45,704] INFO: VAULT_PASS [ALPHA]: JP225 0.05 (Risk: 1.170%)
[2026-05-06 09:17:45,704] INFO:  >> [EMPIRICAL] Using Optimized Targets: SL 1.0x | TP 2.0x
[2026-05-06 09:17:45,913] INFO:  !! [SAFETY_PASS] ALPHA validated for JP225 BUY 0.05
[2026-05-06 09:17:45,916] INFO:  >> [ALPHA_STRIKE] Safety Verified. Executing BUY JP225 @ 61071.1 | LOT: 0.05 | SL: 60853.02857142857 | TP: 61507.24285714286
 !!! [MT5_RETRY_0] Order failed: Invalid volume (Code: 10014)
[2026-05-06 09:17:45,916] ERROR:  !!! [MT5_RETRY_0] Order failed: Invalid volume (Code: 10014)
 !!! [MT5_RETRY_1] Order failed: Invalid volume (Code: 10014)
[2026-05-06 09:17:45,917] ERROR:  !!! [MT5_RETRY_1] Order failed: Invalid volume (Code: 10014)
 !!! [MT5_RETRY_2] Order failed: Invalid volume (Code: 10014)
[2026-05-06 09:17:45,917] ERROR:  !!! [MT5_RETRY_2] Order failed: Invalid volume (Code: 10014)
[2026-05-06 09:17:45,917] INFO:  >> [DEDUPLICATION] JP225 BUY signal suppressed (Duplicate).
[2026-05-06 09:17:45,917] ERROR:  >> [FAILED] JP225 BUY execution failed on Trial account.
[2026-05-06 09:17:45,925] INFO: SCANNING: DE30 | PRICE: 24525.00 | BIAS: BEARISH | ER: 0.3 | VEL: 1.75
[2026-05-06 09:17:45,925] INFO:  >> [GUARD] DE30 position already active. Skipping.
 !!! [MT5_RETRY_0] Order failed: Invalid volume (Code: 10014)
[2026-05-06 09:17:45,931] ERROR:  !!! [MT5_RETRY_0] Order failed: Invalid volume (Code: 10014)
 !!! [MT5_RETRY_1] Order failed: Invalid volume (Code: 10014)
[2026-05-06 09:17:45,932] ERROR:  !!! [MT5_RETRY_1] Order failed: Invalid volume (Code: 10014)
 !!! [MT5_RETRY_2] Order failed: Invalid volume (Code: 10014)
[2026-05-06 09:17:45,932] ERROR:  !!! [MT5_RETRY_2] Order failed: Invalid volume (Code: 10014)
[2026-05-06 09:17:56,231] INFO: SCANNING: JP225 | PRICE: 61064.60 | BIAS: BULLISH | ER: 0.37 | VEL: 2.2
[2026-05-06 09:17:57,391] INFO:  >> [VETERANCY] ALPHA Rank 2 detected. Applying 2x multiplier.
[2026-05-06 09:17:57,391] WARNING:  !! [SAFETY_CLAMP] Capping 0.06 -> 0.05 for JP225
[2026-05-06 09:17:57,393] INFO: VAULT_PASS [ALPHA]: JP225 0.05 (Risk: 1.180%)
[2026-05-06 09:17:57,393] INFO:  >> [EMPIRICAL] Using Optimized Targets: SL 1.0x | TP 2.0x
[2026-05-06 09:17:57,622] INFO:  !! [SAFETY_PASS] ALPHA validated for JP225 BUY 0.05
[2026-05-06 09:17:57,696] INFO:  >> [ALPHA_STRIKE] Safety Verified. Executing BUY JP225 @ 61064.6 | LOT: 0.05 | SL: 60846.52857142857 | TP: 61500.74285714286
 !!! [MT5_RETRY_0] Order failed: Invalid volume (Code: 10014)
[2026-05-06 09:17:57,696] ERROR:  !!! [MT5_RETRY_0] Order failed: Invalid volume (Code: 10014)
 !!! [MT5_RETRY_1] Order failed: Invalid volume (Code: 10014)
[2026-05-06 09:17:57,696] ERROR:  !!! [MT5_RETRY_1] Order failed: Invalid volume (Code: 10014)
 !!! [MT5_RETRY_2] Order failed: Invalid volume (Code: 10014)
[2026-05-06 09:17:57,697] ERROR:  !!! [MT5_RETRY_2] Order failed: Invalid volume (Code: 10014)
[2026-05-06 09:17:57,697] INFO:  >> [DEDUPLICATION] JP225 BUY signal suppressed (Duplicate).
[2026-05-06 09:17:57,697] ERROR:  >> [FAILED] JP225 BUY execution failed on Trial account.
[2026-05-06 09:17:57,705] INFO: SCANNING: DE30 | PRICE: 24525.70 | BIAS: BEARISH | ER: 0.3 | VEL: 1.71
[2026-05-06 09:17:57,705] INFO:  >> [GUARD] DE30 position already active. Skipping.
 !!! [MT5_RETRY_0] Order failed: Invalid volume (Code: 10014)
[2026-05-06 09:17:57,712] ERROR:  !!! [MT5_RETRY_0] Order failed: Invalid volume (Code: 10014)
 !!! [MT5_RETRY_1] Order failed: Invalid volume (Code: 10014)
[2026-05-06 09:17:57,712] ERROR:  !!! [MT5_RETRY_1] Order failed: Invalid volume (Code: 10014)
 !!! [MT5_RETRY_2] Order failed: Invalid volume (Code: 10014)
[2026-05-06 09:17:57,712] ERROR:  !!! [MT5_RETRY_2] Order failed: Invalid volume (Code: 10014)
[2026-05-06 09:18:08,051] INFO: SCANNING: JP225 | PRICE: 61077.00 | BIAS: BULLISH | ER: 0.38 | VEL: 2.1
[2026-05-06 09:18:09,204] INFO:  >> [VETERANCY] ALPHA Rank 2 detected. Applying 2x multiplier.
[2026-05-06 09:18:09,204] WARNING:  !! [SAFETY_CLAMP] Capping 0.06 -> 0.05 for JP225
[2026-05-06 09:18:09,204] INFO: VAULT_PASS [ALPHA]: JP225 0.05 (Risk: 1.180%)
[2026-05-06 09:18:09,204] INFO:  >> [EMPIRICAL] Using Optimized Targets: SL 1.0x | TP 2.0x
[2026-05-06 09:18:09,414] INFO:  !! [SAFETY_PASS] ALPHA validated for JP225 BUY 0.05
[2026-05-06 09:18:09,424] INFO:  >> [ALPHA_STRIKE] Safety Verified. Executing BUY JP225 @ 61077.0 | LOT: 0.05 | SL: 60858.92857142857 | TP: 61513.14285714286
 !!! [MT5_RETRY_0] Order failed: Invalid volume (Code: 10014)
[2026-05-06 09:18:09,426] ERROR:  !!! [MT5_RETRY_0] Order failed: Invalid volume (Code: 10014)
 !!! [MT5_RETRY_1] Order failed: Invalid volume (Code: 10014)
[2026-05-06 09:18:09,427] ERROR:  !!! [MT5_RETRY_1] Order failed: Invalid volume (Code: 10014)
 !!! [MT5_RETRY_2] Order failed: Invalid volume (Code: 10014)
[2026-05-06 09:18:09,429] ERROR:  !!! [MT5_RETRY_2] Order failed: Invalid volume (Code: 10014)
[2026-05-06 09:18:09,429] INFO:  >> [DEDUPLICATION] JP225 BUY signal suppressed (Duplicate).
[2026-05-06 09:18:09,430] ERROR:  >> [FAILED] JP225 BUY execution failed on Trial account.
[2026-05-06 09:18:09,458] INFO: SCANNING: DE30 | PRICE: 24525.00 | BIAS: BEARISH | ER: 0.3 | VEL: 1.75
[2026-05-06 09:18:09,459] INFO:  >> [GUARD] DE30 position already active. Skipping.
 !!! [MT5_RETRY_0] Order failed: Invalid volume (Code: 10014)
[2026-05-06 09:18:09,475] ERROR:  !!! [MT5_RETRY_0] Order failed: Invalid volume (Code: 10014)
 !!! [MT5_RETRY_1] Order failed: Invalid volume (Code: 10014)
[2026-05-06 09:18:09,477] ERROR:  !!! [MT5_RETRY_1] Order failed: Invalid volume (Code: 10014)
 !!! [MT5_RETRY_2] Order failed: Invalid volume (Code: 10014)
[2026-05-06 09:18:09,477] ERROR:  !!! [MT5_RETRY_2] Order failed: Invalid volume (Code: 10014)
[2026-05-06 09:18:19,783] INFO: SCANNING: JP225 | PRICE: 61081.70 | BIAS: BULLISH | ER: 0.38 | VEL: 2.05
[2026-05-06 09:18:20,865] INFO:  >> [VETERANCY] ALPHA Rank 2 detected. Applying 2x multiplier.
[2026-05-06 09:18:20,865] WARNING:  !! [SAFETY_CLAMP] Capping 0.06 -> 0.05 for JP225
[2026-05-06 09:18:20,865] INFO: VAULT_PASS [ALPHA]: JP225 0.05 (Risk: 1.180%)
[2026-05-06 09:18:20,865] INFO:  >> [EMPIRICAL] Using Optimized Targets: SL 1.0x | TP 2.0x
[2026-05-06 09:18:21,072] INFO:  !! [SAFETY_PASS] ALPHA validated for JP225 BUY 0.05
[2026-05-06 09:18:21,077] INFO:  >> [ALPHA_STRIKE] Safety Verified. Executing BUY JP225 @ 61081.7 | LOT: 0.05 | SL: 60863.62857142857 | TP: 61517.84285714286
 !!! [MT5_RETRY_0] Order failed: Invalid volume (Code: 10014)
[2026-05-06 09:18:21,077] ERROR:  !!! [MT5_RETRY_0] Order failed: Invalid volume (Code: 10014)
 !!! [MT5_RETRY_1] Order failed: Invalid volume (Code: 10014)
[2026-05-06 09:18:21,077] ERROR:  !!! [MT5_RETRY_1] Order failed: Invalid volume (Code: 10014)
 !!! [MT5_RETRY_2] Order failed: Invalid volume (Code: 10014)
[2026-05-06 09:18:21,077] ERROR:  !!! [MT5_RETRY_2] Order failed: Invalid volume (Code: 10014)
[2026-05-06 09:18:21,077] INFO:  >> [DEDUPLICATION] JP225 BUY signal suppressed (Duplicate).
[2026-05-06 09:18:21,077] ERROR:  >> [FAILED] JP225 BUY execution failed on Trial account.
[2026-05-06 09:18:21,086] INFO: SCANNING: DE30 | PRICE: 24527.70 | BIAS: BEARISH | ER: 0.29 | VEL: 1.58
[2026-05-06 09:18:21,086] INFO:  >> [GUARD] DE30 position already active. Skipping.
 !!! [MT5_RETRY_0] Order failed: Invalid volume (Code: 10014)
[2026-05-06 09:18:21,093] ERROR:  !!! [MT5_RETRY_0] Order failed: Invalid volume (Code: 10014)
 !!! [MT5_RETRY_1] Order failed: Invalid volume (Code: 10014)
[2026-05-06 09:18:21,093] ERROR:  !!! [MT5_RETRY_1] Order failed: Invalid volume (Code: 10014)
 !!! [MT5_RETRY_2] Order failed: Invalid volume (Code: 10014)
[2026-05-06 09:18:21,093] ERROR:  !!! [MT5_RETRY_2] Order failed: Invalid volume (Code: 10014)
[2026-05-06 09:18:31,427] INFO: SCANNING: JP225 | PRICE: 61074.70 | BIAS: BULLISH | ER: 0.38 | VEL: 2.11
[2026-05-06 09:18:32,498] INFO:  >> [VETERANCY] ALPHA Rank 2 detected. Applying 2x multiplier.
[2026-05-06 09:18:32,500] WARNING:  !! [SAFETY_CLAMP] Capping 0.06 -> 0.05 for JP225
[2026-05-06 09:18:32,500] INFO: VAULT_PASS [ALPHA]: JP225 0.05 (Risk: 1.170%)
[2026-05-06 09:18:32,500] INFO:  >> [EMPIRICAL] Using Optimized Targets: SL 1.0x | TP 2.0x
[2026-05-06 09:18:32,706] INFO:  !! [SAFETY_PASS] ALPHA validated for JP225 BUY 0.05
[2026-05-06 09:18:32,710] INFO:  >> [ALPHA_STRIKE] Safety Verified. Executing BUY JP225 @ 61074.7 | LOT: 0.05 | SL: 60856.62857142857 | TP: 61510.84285714286
 !!! [MT5_RETRY_0] Order failed: Invalid volume (Code: 10014)
[2026-05-06 09:18:32,710] ERROR:  !!! [MT5_RETRY_0] Order failed: Invalid volume (Code: 10014)
 !!! [MT5_RETRY_1] Order failed: Invalid volume (Code: 10014)
[2026-05-06 09:18:32,710] ERROR:  !!! [MT5_RETRY_1] Order failed: Invalid volume (Code: 10014)
 !!! [MT5_RETRY_2] Order failed: Invalid volume (Code: 10014)
[2026-05-06 09:18:32,710] ERROR:  !!! [MT5_RETRY_2] Order failed: Invalid volume (Code: 10014)
[2026-05-06 09:18:32,710] INFO:  >> [DEDUPLICATION] JP225 BUY signal suppressed (Duplicate).
[2026-05-06 09:18:32,710] ERROR:  >> [FAILED] JP225 BUY execution failed on Trial account.
[2026-05-06 09:18:32,718] INFO: SCANNING: DE30 | PRICE: 24526.70 | BIAS: BEARISH | ER: 0.29 | VEL: 1.62
[2026-05-06 09:18:32,719] INFO:  >> [GUARD] DE30 position already active. Skipping.
 !!! [MT5_RETRY_0] Order failed: Invalid volume (Code: 10014)
[2026-05-06 09:18:32,726] ERROR:  !!! [MT5_RETRY_0] Order failed: Invalid volume (Code: 10014)
 !!! [MT5_RETRY_1] Order failed: Invalid volume (Code: 10014)
[2026-05-06 09:18:32,726] ERROR:  !!! [MT5_RETRY_1] Order failed: Invalid volume (Code: 10014)
 !!! [MT5_RETRY_2] Order failed: Invalid volume (Code: 10014)
[2026-05-06 09:18:32,726] ERROR:  !!! [MT5_RETRY_2] Order failed: Invalid volume (Code: 10014)
[2026-05-06 09:18:43,065] INFO: SCANNING: JP225 | PRICE: 61077.20 | BIAS: BULLISH | ER: 0.38 | VEL: 2.09
[2026-05-06 09:18:44,215] INFO:  >> [VETERANCY] ALPHA Rank 2 detected. Applying 2x multiplier.
[2026-05-06 09:18:44,217] WARNING:  !! [SAFETY_CLAMP] Capping 0.06 -> 0.05 for JP225
[2026-05-06 09:18:44,217] INFO: VAULT_PASS [ALPHA]: JP225 0.05 (Risk: 1.180%)
[2026-05-06 09:18:44,217] INFO:  >> [EMPIRICAL] Using Optimized Targets: SL 1.0x | TP 2.0x
[2026-05-06 09:18:44,426] INFO:  !! [SAFETY_PASS] ALPHA validated for JP225 BUY 0.05
[2026-05-06 09:18:44,434] INFO:  >> [ALPHA_STRIKE] Safety Verified. Executing BUY JP225 @ 61077.2 | LOT: 0.05 | SL: 60859.12857142857 | TP: 61513.34285714286
 !!! [MT5_RETRY_0] Order failed: Invalid volume (Code: 10014)
[2026-05-06 09:18:44,435] ERROR:  !!! [MT5_RETRY_0] Order failed: Invalid volume (Code: 10014)
 !!! [MT5_RETRY_1] Order failed: Invalid volume (Code: 10014)
[2026-05-06 09:18:44,435] ERROR:  !!! [MT5_RETRY_1] Order failed: Invalid volume (Code: 10014)
 !!! [MT5_RETRY_2] Order failed: Invalid volume (Code: 10014)
[2026-05-06 09:18:44,438] ERROR:  !!! [MT5_RETRY_2] Order failed: Invalid volume (Code: 10014)
[2026-05-06 09:18:44,439] INFO:  >> [DEDUPLICATION] JP225 BUY signal suppressed (Duplicate).
[2026-05-06 09:18:44,439] ERROR:  >> [FAILED] JP225 BUY execution failed on Trial account.
[2026-05-06 09:18:44,465] INFO: SCANNING: DE30 | PRICE: 24525.90 | BIAS: BEARISH | ER: 0.3 | VEL: 1.66
[2026-05-06 09:18:44,465] INFO:  >> [GUARD] DE30 position already active. Skipping.
 !!! [MT5_RETRY_0] Order failed: Invalid volume (Code: 10014)
[2026-05-06 09:18:44,481] ERROR:  !!! [MT5_RETRY_0] Order failed: Invalid volume (Code: 10014)
 !!! [MT5_RETRY_1] Order failed: Invalid volume (Code: 10014)
[2026-05-06 09:18:44,482] ERROR:  !!! [MT5_RETRY_1] Order failed: Invalid volume (Code: 10014)
 !!! [MT5_RETRY_2] Order failed: Invalid volume (Code: 10014)
[2026-05-06 09:18:44,482] ERROR:  !!! [MT5_RETRY_2] Order failed: Invalid volume (Code: 10014)
[2026-05-06 09:18:54,786] INFO: SCANNING: JP225 | PRICE: 61082.10 | BIAS: BULLISH | ER: 0.39 | VEL: 2.05
[2026-05-06 09:18:55,893] INFO:  >> [VETERANCY] ALPHA Rank 2 detected. Applying 2x multiplier.
[2026-05-06 09:18:55,893] WARNING:  !! [SAFETY_CLAMP] Capping 0.06 -> 0.05 for JP225
[2026-05-06 09:18:55,893] INFO: VAULT_PASS [ALPHA]: JP225 0.05 (Risk: 1.180%)
[2026-05-06 09:18:55,895] INFO:  >> [EMPIRICAL] Using Optimized Targets: SL 1.0x | TP 2.0x
[2026-05-06 09:18:56,103] INFO:  !! [SAFETY_PASS] ALPHA validated for JP225 BUY 0.05
[2026-05-06 09:18:56,108] INFO:  >> [ALPHA_STRIKE] Safety Verified. Executing BUY JP225 @ 61082.1 | LOT: 0.05 | SL: 60864.02857142857 | TP: 61518.24285714286
 !!! [MT5_RETRY_0] Order failed: Invalid volume (Code: 10014)
[2026-05-06 09:18:56,108] ERROR:  !!! [MT5_RETRY_0] Order failed: Invalid volume (Code: 10014)
 !!! [MT5_RETRY_1] Order failed: Invalid volume (Code: 10014)
[2026-05-06 09:18:56,108] ERROR:  !!! [MT5_RETRY_1] Order failed: Invalid volume (Code: 10014)
 !!! [MT5_RETRY_2] Order failed: Invalid volume (Code: 10014)
[2026-05-06 09:18:56,109] ERROR:  !!! [MT5_RETRY_2] Order failed: Invalid volume (Code: 10014)
[2026-05-06 09:18:56,109] INFO:  >> [DEDUPLICATION] JP225 BUY signal suppressed (Duplicate).
[2026-05-06 09:18:56,109] ERROR:  >> [FAILED] JP225 BUY execution failed on Trial account.
[2026-05-06 09:18:56,120] INFO: SCANNING: DE30 | PRICE: 24528.00 | BIAS: BEARISH | ER: 0.29 | VEL: 1.56
[2026-05-06 09:18:56,120] INFO:  >> [GUARD] DE30 position already active. Skipping.
 !!! [MT5_RETRY_0] Order failed: Invalid volume (Code: 10014)
[2026-05-06 09:18:56,129] ERROR:  !!! [MT5_RETRY_0] Order failed: Invalid volume (Code: 10014)
 !!! [MT5_RETRY_1] Order failed: Invalid volume (Code: 10014)
[2026-05-06 09:18:56,129] ERROR:  !!! [MT5_RETRY_1] Order failed: Invalid volume (Code: 10014)
 !!! [MT5_RETRY_2] Order failed: Invalid volume (Code: 10014)
[2026-05-06 09:18:56,129] ERROR:  !!! [MT5_RETRY_2] Order failed: Invalid volume (Code: 10014)
[2026-05-06 09:19:06,486] INFO: SCANNING: JP225 | PRICE: 61084.40 | BIAS: BULLISH | ER: 0.39 | VEL: 2.03
[2026-05-06 09:19:07,606] INFO:  >> [VETERANCY] ALPHA Rank 2 detected. Applying 2x multiplier.
[2026-05-06 09:19:07,606] WARNING:  !! [SAFETY_CLAMP] Capping 0.06 -> 0.05 for JP225
[2026-05-06 09:19:07,606] INFO: VAULT_PASS [ALPHA]: JP225 0.05 (Risk: 1.180%)
[2026-05-06 09:19:07,606] INFO:  >> [EMPIRICAL] Using Optimized Targets: SL 1.0x | TP 2.0x
[2026-05-06 09:19:07,813] INFO:  !! [SAFETY_PASS] ALPHA validated for JP225 BUY 0.05
[2026-05-06 09:19:07,817] INFO:  >> [ALPHA_STRIKE] Safety Verified. Executing BUY JP225 @ 61084.4 | LOT: 0.05 | SL: 60866.328571428574 | TP: 61520.542857142864
 !!! [MT5_RETRY_0] Order failed: Invalid volume (Code: 10014)
[2026-05-06 09:19:07,817] ERROR:  !!! [MT5_RETRY_0] Order failed: Invalid volume (Code: 10014)
 !!! [MT5_RETRY_1] Order failed: Invalid volume (Code: 10014)
[2026-05-06 09:19:07,818] ERROR:  !!! [MT5_RETRY_1] Order failed: Invalid volume (Code: 10014)
 !!! [MT5_RETRY_2] Order failed: Invalid volume (Code: 10014)
[2026-05-06 09:19:07,818] ERROR:  !!! [MT5_RETRY_2] Order failed: Invalid volume (Code: 10014)
[2026-05-06 09:19:07,818] INFO:  >> [DEDUPLICATION] JP225 BUY signal suppressed (Duplicate).
[2026-05-06 09:19:07,818] ERROR:  >> [FAILED] JP225 BUY execution failed on Trial account.
[2026-05-06 09:19:07,827] INFO: SCANNING: DE30 | PRICE: 24527.90 | BIAS: BEARISH | ER: 0.29 | VEL: 1.57
[2026-05-06 09:19:07,827] INFO:  >> [GUARD] DE30 position already active. Skipping.
 !!! [MT5_RETRY_0] Order failed: Invalid volume (Code: 10014)
[2026-05-06 09:19:07,833] ERROR:  !!! [MT5_RETRY_0] Order failed: Invalid volume (Code: 10014)
 !!! [MT5_RETRY_1] Order failed: Invalid volume (Code: 10014)
[2026-05-06 09:19:07,833] ERROR:  !!! [MT5_RETRY_1] Order failed: Invalid volume (Code: 10014)
 !!! [MT5_RETRY_2] Order failed: Invalid volume (Code: 10014)
[2026-05-06 09:19:07,835] ERROR:  !!! [MT5_RETRY_2] Order failed: Invalid volume (Code: 10014)
[2026-05-06 09:19:18,168] INFO: SCANNING: JP225 | PRICE: 61083.40 | BIAS: BULLISH | ER: 0.39 | VEL: 2.04
[2026-05-06 09:19:19,244] INFO:  >> [VETERANCY] ALPHA Rank 2 detected. Applying 2x multiplier.
[2026-05-06 09:19:19,244] WARNING:  !! [SAFETY_CLAMP] Capping 0.06 -> 0.05 for JP225
[2026-05-06 09:19:19,244] INFO: VAULT_PASS [ALPHA]: JP225 0.05 (Risk: 1.180%)
[2026-05-06 09:19:19,244] INFO:  >> [EMPIRICAL] Using Optimized Targets: SL 1.0x | TP 2.0x
[2026-05-06 09:19:19,451] INFO:  !! [SAFETY_PASS] ALPHA validated for JP225 BUY 0.05
[2026-05-06 09:19:19,455] INFO:  >> [ALPHA_STRIKE] Safety Verified. Executing BUY JP225 @ 61083.4 | LOT: 0.05 | SL: 60865.328571428574 | TP: 61519.542857142864
 !!! [MT5_RETRY_0] Order failed: Invalid volume (Code: 10014)
[2026-05-06 09:19:19,455] ERROR:  !!! [MT5_RETRY_0] Order failed: Invalid volume (Code: 10014)
 !!! [MT5_RETRY_1] Order failed: Invalid volume (Code: 10014)
[2026-05-06 09:19:19,455] ERROR:  !!! [MT5_RETRY_1] Order failed: Invalid volume (Code: 10014)
 !!! [MT5_RETRY_2] Order failed: Invalid volume (Code: 10014)
[2026-05-06 09:19:19,456] ERROR:  !!! [MT5_RETRY_2] Order failed: Invalid volume (Code: 10014)
[2026-05-06 09:19:19,456] INFO:  >> [DEDUPLICATION] JP225 BUY signal suppressed (Duplicate).
[2026-05-06 09:19:19,456] ERROR:  >> [FAILED] JP225 BUY execution failed on Trial account.
[2026-05-06 09:19:19,467] INFO: SCANNING: DE30 | PRICE: 24528.00 | BIAS: BEARISH | ER: 0.29 | VEL: 1.56
[2026-05-06 09:19:19,467] INFO:  >> [GUARD] DE30 position already active. Skipping.
 !!! [MT5_RETRY_0] Order failed: Invalid volume (Code: 10014)
[2026-05-06 09:19:19,473] ERROR:  !!! [MT5_RETRY_0] Order failed: Invalid volume (Code: 10014)
 !!! [MT5_RETRY_1] Order failed: Invalid volume (Code: 10014)
[2026-05-06 09:19:19,473] ERROR:  !!! [MT5_RETRY_1] Order failed: Invalid volume (Code: 10014)
 !!! [MT5_RETRY_2] Order failed: Invalid volume (Code: 10014)
[2026-05-06 09:19:19,473] ERROR:  !!! [MT5_RETRY_2] Order failed: Invalid volume (Code: 10014)
[2026-05-06 09:19:29,773] INFO: SCANNING: JP225 | PRICE: 61086.90 | BIAS: BULLISH | ER: 0.39 | VEL: 2.01
[2026-05-06 09:19:30,891] INFO:  >> [VETERANCY] ALPHA Rank 2 detected. Applying 2x multiplier.
[2026-05-06 09:19:30,892] WARNING:  !! [SAFETY_CLAMP] Capping 0.06 -> 0.05 for JP225
[2026-05-06 09:19:30,892] INFO: VAULT_PASS [ALPHA]: JP225 0.05 (Risk: 1.170%)
[2026-05-06 09:19:30,892] INFO:  >> [EMPIRICAL] Using Optimized Targets: SL 1.0x | TP 2.0x
[2026-05-06 09:19:31,102] INFO:  !! [SAFETY_PASS] ALPHA validated for JP225 BUY 0.05
[2026-05-06 09:19:31,105] INFO:  >> [ALPHA_STRIKE] Safety Verified. Executing BUY JP225 @ 61086.9 | LOT: 0.05 | SL: 60868.828571428574 | TP: 61523.042857142864
 !!! [MT5_RETRY_0] Order failed: Invalid volume (Code: 10014)
[2026-05-06 09:19:31,106] ERROR:  !!! [MT5_RETRY_0] Order failed: Invalid volume (Code: 10014)
 !!! [MT5_RETRY_1] Order failed: Invalid volume (Code: 10014)
[2026-05-06 09:19:31,106] ERROR:  !!! [MT5_RETRY_1] Order failed: Invalid volume (Code: 10014)
 !!! [MT5_RETRY_2] Order failed: Invalid volume (Code: 10014)
[2026-05-06 09:19:31,106] ERROR:  !!! [MT5_RETRY_2] Order failed: Invalid volume (Code: 10014)
[2026-05-06 09:19:31,106] INFO:  >> [DEDUPLICATION] JP225 BUY signal suppressed (Duplicate).
[2026-05-06 09:19:31,106] ERROR:  >> [FAILED] JP225 BUY execution failed on Trial account.
[2026-05-06 09:19:31,115] INFO: SCANNING: DE30 | PRICE: 24528.70 | BIAS: BEARISH | ER: 0.29 | VEL: 1.53
[2026-05-06 09:19:31,115] INFO:  >> [GUARD] DE30 position already active. Skipping.
 !!! [MT5_RETRY_0] Order failed: Invalid volume (Code: 10014)
[2026-05-06 09:19:31,122] ERROR:  !!! [MT5_RETRY_0] Order failed: Invalid volume (Code: 10014)
 !!! [MT5_RETRY_1] Order failed: Invalid volume (Code: 10014)
[2026-05-06 09:19:31,122] ERROR:  !!! [MT5_RETRY_1] Order failed: Invalid volume (Code: 10014)
 !!! [MT5_RETRY_2] Order failed: Invalid volume (Code: 10014)
[2026-05-06 09:19:31,122] ERROR:  !!! [MT5_RETRY_2] Order failed: Invalid volume (Code: 10014)
[2026-05-06 09:19:41,423] INFO: SCANNING: JP225 | PRICE: 61088.40 | BIAS: BULLISH | ER: 0.39 | VEL: 2.0
[2026-05-06 09:19:42,486] INFO:  >> [VETERANCY] ALPHA Rank 2 detected. Applying 2x multiplier.
[2026-05-06 09:19:42,487] WARNING:  !! [SAFETY_CLAMP] Capping 0.06 -> 0.05 for JP225
[2026-05-06 09:19:42,487] INFO: VAULT_PASS [ALPHA]: JP225 0.05 (Risk: 1.170%)
[2026-05-06 09:19:42,488] INFO:  >> [EMPIRICAL] Using Optimized Targets: SL 1.0x | TP 2.0x
[2026-05-06 09:19:42,690] INFO:  !! [SAFETY_PASS] ALPHA validated for JP225 BUY 0.05
[2026-05-06 09:19:42,692] INFO:  >> [ALPHA_STRIKE] Safety Verified. Executing BUY JP225 @ 61088.4 | LOT: 0.05 | SL: 60870.328571428574 | TP: 61524.542857142864
 !!! [MT5_RETRY_0] Order failed: Invalid volume (Code: 10014)
[2026-05-06 09:19:42,692] ERROR:  !!! [MT5_RETRY_0] Order failed: Invalid volume (Code: 10014)
 !!! [MT5_RETRY_1] Order failed: Invalid volume (Code: 10014)
[2026-05-06 09:19:42,693] ERROR:  !!! [MT5_RETRY_1] Order failed: Invalid volume (Code: 10014)
 !!! [MT5_RETRY_2] Order failed: Invalid volume (Code: 10014)
[2026-05-06 09:19:42,693] ERROR:  !!! [MT5_RETRY_2] Order failed: Invalid volume (Code: 10014)
[2026-05-06 09:19:42,694] INFO:  >> [DEDUPLICATION] JP225 BUY signal suppressed (Duplicate).
[2026-05-06 09:19:42,694] ERROR:  >> [FAILED] JP225 BUY execution failed on Trial account.
[2026-05-06 09:19:42,700] INFO: SCANNING: DE30 | PRICE: 24529.60 | BIAS: BEARISH | ER: 0.29 | VEL: 1.49
[2026-05-06 09:19:42,700] INFO:  >> [GUARD] DE30 position already active. Skipping.
 !!! [MT5_RETRY_0] Order failed: Invalid volume (Code: 10014)
[2026-05-06 09:19:42,706] ERROR:  !!! [MT5_RETRY_0] Order failed: Invalid volume (Code: 10014)
 !!! [MT5_RETRY_1] Order failed: Invalid volume (Code: 10014)
[2026-05-06 09:19:42,707] ERROR:  !!! [MT5_RETRY_1] Order failed: Invalid volume (Code: 10014)
 !!! [MT5_RETRY_2] Order failed: Invalid volume (Code: 10014)
[2026-05-06 09:19:42,708] ERROR:  !!! [MT5_RETRY_2] Order failed: Invalid volume (Code: 10014)
[2026-05-06 09:19:53,005] INFO: SCANNING: JP225 | PRICE: 61088.30 | BIAS: BULLISH | ER: 0.39 | VEL: 2.0
[2026-05-06 09:19:54,044] INFO:  >> [VETERANCY] ALPHA Rank 2 detected. Applying 2x multiplier.
[2026-05-06 09:19:54,044] WARNING:  !! [SAFETY_CLAMP] Capping 0.06 -> 0.05 for JP225
[2026-05-06 09:19:54,044] INFO: VAULT_PASS [ALPHA]: JP225 0.05 (Risk: 1.170%)
[2026-05-06 09:19:54,044] INFO:  >> [EMPIRICAL] Using Optimized Targets: SL 1.0x | TP 2.0x
[2026-05-06 09:19:54,249] INFO:  !! [SAFETY_PASS] ALPHA validated for JP225 BUY 0.05
[2026-05-06 09:19:54,288] INFO:  >> [ALPHA_STRIKE] Safety Verified. Executing BUY JP225 @ 61088.3 | LOT: 0.05 | SL: 60870.228571428575 | TP: 61524.442857142865
 !!! [MT5_RETRY_0] Order failed: Invalid volume (Code: 10014)
[2026-05-06 09:19:54,288] ERROR:  !!! [MT5_RETRY_0] Order failed: Invalid volume (Code: 10014)
 !!! [MT5_RETRY_1] Order failed: Invalid volume (Code: 10014)
[2026-05-06 09:19:54,288] ERROR:  !!! [MT5_RETRY_1] Order failed: Invalid volume (Code: 10014)
 !!! [MT5_RETRY_2] Order failed: Invalid volume (Code: 10014)
[2026-05-06 09:19:54,288] ERROR:  !!! [MT5_RETRY_2] Order failed: Invalid volume (Code: 10014)
[2026-05-06 09:19:54,288] INFO:  >> [DEDUPLICATION] JP225 BUY signal suppressed (Duplicate).
[2026-05-06 09:19:54,288] ERROR:  >> [FAILED] JP225 BUY execution failed on Trial account.
[2026-05-06 09:19:54,296] INFO: SCANNING: DE30 | PRICE: 24530.70 | BIAS: BEARISH | ER: 0.29 | VEL: 1.43
[2026-05-06 09:19:54,297] INFO:  >> [GUARD] DE30 position already active. Skipping.
 !!! [MT5_RETRY_0] Order failed: Invalid volume (Code: 10014)
[2026-05-06 09:19:54,304] ERROR:  !!! [MT5_RETRY_0] Order failed: Invalid volume (Code: 10014)
 !!! [MT5_RETRY_1] Order failed: Invalid volume (Code: 10014)
[2026-05-06 09:19:54,304] ERROR:  !!! [MT5_RETRY_1] Order failed: Invalid volume (Code: 10014)
 !!! [MT5_RETRY_2] Order failed: Invalid volume (Code: 10014)
[2026-05-06 09:19:54,304] ERROR:  !!! [MT5_RETRY_2] Order failed: Invalid volume (Code: 10014)
[2026-05-06 09:20:04,603] INFO: SCANNING: JP225 | PRICE: 61071.80 | BIAS: BULLISH | ER: 0.38 | VEL: 2.13
[2026-05-06 09:20:05,683] INFO:  >> [VETERANCY] ALPHA Rank 2 detected. Applying 2x multiplier.
[2026-05-06 09:20:05,683] WARNING:  !! [SAFETY_CLAMP] Capping 0.06 -> 0.05 for JP225
[2026-05-06 09:20:05,683] INFO: VAULT_PASS [ALPHA]: JP225 0.05 (Risk: 1.170%)
[2026-05-06 09:20:05,683] INFO:  >> [EMPIRICAL] Using Optimized Targets: SL 1.0x | TP 2.0x
[2026-05-06 09:20:05,891] INFO:  !! [SAFETY_PASS] ALPHA validated for JP225 BUY 0.05
[2026-05-06 09:20:05,928] INFO:  >> [ALPHA_STRIKE] Safety Verified. Executing BUY JP225 @ 61071.8 | LOT: 0.05 | SL: 60853.728571428575 | TP: 61507.942857142865
 !!! [MT5_RETRY_0] Order failed: Invalid volume (Code: 10014)
[2026-05-06 09:20:05,928] ERROR:  !!! [MT5_RETRY_0] Order failed: Invalid volume (Code: 10014)
 !!! [MT5_RETRY_1] Order failed: Invalid volume (Code: 10014)
[2026-05-06 09:20:05,928] ERROR:  !!! [MT5_RETRY_1] Order failed: Invalid volume (Code: 10014)
 !!! [MT5_RETRY_2] Order failed: Invalid volume (Code: 10014)
[2026-05-06 09:20:05,929] ERROR:  !!! [MT5_RETRY_2] Order failed: Invalid volume (Code: 10014)
[2026-05-06 09:20:05,929] INFO:  >> [DEDUPLICATION] JP225 BUY signal suppressed (Duplicate).
[2026-05-06 09:20:05,929] ERROR:  >> [FAILED] JP225 BUY execution failed on Trial account.
[2026-05-06 09:20:05,936] INFO: SCANNING: DE30 | PRICE: 24528.00 | BIAS: BEARISH | ER: 0.29 | VEL: 1.55
[2026-05-06 09:20:05,936] INFO:  >> [GUARD] DE30 position already active. Skipping.
 !!! [MT5_RETRY_0] Order failed: Invalid volume (Code: 10014)
[2026-05-06 09:20:05,942] ERROR:  !!! [MT5_RETRY_0] Order failed: Invalid volume (Code: 10014)
 !!! [MT5_RETRY_1] Order failed: Invalid volume (Code: 10014)
[2026-05-06 09:20:05,944] ERROR:  !!! [MT5_RETRY_1] Order failed: Invalid volume (Code: 10014)
 !!! [MT5_RETRY_2] Order failed: Invalid volume (Code: 10014)
[2026-05-06 09:20:05,944] ERROR:  !!! [MT5_RETRY_2] Order failed: Invalid volume (Code: 10014)
[2026-05-06 09:20:16,251] INFO: SCANNING: JP225 | PRICE: 61081.10 | BIAS: BULLISH | ER: 0.38 | VEL: 2.06
[2026-05-06 09:20:17,335] INFO:  >> [VETERANCY] ALPHA Rank 2 detected. Applying 2x multiplier.
[2026-05-06 09:20:17,336] WARNING:  !! [SAFETY_CLAMP] Capping 0.06 -> 0.05 for JP225
[2026-05-06 09:20:17,336] INFO: VAULT_PASS [ALPHA]: JP225 0.05 (Risk: 1.170%)
[2026-05-06 09:20:17,337] INFO:  >> [EMPIRICAL] Using Optimized Targets: SL 1.0x | TP 2.0x
[2026-05-06 09:20:17,547] INFO:  !! [SAFETY_PASS] ALPHA validated for JP225 BUY 0.05
[2026-05-06 09:20:17,588] INFO:  >> [ALPHA_STRIKE] Safety Verified. Executing BUY JP225 @ 61081.1 | LOT: 0.05 | SL: 60863.02857142857 | TP: 61517.24285714286
 !!! [MT5_RETRY_0] Order failed: Invalid volume (Code: 10014)
[2026-05-06 09:20:17,589] ERROR:  !!! [MT5_RETRY_0] Order failed: Invalid volume (Code: 10014)
 !!! [MT5_RETRY_1] Order failed: Invalid volume (Code: 10014)
[2026-05-06 09:20:17,589] ERROR:  !!! [MT5_RETRY_1] Order failed: Invalid volume (Code: 10014)
 !!! [MT5_RETRY_2] Order failed: Invalid volume (Code: 10014)
[2026-05-06 09:20:17,589] ERROR:  !!! [MT5_RETRY_2] Order failed: Invalid volume (Code: 10014)
[2026-05-06 09:20:17,589] INFO:  >> [DEDUPLICATION] JP225 BUY signal suppressed (Duplicate).
[2026-05-06 09:20:17,589] ERROR:  >> [FAILED] JP225 BUY execution failed on Trial account.
[2026-05-06 09:20:17,602] INFO: SCANNING: DE30 | PRICE: 24526.70 | BIAS: BEARISH | ER: 0.29 | VEL: 1.61
[2026-05-06 09:20:17,603] INFO:  >> [GUARD] DE30 position already active. Skipping.
 !!! [MT5_RETRY_0] Order failed: Invalid volume (Code: 10014)
[2026-05-06 09:20:17,613] ERROR:  !!! [MT5_RETRY_0] Order failed: Invalid volume (Code: 10014)
 !!! [MT5_RETRY_1] Order failed: Invalid volume (Code: 10014)
[2026-05-06 09:20:17,613] ERROR:  !!! [MT5_RETRY_1] Order failed: Invalid volume (Code: 10014)
 !!! [MT5_RETRY_2] Order failed: Invalid volume (Code: 10014)
[2026-05-06 09:20:17,614] ERROR:  !!! [MT5_RETRY_2] Order failed: Invalid volume (Code: 10014)
[2026-05-06 09:20:27,920] INFO: SCANNING: JP225 | PRICE: 61098.30 | BIAS: BULLISH | ER: 0.4 | VEL: 1.91
[2026-05-06 09:20:28,983] INFO:  >> [VETERANCY] ALPHA Rank 2 detected. Applying 2x multiplier.
[2026-05-06 09:20:28,983] WARNING:  !! [SAFETY_CLAMP] Capping 0.06 -> 0.05 for JP225
[2026-05-06 09:20:28,984] INFO: VAULT_PASS [ALPHA]: JP225 0.05 (Risk: 1.180%)
[2026-05-06 09:20:28,984] INFO:  >> [EMPIRICAL] Using Optimized Targets: SL 1.0x | TP 2.0x
[2026-05-06 09:20:29,195] INFO:  !! [SAFETY_PASS] ALPHA validated for JP225 BUY 0.05
[2026-05-06 09:20:29,232] INFO:  >> [ALPHA_STRIKE] Safety Verified. Executing BUY JP225 @ 61098.3 | LOT: 0.05 | SL: 60880.228571428575 | TP: 61534.442857142865
 !!! [MT5_RETRY_0] Order failed: Invalid volume (Code: 10014)
[2026-05-06 09:20:29,232] ERROR:  !!! [MT5_RETRY_0] Order failed: Invalid volume (Code: 10014)
 !!! [MT5_RETRY_1] Order failed: Invalid volume (Code: 10014)
[2026-05-06 09:20:29,232] ERROR:  !!! [MT5_RETRY_1] Order failed: Invalid volume (Code: 10014)
 !!! [MT5_RETRY_2] Order failed: Invalid volume (Code: 10014)
[2026-05-06 09:20:29,232] ERROR:  !!! [MT5_RETRY_2] Order failed: Invalid volume (Code: 10014)
[2026-05-06 09:20:29,232] INFO:  >> [DEDUPLICATION] JP225 BUY signal suppressed (Duplicate).
[2026-05-06 09:20:29,234] ERROR:  >> [FAILED] JP225 BUY execution failed on Trial account.
[2026-05-06 09:20:29,242] INFO: SCANNING: DE30 | PRICE: 24527.80 | BIAS: BEARISH | ER: 0.29 | VEL: 1.56
[2026-05-06 09:20:29,242] INFO:  >> [GUARD] DE30 position already active. Skipping.
 !!! [MT5_RETRY_0] Order failed: Invalid volume (Code: 10014)
[2026-05-06 09:20:29,249] ERROR:  !!! [MT5_RETRY_0] Order failed: Invalid volume (Code: 10014)
 !!! [MT5_RETRY_1] Order failed: Invalid volume (Code: 10014)
[2026-05-06 09:20:29,249] ERROR:  !!! [MT5_RETRY_1] Order failed: Invalid volume (Code: 10014)
 !!! [MT5_RETRY_2] Order failed: Invalid volume (Code: 10014)
[2026-05-06 09:20:29,250] ERROR:  !!! [MT5_RETRY_2] Order failed: Invalid volume (Code: 10014)
[2026-05-06 09:20:39,585] INFO: SCANNING: JP225 | PRICE: 61091.10 | BIAS: BULLISH | ER: 0.39 | VEL: 1.97
[2026-05-06 09:20:40,686] INFO:  >> [VETERANCY] ALPHA Rank 2 detected. Applying 2x multiplier.
[2026-05-06 09:20:40,686] WARNING:  !! [SAFETY_CLAMP] Capping 0.06 -> 0.05 for JP225
[2026-05-06 09:20:40,687] INFO: VAULT_PASS [ALPHA]: JP225 0.05 (Risk: 1.180%)
[2026-05-06 09:20:40,687] INFO:  >> [EMPIRICAL] Using Optimized Targets: SL 1.0x | TP 2.0x
[2026-05-06 09:20:40,895] INFO:  !! [SAFETY_PASS] ALPHA validated for JP225 BUY 0.05
[2026-05-06 09:20:40,906] INFO:  >> [ALPHA_STRIKE] Safety Verified. Executing BUY JP225 @ 61091.1 | LOT: 0.05 | SL: 60873.02857142857 | TP: 61527.24285714286
 !!! [MT5_RETRY_0] Order failed: Invalid volume (Code: 10014)
[2026-05-06 09:20:40,906] ERROR:  !!! [MT5_RETRY_0] Order failed: Invalid volume (Code: 10014)
 !!! [MT5_RETRY_1] Order failed: Invalid volume (Code: 10014)
[2026-05-06 09:20:40,907] ERROR:  !!! [MT5_RETRY_1] Order failed: Invalid volume (Code: 10014)
 !!! [MT5_RETRY_2] Order failed: Invalid volume (Code: 10014)
[2026-05-06 09:20:40,907] ERROR:  !!! [MT5_RETRY_2] Order failed: Invalid volume (Code: 10014)
[2026-05-06 09:20:40,907] INFO:  >> [DEDUPLICATION] JP225 BUY signal suppressed (Duplicate).
[2026-05-06 09:20:40,907] ERROR:  >> [FAILED] JP225 BUY execution failed on Trial account.
[2026-05-06 09:20:40,915] INFO: SCANNING: DE30 | PRICE: 24525.60 | BIAS: BEARISH | ER: 0.3 | VEL: 1.66
[2026-05-06 09:20:40,915] INFO:  >> [GUARD] DE30 position already active. Skipping.
 !!! [MT5_RETRY_0] Order failed: Invalid volume (Code: 10014)
[2026-05-06 09:20:40,922] ERROR:  !!! [MT5_RETRY_0] Order failed: Invalid volume (Code: 10014)
 !!! [MT5_RETRY_1] Order failed: Invalid volume (Code: 10014)
[2026-05-06 09:20:40,923] ERROR:  !!! [MT5_RETRY_1] Order failed: Invalid volume (Code: 10014)
 !!! [MT5_RETRY_2] Order failed: Invalid volume (Code: 10014)
[2026-05-06 09:20:40,923] ERROR:  !!! [MT5_RETRY_2] Order failed: Invalid volume (Code: 10014)
[2026-05-06 09:20:51,225] INFO: SCANNING: JP225 | PRICE: 61093.30 | BIAS: BULLISH | ER: 0.4 | VEL: 1.95
[2026-05-06 09:20:52,255] INFO:  >> [VETERANCY] ALPHA Rank 2 detected. Applying 2x multiplier.
[2026-05-06 09:20:52,255] WARNING:  !! [SAFETY_CLAMP] Capping 0.06 -> 0.05 for JP225
[2026-05-06 09:20:52,255] INFO: VAULT_PASS [ALPHA]: JP225 0.05 (Risk: 1.170%)
[2026-05-06 09:20:52,257] INFO:  >> [EMPIRICAL] Using Optimized Targets: SL 1.0x | TP 2.0x
[2026-05-06 09:20:52,464] INFO:  !! [SAFETY_PASS] ALPHA validated for JP225 BUY 0.05
[2026-05-06 09:20:52,503] INFO:  >> [ALPHA_STRIKE] Safety Verified. Executing BUY JP225 @ 61093.3 | LOT: 0.05 | SL: 60875.228571428575 | TP: 61529.442857142865
 !!! [MT5_RETRY_0] Order failed: Invalid volume (Code: 10014)
[2026-05-06 09:20:52,503] ERROR:  !!! [MT5_RETRY_0] Order failed: Invalid volume (Code: 10014)
 !!! [MT5_RETRY_1] Order failed: Invalid volume (Code: 10014)
[2026-05-06 09:20:52,503] ERROR:  !!! [MT5_RETRY_1] Order failed: Invalid volume (Code: 10014)
 !!! [MT5_RETRY_2] Order failed: Invalid volume (Code: 10014)
[2026-05-06 09:20:52,503] ERROR:  !!! [MT5_RETRY_2] Order failed: Invalid volume (Code: 10014)
[2026-05-06 09:20:52,503] INFO:  >> [DEDUPLICATION] JP225 BUY signal suppressed (Duplicate).
[2026-05-06 09:20:52,503] ERROR:  >> [FAILED] JP225 BUY execution failed on Trial account.
[2026-05-06 09:20:52,512] INFO: SCANNING: DE30 | PRICE: 24526.60 | BIAS: BEARISH | ER: 0.29 | VEL: 1.61
[2026-05-06 09:20:52,512] INFO:  >> [GUARD] DE30 position already active. Skipping.
 !!! [MT5_RETRY_0] Order failed: Invalid volume (Code: 10014)
[2026-05-06 09:20:52,518] ERROR:  !!! [MT5_RETRY_0] Order failed: Invalid volume (Code: 10014)
 !!! [MT5_RETRY_1] Order failed: Invalid volume (Code: 10014)
[2026-05-06 09:20:52,519] ERROR:  !!! [MT5_RETRY_1] Order failed: Invalid volume (Code: 10014)
 !!! [MT5_RETRY_2] Order failed: Invalid volume (Code: 10014)
[2026-05-06 09:20:52,519] ERROR:  !!! [MT5_RETRY_2] Order failed: Invalid volume (Code: 10014)
[2026-05-06 09:21:02,816] INFO: SCANNING: JP225 | PRICE: 61081.20 | BIAS: BULLISH | ER: 0.38 | VEL: 2.04
[2026-05-06 09:21:03,936] INFO:  >> [VETERANCY] ALPHA Rank 2 detected. Applying 2x multiplier.
[2026-05-06 09:21:03,936] WARNING:  !! [SAFETY_CLAMP] Capping 0.06 -> 0.05 for JP225
[2026-05-06 09:21:03,936] INFO: VAULT_PASS [ALPHA]: JP225 0.05 (Risk: 1.170%)
[2026-05-06 09:21:03,936] INFO:  >> [EMPIRICAL] Using Optimized Targets: SL 1.0x | TP 2.0x
[2026-05-06 09:21:04,146] INFO:  !! [SAFETY_PASS] ALPHA validated for JP225 BUY 0.05
[2026-05-06 09:21:04,184] INFO:  >> [ALPHA_STRIKE] Safety Verified. Executing BUY JP225 @ 61081.2 | LOT: 0.05 | SL: 60863.12857142857 | TP: 61517.34285714286
 !!! [MT5_RETRY_0] Order failed: Invalid volume (Code: 10014)
[2026-05-06 09:21:04,184] ERROR:  !!! [MT5_RETRY_0] Order failed: Invalid volume (Code: 10014)
 !!! [MT5_RETRY_1] Order failed: Invalid volume (Code: 10014)
[2026-05-06 09:21:04,184] ERROR:  !!! [MT5_RETRY_1] Order failed: Invalid volume (Code: 10014)
 !!! [MT5_RETRY_2] Order failed: Invalid volume (Code: 10014)
[2026-05-06 09:21:04,184] ERROR:  !!! [MT5_RETRY_2] Order failed: Invalid volume (Code: 10014)
[2026-05-06 09:21:04,184] INFO:  >> [DEDUPLICATION] JP225 BUY signal suppressed (Duplicate).
[2026-05-06 09:21:04,186] ERROR:  >> [FAILED] JP225 BUY execution failed on Trial account.
[2026-05-06 09:21:04,192] INFO: SCANNING: DE30 | PRICE: 24523.10 | BIAS: BEARISH | ER: 0.3 | VEL: 1.76
[2026-05-06 09:21:04,192] INFO:  >> [GUARD] DE30 position already active. Skipping.
 !!! [MT5_RETRY_0] Order failed: Invalid volume (Code: 10014)
[2026-05-06 09:21:04,198] ERROR:  !!! [MT5_RETRY_0] Order failed: Invalid volume (Code: 10014)
 !!! [MT5_RETRY_1] Order failed: Invalid volume (Code: 10014)
[2026-05-06 09:21:04,199] ERROR:  !!! [MT5_RETRY_1] Order failed: Invalid volume (Code: 10014)
 !!! [MT5_RETRY_2] Order failed: Invalid volume (Code: 10014)
[2026-05-06 09:21:04,199] ERROR:  !!! [MT5_RETRY_2] Order failed: Invalid volume (Code: 10014)
[2026-05-06 09:21:14,509] INFO: SCANNING: JP225 | PRICE: 61064.20 | BIAS: BULLISH | ER: 0.37 | VEL: 2.18
[2026-05-06 09:21:15,537] INFO:  >> [VETERANCY] ALPHA Rank 2 detected. Applying 2x multiplier.
[2026-05-06 09:21:15,537] WARNING:  !! [SAFETY_CLAMP] Capping 0.06 -> 0.05 for JP225
[2026-05-06 09:21:15,537] INFO: VAULT_PASS [ALPHA]: JP225 0.05 (Risk: 1.170%)
[2026-05-06 09:21:15,537] INFO:  >> [EMPIRICAL] Using Optimized Targets: SL 1.0x | TP 2.0x
[2026-05-06 09:21:15,747] INFO:  !! [SAFETY_PASS] ALPHA validated for JP225 BUY 0.05
[2026-05-06 09:21:15,785] INFO:  >> [ALPHA_STRIKE] Safety Verified. Executing BUY JP225 @ 61064.2 | LOT: 0.05 | SL: 60846.12857142857 | TP: 61500.34285714286
 !!! [MT5_RETRY_0] Order failed: Invalid volume (Code: 10014)
[2026-05-06 09:21:15,785] ERROR:  !!! [MT5_RETRY_0] Order failed: Invalid volume (Code: 10014)
 !!! [MT5_RETRY_1] Order failed: Invalid volume (Code: 10014)
[2026-05-06 09:21:15,785] ERROR:  !!! [MT5_RETRY_1] Order failed: Invalid volume (Code: 10014)
 !!! [MT5_RETRY_2] Order failed: Invalid volume (Code: 10014)
[2026-05-06 09:21:15,785] ERROR:  !!! [MT5_RETRY_2] Order failed: Invalid volume (Code: 10014)
[2026-05-06 09:21:15,786] INFO:  >> [DEDUPLICATION] JP225 BUY signal suppressed (Duplicate).
[2026-05-06 09:21:15,786] ERROR:  >> [FAILED] JP225 BUY execution failed on Trial account.
[2026-05-06 09:21:15,797] INFO: SCANNING: DE30 | PRICE: 24522.70 | BIAS: BEARISH | ER: 0.3 | VEL: 1.78
[2026-05-06 09:21:15,798] INFO:  >> [GUARD] DE30 position already active. Skipping.
 !!! [MT5_RETRY_0] Order failed: Invalid volume (Code: 10014)
[2026-05-06 09:21:15,805] ERROR:  !!! [MT5_RETRY_0] Order failed: Invalid volume (Code: 10014)
 !!! [MT5_RETRY_1] Order failed: Invalid volume (Code: 10014)
[2026-05-06 09:21:15,805] ERROR:  !!! [MT5_RETRY_1] Order failed: Invalid volume (Code: 10014)
 !!! [MT5_RETRY_2] Order failed: Invalid volume (Code: 10014)
[2026-05-06 09:21:15,806] ERROR:  !!! [MT5_RETRY_2] Order failed: Invalid volume (Code: 10014)
[2026-05-06 09:21:26,141] INFO: SCANNING: JP225 | PRICE: 61075.00 | BIAS: BULLISH | ER: 0.38 | VEL: 2.09
[2026-05-06 09:21:27,201] INFO:  >> [VETERANCY] ALPHA Rank 2 detected. Applying 2x multiplier.
[2026-05-06 09:21:27,201] WARNING:  !! [SAFETY_CLAMP] Capping 0.06 -> 0.05 for JP225
[2026-05-06 09:21:27,202] INFO: VAULT_PASS [ALPHA]: JP225 0.05 (Risk: 1.170%)
[2026-05-06 09:21:27,202] INFO:  >> [EMPIRICAL] Using Optimized Targets: SL 1.0x | TP 2.0x
[2026-05-06 09:21:27,408] INFO:  !! [SAFETY_PASS] ALPHA validated for JP225 BUY 0.05
[2026-05-06 09:21:27,446] INFO:  >> [ALPHA_STRIKE] Safety Verified. Executing BUY JP225 @ 61075.0 | LOT: 0.05 | SL: 60856.92857142857 | TP: 61511.14285714286
 !!! [MT5_RETRY_0] Order failed: Invalid volume (Code: 10014)
[2026-05-06 09:21:27,446] ERROR:  !!! [MT5_RETRY_0] Order failed: Invalid volume (Code: 10014)
 !!! [MT5_RETRY_1] Order failed: Invalid volume (Code: 10014)
[2026-05-06 09:21:27,446] ERROR:  !!! [MT5_RETRY_1] Order failed: Invalid volume (Code: 10014)
 !!! [MT5_RETRY_2] Order failed: Invalid volume (Code: 10014)
[2026-05-06 09:21:27,446] ERROR:  !!! [MT5_RETRY_2] Order failed: Invalid volume (Code: 10014)
[2026-05-06 09:21:27,446] INFO:  >> [DEDUPLICATION] JP225 BUY signal suppressed (Duplicate).
[2026-05-06 09:21:27,446] ERROR:  >> [FAILED] JP225 BUY execution failed on Trial account.
[2026-05-06 09:21:27,454] INFO: SCANNING: DE30 | PRICE: 24523.90 | BIAS: BEARISH | ER: 0.3 | VEL: 1.73
[2026-05-06 09:21:27,454] INFO:  >> [GUARD] DE30 position already active. Skipping.
 !!! [MT5_RETRY_0] Order failed: Invalid volume (Code: 10014)
[2026-05-06 09:21:27,460] ERROR:  !!! [MT5_RETRY_0] Order failed: Invalid volume (Code: 10014)
 !!! [MT5_RETRY_1] Order failed: Invalid volume (Code: 10014)
[2026-05-06 09:21:27,460] ERROR:  !!! [MT5_RETRY_1] Order failed: Invalid volume (Code: 10014)
 !!! [MT5_RETRY_2] Order failed: Invalid volume (Code: 10014)
[2026-05-06 09:21:27,462] ERROR:  !!! [MT5_RETRY_2] Order failed: Invalid volume (Code: 10014)
[2026-05-06 09:21:37,799] INFO: SCANNING: JP225 | PRICE: 61071.10 | BIAS: BULLISH | ER: 0.37 | VEL: 2.12
[2026-05-06 09:21:38,858] INFO:  >> [VETERANCY] ALPHA Rank 2 detected. Applying 2x multiplier.
[2026-05-06 09:21:38,859] WARNING:  !! [SAFETY_CLAMP] Capping 0.06 -> 0.05 for JP225
[2026-05-06 09:21:38,859] INFO: VAULT_PASS [ALPHA]: JP225 0.05 (Risk: 1.170%)
[2026-05-06 09:21:38,859] INFO:  >> [EMPIRICAL] Using Optimized Targets: SL 1.0x | TP 2.0x
[2026-05-06 09:21:39,067] INFO:  !! [SAFETY_PASS] ALPHA validated for JP225 BUY 0.05
[2026-05-06 09:21:39,070] INFO:  >> [ALPHA_STRIKE] Safety Verified. Executing BUY JP225 @ 61071.1 | LOT: 0.05 | SL: 60853.02857142857 | TP: 61507.24285714286
 !!! [MT5_RETRY_0] Order failed: Invalid volume (Code: 10014)
[2026-05-06 09:21:39,070] ERROR:  !!! [MT5_RETRY_0] Order failed: Invalid volume (Code: 10014)
 !!! [MT5_RETRY_1] Order failed: Invalid volume (Code: 10014)
[2026-05-06 09:21:39,070] ERROR:  !!! [MT5_RETRY_1] Order failed: Invalid volume (Code: 10014)
 !!! [MT5_RETRY_2] Order failed: Invalid volume (Code: 10014)
[2026-05-06 09:21:39,071] ERROR:  !!! [MT5_RETRY_2] Order failed: Invalid volume (Code: 10014)
[2026-05-06 09:21:39,071] INFO:  >> [DEDUPLICATION] JP225 BUY signal suppressed (Duplicate).
[2026-05-06 09:21:39,071] ERROR:  >> [FAILED] JP225 BUY execution failed on Trial account.
[2026-05-06 09:21:39,079] INFO: SCANNING: DE30 | PRICE: 24522.80 | BIAS: BEARISH | ER: 0.3 | VEL: 1.78
[2026-05-06 09:21:39,081] INFO:  >> [GUARD] DE30 position already active. Skipping.
 !!! [MT5_RETRY_0] Order failed: Invalid volume (Code: 10014)
[2026-05-06 09:21:39,088] ERROR:  !!! [MT5_RETRY_0] Order failed: Invalid volume (Code: 10014)
 !!! [MT5_RETRY_1] Order failed: Invalid volume (Code: 10014)
[2026-05-06 09:21:39,088] ERROR:  !!! [MT5_RETRY_1] Order failed: Invalid volume (Code: 10014)
 !!! [MT5_RETRY_2] Order failed: Invalid volume (Code: 10014)
[2026-05-06 09:21:39,088] ERROR:  !!! [MT5_RETRY_2] Order failed: Invalid volume (Code: 10014)
[2026-05-06 09:21:49,388] INFO: SCANNING: JP225 | PRICE: 61062.00 | BIAS: BULLISH | ER: 0.37 | VEL: 2.2
[2026-05-06 09:21:50,432] INFO:  >> [VETERANCY] ALPHA Rank 2 detected. Applying 2x multiplier.
[2026-05-06 09:21:50,432] WARNING:  !! [SAFETY_CLAMP] Capping 0.06 -> 0.05 for JP225
[2026-05-06 09:21:50,432] INFO: VAULT_PASS [ALPHA]: JP225 0.05 (Risk: 1.170%)
[2026-05-06 09:21:50,433] INFO:  >> [EMPIRICAL] Using Optimized Targets: SL 1.0x | TP 2.0x
[2026-05-06 09:21:50,642] INFO:  !! [SAFETY_PASS] ALPHA validated for JP225 BUY 0.05
[2026-05-06 09:21:50,680] INFO:  >> [ALPHA_STRIKE] Safety Verified. Executing BUY JP225 @ 61062.0 | LOT: 0.05 | SL: 60843.92857142857 | TP: 61498.14285714286
 !!! [MT5_RETRY_0] Order failed: Invalid volume (Code: 10014)
[2026-05-06 09:21:50,680] ERROR:  !!! [MT5_RETRY_0] Order failed: Invalid volume (Code: 10014)
 !!! [MT5_RETRY_1] Order failed: Invalid volume (Code: 10014)
[2026-05-06 09:21:50,680] ERROR:  !!! [MT5_RETRY_1] Order failed: Invalid volume (Code: 10014)
 !!! [MT5_RETRY_2] Order failed: Invalid volume (Code: 10014)
[2026-05-06 09:21:50,680] ERROR:  !!! [MT5_RETRY_2] Order failed: Invalid volume (Code: 10014)
[2026-05-06 09:21:50,680] INFO:  >> [DEDUPLICATION] JP225 BUY signal suppressed (Duplicate).
[2026-05-06 09:21:50,682] ERROR:  >> [FAILED] JP225 BUY execution failed on Trial account.
[2026-05-06 09:21:50,688] INFO: SCANNING: DE30 | PRICE: 24522.00 | BIAS: BEARISH | ER: 0.3 | VEL: 1.81
[2026-05-06 09:21:50,688] INFO:  >> [GUARD] DE30 position already active. Skipping.
 !!! [MT5_RETRY_0] Order failed: Invalid volume (Code: 10014)
[2026-05-06 09:21:50,695] ERROR:  !!! [MT5_RETRY_0] Order failed: Invalid volume (Code: 10014)
 !!! [MT5_RETRY_1] Order failed: Invalid volume (Code: 10014)
[2026-05-06 09:21:50,695] ERROR:  !!! [MT5_RETRY_1] Order failed: Invalid volume (Code: 10014)
 !!! [MT5_RETRY_2] Order failed: Invalid volume (Code: 10014)
[2026-05-06 09:21:50,695] ERROR:  !!! [MT5_RETRY_2] Order failed: Invalid volume (Code: 10014)
[2026-05-06 09:22:01,004] INFO: SCANNING: JP225 | PRICE: 61049.20 | BIAS: BULLISH | ER: 0.35 | VEL: 2.3
[2026-05-06 09:22:02,114] INFO:  >> [VETERANCY] ALPHA Rank 2 detected. Applying 2x multiplier.
[2026-05-06 09:22:02,114] WARNING:  !! [SAFETY_CLAMP] Capping 0.06 -> 0.05 for JP225
[2026-05-06 09:22:02,114] INFO: VAULT_PASS [ALPHA]: JP225 0.05 (Risk: 1.160%)
[2026-05-06 09:22:02,114] INFO:  >> [EMPIRICAL] Using Optimized Targets: SL 1.0x | TP 2.0x
[2026-05-06 09:22:02,322] INFO:  !! [SAFETY_PASS] ALPHA validated for JP225 BUY 0.05
[2026-05-06 09:22:02,333] INFO:  >> [ALPHA_STRIKE] Safety Verified. Executing BUY JP225 @ 61049.2 | LOT: 0.05 | SL: 60831.12857142857 | TP: 61485.34285714286
 !!! [MT5_RETRY_0] Order failed: Invalid volume (Code: 10014)
[2026-05-06 09:22:02,333] ERROR:  !!! [MT5_RETRY_0] Order failed: Invalid volume (Code: 10014)
 !!! [MT5_RETRY_1] Order failed: Invalid volume (Code: 10014)
[2026-05-06 09:22:02,333] ERROR:  !!! [MT5_RETRY_1] Order failed: Invalid volume (Code: 10014)
 !!! [MT5_RETRY_2] Order failed: Invalid volume (Code: 10014)
[2026-05-06 09:22:02,334] ERROR:  !!! [MT5_RETRY_2] Order failed: Invalid volume (Code: 10014)
[2026-05-06 09:22:02,334] INFO:  >> [DEDUPLICATION] JP225 BUY signal suppressed (Duplicate).
[2026-05-06 09:22:02,334] ERROR:  >> [FAILED] JP225 BUY execution failed on Trial account.
[2026-05-06 09:22:02,342] INFO: SCANNING: DE30 | PRICE: 24521.00 | BIAS: BEARISH | ER: 0.31 | VEL: 1.86
[2026-05-06 09:22:02,342] INFO:  >> [GUARD] DE30 position already active. Skipping.
 !!! [MT5_RETRY_0] Order failed: Invalid volume (Code: 10014)
[2026-05-06 09:22:02,348] ERROR:  !!! [MT5_RETRY_0] Order failed: Invalid volume (Code: 10014)
 !!! [MT5_RETRY_1] Order failed: Invalid volume (Code: 10014)
[2026-05-06 09:22:02,348] ERROR:  !!! [MT5_RETRY_1] Order failed: Invalid volume (Code: 10014)
 !!! [MT5_RETRY_2] Order failed: Invalid volume (Code: 10014)
[2026-05-06 09:22:02,348] ERROR:  !!! [MT5_RETRY_2] Order failed: Invalid volume (Code: 10014)
[2026-05-06 09:22:12,680] INFO: SCANNING: JP225 | PRICE: 61051.10 | BIAS: BULLISH | ER: 0.35 | VEL: 2.28
[2026-05-06 09:22:13,733] INFO:  >> [VETERANCY] ALPHA Rank 2 detected. Applying 2x multiplier.
[2026-05-06 09:22:13,733] WARNING:  !! [SAFETY_CLAMP] Capping 0.06 -> 0.05 for JP225
[2026-05-06 09:22:13,733] INFO: VAULT_PASS [ALPHA]: JP225 0.05 (Risk: 1.160%)
[2026-05-06 09:22:13,733] INFO:  >> [EMPIRICAL] Using Optimized Targets: SL 1.0x | TP 2.0x
[2026-05-06 09:22:13,942] INFO:  !! [SAFETY_PASS] ALPHA validated for JP225 BUY 0.05
[2026-05-06 09:22:13,981] INFO:  >> [ALPHA_STRIKE] Safety Verified. Executing BUY JP225 @ 61051.1 | LOT: 0.05 | SL: 60833.02857142857 | TP: 61487.24285714286
 !!! [MT5_RETRY_0] Order failed: Invalid volume (Code: 10014)
[2026-05-06 09:22:13,981] ERROR:  !!! [MT5_RETRY_0] Order failed: Invalid volume (Code: 10014)
 !!! [MT5_RETRY_1] Order failed: Invalid volume (Code: 10014)
[2026-05-06 09:22:13,981] ERROR:  !!! [MT5_RETRY_1] Order failed: Invalid volume (Code: 10014)
 !!! [MT5_RETRY_2] Order failed: Invalid volume (Code: 10014)
[2026-05-06 09:22:13,982] ERROR:  !!! [MT5_RETRY_2] Order failed: Invalid volume (Code: 10014)
[2026-05-06 09:22:13,982] INFO:  >> [DEDUPLICATION] JP225 BUY signal suppressed (Duplicate).
[2026-05-06 09:22:13,982] ERROR:  >> [FAILED] JP225 BUY execution failed on Trial account.
[2026-05-06 09:22:13,990] INFO: SCANNING: DE30 | PRICE: 24522.00 | BIAS: BEARISH | ER: 0.3 | VEL: 1.81
[2026-05-06 09:22:13,990] INFO:  >> [GUARD] DE30 position already active. Skipping.
 !!! [MT5_RETRY_0] Order failed: Invalid volume (Code: 10014)
[2026-05-06 09:22:13,996] ERROR:  !!! [MT5_RETRY_0] Order failed: Invalid volume (Code: 10014)
 !!! [MT5_RETRY_1] Order failed: Invalid volume (Code: 10014)
[2026-05-06 09:22:13,996] ERROR:  !!! [MT5_RETRY_1] Order failed: Invalid volume (Code: 10014)
 !!! [MT5_RETRY_2] Order failed: Invalid volume (Code: 10014)
[2026-05-06 09:22:13,996] ERROR:  !!! [MT5_RETRY_2] Order failed: Invalid volume (Code: 10014)
[2026-05-06 09:22:24,330] INFO: SCANNING: JP225 | PRICE: 61056.40 | BIAS: BULLISH | ER: 0.36 | VEL: 2.24
[2026-05-06 09:22:25,365] INFO:  >> [VETERANCY] ALPHA Rank 2 detected. Applying 2x multiplier.
[2026-05-06 09:22:25,365] WARNING:  !! [SAFETY_CLAMP] Capping 0.06 -> 0.05 for JP225
[2026-05-06 09:22:25,365] INFO: VAULT_PASS [ALPHA]: JP225 0.05 (Risk: 1.160%)
[2026-05-06 09:22:25,365] INFO:  >> [EMPIRICAL] Using Optimized Targets: SL 1.0x | TP 2.0x
[2026-05-06 09:22:25,572] INFO:  !! [SAFETY_PASS] ALPHA validated for JP225 BUY 0.05
[2026-05-06 09:22:25,609] INFO:  >> [ALPHA_STRIKE] Safety Verified. Executing BUY JP225 @ 61056.4 | LOT: 0.05 | SL: 60838.328571428574 | TP: 61492.542857142864
 !!! [MT5_RETRY_0] Order failed: Invalid volume (Code: 10014)
[2026-05-06 09:22:25,610] ERROR:  !!! [MT5_RETRY_0] Order failed: Invalid volume (Code: 10014)
 !!! [MT5_RETRY_1] Order failed: Invalid volume (Code: 10014)
[2026-05-06 09:22:25,611] ERROR:  !!! [MT5_RETRY_1] Order failed: Invalid volume (Code: 10014)
 !!! [MT5_RETRY_2] Order failed: Invalid volume (Code: 10014)
[2026-05-06 09:22:25,611] ERROR:  !!! [MT5_RETRY_2] Order failed: Invalid volume (Code: 10014)
[2026-05-06 09:22:25,611] INFO:  >> [DEDUPLICATION] JP225 BUY signal suppressed (Duplicate).
[2026-05-06 09:22:25,611] ERROR:  >> [FAILED] JP225 BUY execution failed on Trial account.
[2026-05-06 09:22:25,618] INFO: SCANNING: DE30 | PRICE: 24518.70 | BIAS: BEARISH | ER: 0.31 | VEL: 1.96
[2026-05-06 09:22:25,619] INFO:  >> [GUARD] DE30 position already active. Skipping.
 !!! [MT5_RETRY_0] Order failed: Invalid volume (Code: 10014)
[2026-05-06 09:22:25,625] ERROR:  !!! [MT5_RETRY_0] Order failed: Invalid volume (Code: 10014)
 !!! [MT5_RETRY_1] Order failed: Invalid volume (Code: 10014)
[2026-05-06 09:22:25,625] ERROR:  !!! [MT5_RETRY_1] Order failed: Invalid volume (Code: 10014)
 !!! [MT5_RETRY_2] Order failed: Invalid volume (Code: 10014)
[2026-05-06 09:22:25,625] ERROR:  !!! [MT5_RETRY_2] Order failed: Invalid volume (Code: 10014)
[2026-05-06 09:22:35,974] INFO: SCANNING: JP225 | PRICE: 61055.00 | BIAS: BULLISH | ER: 0.36 | VEL: 2.25
[2026-05-06 09:22:37,023] INFO:  >> [VETERANCY] ALPHA Rank 2 detected. Applying 2x multiplier.
[2026-05-06 09:22:37,023] WARNING:  !! [SAFETY_CLAMP] Capping 0.06 -> 0.05 for JP225
[2026-05-06 09:22:37,023] INFO: VAULT_PASS [ALPHA]: JP225 0.05 (Risk: 1.150%)
[2026-05-06 09:22:37,023] INFO:  >> [EMPIRICAL] Using Optimized Targets: SL 1.0x | TP 2.0x
[2026-05-06 09:22:37,231] INFO:  !! [SAFETY_PASS] ALPHA validated for JP225 BUY 0.05
[2026-05-06 09:22:37,267] INFO:  >> [ALPHA_STRIKE] Safety Verified. Executing BUY JP225 @ 61055.0 | LOT: 0.05 | SL: 60836.92857142857 | TP: 61491.14285714286
 !!! [MT5_RETRY_0] Order failed: Invalid volume (Code: 10014)
[2026-05-06 09:22:37,267] ERROR:  !!! [MT5_RETRY_0] Order failed: Invalid volume (Code: 10014)
 !!! [MT5_RETRY_1] Order failed: Invalid volume (Code: 10014)
[2026-05-06 09:22:37,267] ERROR:  !!! [MT5_RETRY_1] Order failed: Invalid volume (Code: 10014)
 !!! [MT5_RETRY_2] Order failed: Invalid volume (Code: 10014)
[2026-05-06 09:22:37,269] ERROR:  !!! [MT5_RETRY_2] Order failed: Invalid volume (Code: 10014)
[2026-05-06 09:22:37,269] INFO:  >> [DEDUPLICATION] JP225 BUY signal suppressed (Duplicate).
[2026-05-06 09:22:37,269] ERROR:  >> [FAILED] JP225 BUY execution failed on Trial account.
[2026-05-06 09:22:37,276] INFO: SCANNING: DE30 | PRICE: 24518.70 | BIAS: BEARISH | ER: 0.31 | VEL: 1.96
[2026-05-06 09:22:37,276] INFO:  >> [GUARD] DE30 position already active. Skipping.
 !!! [MT5_RETRY_0] Order failed: Invalid volume (Code: 10014)
[2026-05-06 09:22:37,282] ERROR:  !!! [MT5_RETRY_0] Order failed: Invalid volume (Code: 10014)
 !!! [MT5_RETRY_1] Order failed: Invalid volume (Code: 10014)
[2026-05-06 09:22:37,282] ERROR:  !!! [MT5_RETRY_1] Order failed: Invalid volume (Code: 10014)
 !!! [MT5_RETRY_2] Order failed: Invalid volume (Code: 10014)
[2026-05-06 09:22:37,282] ERROR:  !!! [MT5_RETRY_2] Order failed: Invalid volume (Code: 10014)
[2026-05-06 09:22:47,612] INFO: SCANNING: JP225 | PRICE: 61057.30 | BIAS: BULLISH | ER: 0.36 | VEL: 2.23
[2026-05-06 09:22:48,634] INFO:  >> [VETERANCY] ALPHA Rank 2 detected. Applying 2x multiplier.
[2026-05-06 09:22:48,634] WARNING:  !! [SAFETY_CLAMP] Capping 0.06 -> 0.05 for JP225
[2026-05-06 09:22:48,634] INFO: VAULT_PASS [ALPHA]: JP225 0.05 (Risk: 1.160%)
[2026-05-06 09:22:48,634] INFO:  >> [EMPIRICAL] Using Optimized Targets: SL 1.0x | TP 2.0x
[2026-05-06 09:22:48,844] INFO:  !! [SAFETY_PASS] ALPHA validated for JP225 BUY 0.05
[2026-05-06 09:22:48,847] INFO:  >> [ALPHA_STRIKE] Safety Verified. Executing BUY JP225 @ 61057.3 | LOT: 0.05 | SL: 60839.228571428575 | TP: 61493.442857142865
 !!! [MT5_RETRY_0] Order failed: Invalid volume (Code: 10014)
[2026-05-06 09:22:48,847] ERROR:  !!! [MT5_RETRY_0] Order failed: Invalid volume (Code: 10014)
 !!! [MT5_RETRY_1] Order failed: Invalid volume (Code: 10014)
[2026-05-06 09:22:48,847] ERROR:  !!! [MT5_RETRY_1] Order failed: Invalid volume (Code: 10014)
 !!! [MT5_RETRY_2] Order failed: Invalid volume (Code: 10014)
[2026-05-06 09:22:48,849] ERROR:  !!! [MT5_RETRY_2] Order failed: Invalid volume (Code: 10014)
[2026-05-06 09:22:48,849] INFO:  >> [DEDUPLICATION] JP225 BUY signal suppressed (Duplicate).
[2026-05-06 09:22:48,849] ERROR:  >> [FAILED] JP225 BUY execution failed on Trial account.
[2026-05-06 09:22:48,856] INFO: SCANNING: DE30 | PRICE: 24521.70 | BIAS: BEARISH | ER: 0.3 | VEL: 1.83
[2026-05-06 09:22:48,856] INFO:  >> [GUARD] DE30 position already active. Skipping.
 !!! [MT5_RETRY_0] Order failed: Invalid volume (Code: 10014)
[2026-05-06 09:22:48,862] ERROR:  !!! [MT5_RETRY_0] Order failed: Invalid volume (Code: 10014)
 !!! [MT5_RETRY_1] Order failed: Invalid volume (Code: 10014)
[2026-05-06 09:22:48,862] ERROR:  !!! [MT5_RETRY_1] Order failed: Invalid volume (Code: 10014)
 !!! [MT5_RETRY_2] Order failed: Invalid volume (Code: 10014)
[2026-05-06 09:22:48,864] ERROR:  !!! [MT5_RETRY_2] Order failed: Invalid volume (Code: 10014)
[2026-05-06 09:22:59,207] INFO: SCANNING: JP225 | PRICE: 61063.30 | BIAS: BULLISH | ER: 0.37 | VEL: 2.19
[2026-05-06 09:23:00,244] INFO:  >> [VETERANCY] ALPHA Rank 2 detected. Applying 2x multiplier.
[2026-05-06 09:23:00,244] WARNING:  !! [SAFETY_CLAMP] Capping 0.06 -> 0.05 for JP225
[2026-05-06 09:23:00,244] INFO: VAULT_PASS [ALPHA]: JP225 0.05 (Risk: 1.150%)
[2026-05-06 09:23:00,244] INFO:  >> [EMPIRICAL] Using Optimized Targets: SL 1.0x | TP 2.0x
[2026-05-06 09:23:00,573] INFO:  !! [SAFETY_PASS] ALPHA validated for JP225 BUY 0.05
[2026-05-06 09:23:00,577] INFO:  >> [ALPHA_STRIKE] Safety Verified. Executing BUY JP225 @ 61063.3 | LOT: 0.05 | SL: 60845.228571428575 | TP: 61499.442857142865
 !!! [MT5_RETRY_0] Order failed: Invalid volume (Code: 10014)
[2026-05-06 09:23:00,578] ERROR:  !!! [MT5_RETRY_0] Order failed: Invalid volume (Code: 10014)
 !!! [MT5_RETRY_1] Order failed: Invalid volume (Code: 10014)
[2026-05-06 09:23:00,578] ERROR:  !!! [MT5_RETRY_1] Order failed: Invalid volume (Code: 10014)
 !!! [MT5_RETRY_2] Order failed: Invalid volume (Code: 10014)
[2026-05-06 09:23:00,578] ERROR:  !!! [MT5_RETRY_2] Order failed: Invalid volume (Code: 10014)
[2026-05-06 09:23:00,578] INFO:  >> [DEDUPLICATION] JP225 BUY signal suppressed (Duplicate).
[2026-05-06 09:23:00,578] ERROR:  >> [FAILED] JP225 BUY execution failed on Trial account.
[2026-05-06 09:23:00,585] INFO: SCANNING: DE30 | PRICE: 24520.00 | BIAS: BEARISH | ER: 0.31 | VEL: 1.9
[2026-05-06 09:23:00,587] INFO:  >> [GUARD] DE30 position already active. Skipping.
 !!! [MT5_RETRY_0] Order failed: Invalid volume (Code: 10014)
[2026-05-06 09:23:00,593] ERROR:  !!! [MT5_RETRY_0] Order failed: Invalid volume (Code: 10014)
 !!! [MT5_RETRY_1] Order failed: Invalid volume (Code: 10014)
[2026-05-06 09:23:00,593] ERROR:  !!! [MT5_RETRY_1] Order failed: Invalid volume (Code: 10014)
 !!! [MT5_RETRY_2] Order failed: Invalid volume (Code: 10014)
[2026-05-06 09:23:00,593] ERROR:  !!! [MT5_RETRY_2] Order failed: Invalid volume (Code: 10014)
[2026-05-06 09:23:10,894] INFO: SCANNING: JP225 | PRICE: 61059.80 | BIAS: BULLISH | ER: 0.36 | VEL: 2.21
[2026-05-06 09:23:11,959] INFO:  >> [VETERANCY] ALPHA Rank 2 detected. Applying 2x multiplier.
[2026-05-06 09:23:11,960] WARNING:  !! [SAFETY_CLAMP] Capping 0.06 -> 0.05 for JP225
[2026-05-06 09:23:11,960] INFO: VAULT_PASS [ALPHA]: JP225 0.05 (Risk: 1.160%)
[2026-05-06 09:23:11,960] INFO:  >> [EMPIRICAL] Using Optimized Targets: SL 1.0x | TP 2.0x
[2026-05-06 09:23:12,170] INFO:  !! [SAFETY_PASS] ALPHA validated for JP225 BUY 0.05
[2026-05-06 09:23:12,173] INFO:  >> [ALPHA_STRIKE] Safety Verified. Executing BUY JP225 @ 61059.8 | LOT: 0.05 | SL: 60841.728571428575 | TP: 61495.942857142865
 !!! [MT5_RETRY_0] Order failed: Invalid volume (Code: 10014)
[2026-05-06 09:23:12,173] ERROR:  !!! [MT5_RETRY_0] Order failed: Invalid volume (Code: 10014)
 !!! [MT5_RETRY_1] Order failed: Invalid volume (Code: 10014)
[2026-05-06 09:23:12,175] ERROR:  !!! [MT5_RETRY_1] Order failed: Invalid volume (Code: 10014)
 !!! [MT5_RETRY_2] Order failed: Invalid volume (Code: 10014)
[2026-05-06 09:23:12,175] ERROR:  !!! [MT5_RETRY_2] Order failed: Invalid volume (Code: 10014)
[2026-05-06 09:23:12,175] INFO:  >> [DEDUPLICATION] JP225 BUY signal suppressed (Duplicate).
[2026-05-06 09:23:12,175] ERROR:  >> [FAILED] JP225 BUY execution failed on Trial account.
[2026-05-06 09:23:12,190] INFO: SCANNING: DE30 | PRICE: 24520.00 | BIAS: BEARISH | ER: 0.31 | VEL: 1.9
[2026-05-06 09:23:12,190] INFO:  >> [GUARD] DE30 position already active. Skipping.
 !!! [MT5_RETRY_0] Order failed: Invalid volume (Code: 10014)
[2026-05-06 09:23:12,197] ERROR:  !!! [MT5_RETRY_0] Order failed: Invalid volume (Code: 10014)
 !!! [MT5_RETRY_1] Order failed: Invalid volume (Code: 10014)
[2026-05-06 09:23:12,197] ERROR:  !!! [MT5_RETRY_1] Order failed: Invalid volume (Code: 10014)
 !!! [MT5_RETRY_2] Order failed: Invalid volume (Code: 10014)
[2026-05-06 09:23:12,197] ERROR:  !!! [MT5_RETRY_2] Order failed: Invalid volume (Code: 10014)
[2026-05-06 09:23:22,499] INFO: SCANNING: JP225 | PRICE: 61067.50 | BIAS: BULLISH | ER: 0.37 | VEL: 2.15
[2026-05-06 09:23:23,556] INFO:  >> [VETERANCY] ALPHA Rank 2 detected. Applying 2x multiplier.
[2026-05-06 09:23:23,556] WARNING:  !! [SAFETY_CLAMP] Capping 0.06 -> 0.05 for JP225
[2026-05-06 09:23:23,556] INFO: VAULT_PASS [ALPHA]: JP225 0.05 (Risk: 1.160%)
[2026-05-06 09:23:23,556] INFO:  >> [EMPIRICAL] Using Optimized Targets: SL 1.0x | TP 2.0x
[2026-05-06 09:23:23,764] INFO:  !! [SAFETY_PASS] ALPHA validated for JP225 BUY 0.05
[2026-05-06 09:23:23,767] INFO:  >> [ALPHA_STRIKE] Safety Verified. Executing BUY JP225 @ 61067.5 | LOT: 0.05 | SL: 60849.42857142857 | TP: 61503.64285714286
 !!! [MT5_RETRY_0] Order failed: Invalid volume (Code: 10014)
[2026-05-06 09:23:23,767] ERROR:  !!! [MT5_RETRY_0] Order failed: Invalid volume (Code: 10014)
 !!! [MT5_RETRY_1] Order failed: Invalid volume (Code: 10014)
[2026-05-06 09:23:23,767] ERROR:  !!! [MT5_RETRY_1] Order failed: Invalid volume (Code: 10014)
 !!! [MT5_RETRY_2] Order failed: Invalid volume (Code: 10014)
[2026-05-06 09:23:23,767] ERROR:  !!! [MT5_RETRY_2] Order failed: Invalid volume (Code: 10014)
[2026-05-06 09:23:23,767] INFO:  >> [DEDUPLICATION] JP225 BUY signal suppressed (Duplicate).
[2026-05-06 09:23:23,767] ERROR:  >> [FAILED] JP225 BUY execution failed on Trial account.
[2026-05-06 09:23:23,775] INFO: SCANNING: DE30 | PRICE: 24520.00 | BIAS: BEARISH | ER: 0.31 | VEL: 1.9
[2026-05-06 09:23:23,775] INFO:  >> [GUARD] DE30 position already active. Skipping.
 !!! [MT5_RETRY_0] Order failed: Invalid volume (Code: 10014)
[2026-05-06 09:23:23,782] ERROR:  !!! [MT5_RETRY_0] Order failed: Invalid volume (Code: 10014)
 !!! [MT5_RETRY_1] Order failed: Invalid volume (Code: 10014)
[2026-05-06 09:23:23,783] ERROR:  !!! [MT5_RETRY_1] Order failed: Invalid volume (Code: 10014)
 !!! [MT5_RETRY_2] Order failed: Invalid volume (Code: 10014)
[2026-05-06 09:23:23,783] ERROR:  !!! [MT5_RETRY_2] Order failed: Invalid volume (Code: 10014)
[2026-05-06 09:23:34,098] INFO: SCANNING: JP225 | PRICE: 61063.00 | BIAS: BULLISH | ER: 0.37 | VEL: 2.19
[2026-05-06 09:23:35,135] INFO:  >> [VETERANCY] ALPHA Rank 2 detected. Applying 2x multiplier.
[2026-05-06 09:23:35,135] WARNING:  !! [SAFETY_CLAMP] Capping 0.06 -> 0.05 for JP225
[2026-05-06 09:23:35,135] INFO: VAULT_PASS [ALPHA]: JP225 0.05 (Risk: 1.160%)
[2026-05-06 09:23:35,135] INFO:  >> [EMPIRICAL] Using Optimized Targets: SL 1.0x | TP 2.0x
[2026-05-06 09:23:35,341] INFO:  !! [SAFETY_PASS] ALPHA validated for JP225 BUY 0.05
[2026-05-06 09:23:35,352] INFO:  >> [ALPHA_STRIKE] Safety Verified. Executing BUY JP225 @ 61063.0 | LOT: 0.05 | SL: 60844.92857142857 | TP: 61499.14285714286
 !!! [MT5_RETRY_0] Order failed: Invalid volume (Code: 10014)
[2026-05-06 09:23:35,352] ERROR:  !!! [MT5_RETRY_0] Order failed: Invalid volume (Code: 10014)
 !!! [MT5_RETRY_1] Order failed: Invalid volume (Code: 10014)
[2026-05-06 09:23:35,352] ERROR:  !!! [MT5_RETRY_1] Order failed: Invalid volume (Code: 10014)
 !!! [MT5_RETRY_2] Order failed: Invalid volume (Code: 10014)
[2026-05-06 09:23:35,354] ERROR:  !!! [MT5_RETRY_2] Order failed: Invalid volume (Code: 10014)
[2026-05-06 09:23:35,354] INFO:  >> [DEDUPLICATION] JP225 BUY signal suppressed (Duplicate).
[2026-05-06 09:23:35,354] ERROR:  >> [FAILED] JP225 BUY execution failed on Trial account.
[2026-05-06 09:23:35,362] INFO: SCANNING: DE30 | PRICE: 24519.60 | BIAS: BEARISH | ER: 0.31 | VEL: 1.92
[2026-05-06 09:23:35,362] INFO:  >> [GUARD] DE30 position already active. Skipping.
 !!! [MT5_RETRY_0] Order failed: Invalid volume (Code: 10014)
[2026-05-06 09:23:35,368] ERROR:  !!! [MT5_RETRY_0] Order failed: Invalid volume (Code: 10014)
 !!! [MT5_RETRY_1] Order failed: Invalid volume (Code: 10014)
[2026-05-06 09:23:35,370] ERROR:  !!! [MT5_RETRY_1] Order failed: Invalid volume (Code: 10014)
 !!! [MT5_RETRY_2] Order failed: Invalid volume (Code: 10014)
[2026-05-06 09:23:35,370] ERROR:  !!! [MT5_RETRY_2] Order failed: Invalid volume (Code: 10014)
[2026-05-06 09:23:45,667] INFO: SCANNING: JP225 | PRICE: 61069.70 | BIAS: BULLISH | ER: 0.37 | VEL: 2.14
[2026-05-06 09:23:46,697] INFO:  >> [VETERANCY] ALPHA Rank 2 detected. Applying 2x multiplier.
[2026-05-06 09:23:46,697] WARNING:  !! [SAFETY_CLAMP] Capping 0.06 -> 0.05 for JP225
[2026-05-06 09:23:46,697] INFO: VAULT_PASS [ALPHA]: JP225 0.05 (Risk: 1.160%)
[2026-05-06 09:23:46,699] INFO:  >> [EMPIRICAL] Using Optimized Targets: SL 1.0x | TP 2.0x
[2026-05-06 09:23:46,906] INFO:  !! [SAFETY_PASS] ALPHA validated for JP225 BUY 0.05
[2026-05-06 09:23:46,944] INFO:  >> [ALPHA_STRIKE] Safety Verified. Executing BUY JP225 @ 61069.7 | LOT: 0.05 | SL: 60851.62857142857 | TP: 61505.84285714286
 !!! [MT5_RETRY_0] Order failed: Invalid volume (Code: 10014)
[2026-05-06 09:23:46,944] ERROR:  !!! [MT5_RETRY_0] Order failed: Invalid volume (Code: 10014)
 !!! [MT5_RETRY_1] Order failed: Invalid volume (Code: 10014)
[2026-05-06 09:23:46,944] ERROR:  !!! [MT5_RETRY_1] Order failed: Invalid volume (Code: 10014)
 !!! [MT5_RETRY_2] Order failed: Invalid volume (Code: 10014)
[2026-05-06 09:23:46,945] ERROR:  !!! [MT5_RETRY_2] Order failed: Invalid volume (Code: 10014)
[2026-05-06 09:23:46,945] INFO:  >> [DEDUPLICATION] JP225 BUY signal suppressed (Duplicate).
[2026-05-06 09:23:46,945] ERROR:  >> [FAILED] JP225 BUY execution failed on Trial account.
[2026-05-06 09:23:46,954] INFO: SCANNING: DE30 | PRICE: 24520.60 | BIAS: BEARISH | ER: 0.31 | VEL: 1.87
[2026-05-06 09:23:46,954] INFO:  >> [GUARD] DE30 position already active. Skipping.
 !!! [MT5_RETRY_0] Order failed: Invalid volume (Code: 10014)
[2026-05-06 09:23:46,960] ERROR:  !!! [MT5_RETRY_0] Order failed: Invalid volume (Code: 10014)
 !!! [MT5_RETRY_1] Order failed: Invalid volume (Code: 10014)
[2026-05-06 09:23:46,960] ERROR:  !!! [MT5_RETRY_1] Order failed: Invalid volume (Code: 10014)
 !!! [MT5_RETRY_2] Order failed: Invalid volume (Code: 10014)
[2026-05-06 09:23:46,962] ERROR:  !!! [MT5_RETRY_2] Order failed: Invalid volume (Code: 10014)
[2026-05-06 09:23:57,270] INFO: SCANNING: JP225 | PRICE: 61064.50 | BIAS: BULLISH | ER: 0.37 | VEL: 2.18
[2026-05-06 09:23:58,320] INFO:  >> [VETERANCY] ALPHA Rank 2 detected. Applying 2x multiplier.
[2026-05-06 09:23:58,321] WARNING:  !! [SAFETY_CLAMP] Capping 0.06 -> 0.05 for JP225
[2026-05-06 09:23:58,321] INFO: VAULT_PASS [ALPHA]: JP225 0.05 (Risk: 1.160%)
[2026-05-06 09:23:58,321] INFO:  >> [EMPIRICAL] Using Optimized Targets: SL 1.0x | TP 2.0x
[2026-05-06 09:23:58,527] INFO:  !! [SAFETY_PASS] ALPHA validated for JP225 BUY 0.05
[2026-05-06 09:23:58,573] INFO:  >> [ALPHA_STRIKE] Safety Verified. Executing BUY JP225 @ 61064.5 | LOT: 0.05 | SL: 60846.42857142857 | TP: 61500.64285714286
 !!! [MT5_RETRY_0] Order failed: Invalid volume (Code: 10014)
[2026-05-06 09:23:58,574] ERROR:  !!! [MT5_RETRY_0] Order failed: Invalid volume (Code: 10014)
 !!! [MT5_RETRY_1] Order failed: Invalid volume (Code: 10014)
[2026-05-06 09:23:58,574] ERROR:  !!! [MT5_RETRY_1] Order failed: Invalid volume (Code: 10014)
 !!! [MT5_RETRY_2] Order failed: Invalid volume (Code: 10014)
[2026-05-06 09:23:58,576] ERROR:  !!! [MT5_RETRY_2] Order failed: Invalid volume (Code: 10014)
[2026-05-06 09:23:58,576] INFO:  >> [DEDUPLICATION] JP225 BUY signal suppressed (Duplicate).
[2026-05-06 09:23:58,576] ERROR:  >> [FAILED] JP225 BUY execution failed on Trial account.
[2026-05-06 09:23:58,611] INFO: SCANNING: DE30 | PRICE: 24518.80 | BIAS: BEARISH | ER: 0.31 | VEL: 1.95
[2026-05-06 09:23:58,613] INFO:  >> [GUARD] DE30 position already active. Skipping.
 !!! [MT5_RETRY_0] Order failed: Invalid volume (Code: 10014)
[2026-05-06 09:23:58,621] ERROR:  !!! [MT5_RETRY_0] Order failed: Invalid volume (Code: 10014)
 !!! [MT5_RETRY_1] Order failed: Invalid volume (Code: 10014)
[2026-05-06 09:23:58,621] ERROR:  !!! [MT5_RETRY_1] Order failed: Invalid volume (Code: 10014)
 !!! [MT5_RETRY_2] Order failed: Invalid volume (Code: 10014)
[2026-05-06 09:23:58,621] ERROR:  !!! [MT5_RETRY_2] Order failed: Invalid volume (Code: 10014)
[2026-05-06 09:24:08,956] INFO: SCANNING: JP225 | PRICE: 61064.60 | BIAS: BULLISH | ER: 0.37 | VEL: 2.18
[2026-05-06 09:24:09,987] INFO:  >> [VETERANCY] ALPHA Rank 2 detected. Applying 2x multiplier.
[2026-05-06 09:24:09,987] WARNING:  !! [SAFETY_CLAMP] Capping 0.06 -> 0.05 for JP225
[2026-05-06 09:24:09,987] INFO: VAULT_PASS [ALPHA]: JP225 0.05 (Risk: 1.150%)
[2026-05-06 09:24:09,988] INFO:  >> [EMPIRICAL] Using Optimized Targets: SL 1.0x | TP 2.0x
[2026-05-06 09:24:10,195] INFO:  !! [SAFETY_PASS] ALPHA validated for JP225 BUY 0.05
[2026-05-06 09:24:10,198] INFO:  >> [ALPHA_STRIKE] Safety Verified. Executing BUY JP225 @ 61064.6 | LOT: 0.05 | SL: 60846.52857142857 | TP: 61500.74285714286
 !!! [MT5_RETRY_0] Order failed: Invalid volume (Code: 10014)
[2026-05-06 09:24:10,198] ERROR:  !!! [MT5_RETRY_0] Order failed: Invalid volume (Code: 10014)
 !!! [MT5_RETRY_1] Order failed: Invalid volume (Code: 10014)
[2026-05-06 09:24:10,199] ERROR:  !!! [MT5_RETRY_1] Order failed: Invalid volume (Code: 10014)
 !!! [MT5_RETRY_2] Order failed: Invalid volume (Code: 10014)
[2026-05-06 09:24:10,200] ERROR:  !!! [MT5_RETRY_2] Order failed: Invalid volume (Code: 10014)
[2026-05-06 09:24:10,200] INFO:  >> [DEDUPLICATION] JP225 BUY signal suppressed (Duplicate).
[2026-05-06 09:24:10,200] ERROR:  >> [FAILED] JP225 BUY execution failed on Trial account.
[2026-05-06 09:24:10,207] INFO: SCANNING: DE30 | PRICE: 24517.80 | BIAS: BEARISH | ER: 0.31 | VEL: 1.99
[2026-05-06 09:24:10,208] INFO:  >> [GUARD] DE30 position already active. Skipping.
 !!! [MT5_RETRY_0] Order failed: Invalid volume (Code: 10014)
[2026-05-06 09:24:10,214] ERROR:  !!! [MT5_RETRY_0] Order failed: Invalid volume (Code: 10014)
 !!! [MT5_RETRY_1] Order failed: Invalid volume (Code: 10014)
[2026-05-06 09:24:10,214] ERROR:  !!! [MT5_RETRY_1] Order failed: Invalid volume (Code: 10014)
 !!! [MT5_RETRY_2] Order failed: Invalid volume (Code: 10014)
[2026-05-06 09:24:10,214] ERROR:  !!! [MT5_RETRY_2] Order failed: Invalid volume (Code: 10014)
[2026-05-06 09:24:20,552] INFO: SCANNING: JP225 | PRICE: 61059.70 | BIAS: BULLISH | ER: 0.36 | VEL: 2.21
[2026-05-06 09:24:21,668] INFO:  >> [VETERANCY] ALPHA Rank 2 detected. Applying 2x multiplier.
[2026-05-06 09:24:21,670] WARNING:  !! [SAFETY_CLAMP] Capping 0.06 -> 0.05 for JP225
[2026-05-06 09:24:21,670] INFO: VAULT_PASS [ALPHA]: JP225 0.05 (Risk: 1.160%)
[2026-05-06 09:24:21,670] INFO:  >> [EMPIRICAL] Using Optimized Targets: SL 1.0x | TP 2.0x
[2026-05-06 09:24:21,879] INFO:  !! [SAFETY_PASS] ALPHA validated for JP225 BUY 0.05
[2026-05-06 09:24:21,882] INFO:  >> [ALPHA_STRIKE] Safety Verified. Executing BUY JP225 @ 61059.7 | LOT: 0.05 | SL: 60841.62857142857 | TP: 61495.84285714286
 !!! [MT5_RETRY_0] Order failed: Invalid volume (Code: 10014)
[2026-05-06 09:24:21,882] ERROR:  !!! [MT5_RETRY_0] Order failed: Invalid volume (Code: 10014)
 !!! [MT5_RETRY_1] Order failed: Invalid volume (Code: 10014)
[2026-05-06 09:24:21,882] ERROR:  !!! [MT5_RETRY_1] Order failed: Invalid volume (Code: 10014)
 !!! [MT5_RETRY_2] Order failed: Invalid volume (Code: 10014)
[2026-05-06 09:24:21,882] ERROR:  !!! [MT5_RETRY_2] Order failed: Invalid volume (Code: 10014)
[2026-05-06 09:24:21,882] INFO:  >> [DEDUPLICATION] JP225 BUY signal suppressed (Duplicate).
[2026-05-06 09:24:21,882] ERROR:  >> [FAILED] JP225 BUY execution failed on Trial account.
[2026-05-06 09:24:21,892] INFO: SCANNING: DE30 | PRICE: 24517.00 | BIAS: BEARISH | ER: 0.31 | VEL: 2.03
[2026-05-06 09:24:21,892] INFO:  >> [GUARD] DE30 position already active. Skipping.
 !!! [MT5_RETRY_0] Order failed: Invalid volume (Code: 10014)
[2026-05-06 09:24:21,898] ERROR:  !!! [MT5_RETRY_0] Order failed: Invalid volume (Code: 10014)
 !!! [MT5_RETRY_1] Order failed: Invalid volume (Code: 10014)
[2026-05-06 09:24:21,898] ERROR:  !!! [MT5_RETRY_1] Order failed: Invalid volume (Code: 10014)
 !!! [MT5_RETRY_2] Order failed: Invalid volume (Code: 10014)
[2026-05-06 09:24:21,898] ERROR:  !!! [MT5_RETRY_2] Order failed: Invalid volume (Code: 10014)
[2026-05-06 09:24:32,231] INFO: SCANNING: JP225 | PRICE: 61061.20 | BIAS: BULLISH | ER: 0.36 | VEL: 2.2
[2026-05-06 09:24:33,341] INFO:  >> [VETERANCY] ALPHA Rank 2 detected. Applying 2x multiplier.
[2026-05-06 09:24:33,341] WARNING:  !! [SAFETY_CLAMP] Capping 0.06 -> 0.05 for JP225
[2026-05-06 09:24:33,341] INFO: VAULT_PASS [ALPHA]: JP225 0.05 (Risk: 1.160%)
[2026-05-06 09:24:33,341] INFO:  >> [EMPIRICAL] Using Optimized Targets: SL 1.0x | TP 2.0x
[2026-05-06 09:24:33,548] INFO:  !! [SAFETY_PASS] ALPHA validated for JP225 BUY 0.05
[2026-05-06 09:24:33,552] INFO:  >> [ALPHA_STRIKE] Safety Verified. Executing BUY JP225 @ 61061.2 | LOT: 0.05 | SL: 60843.12857142857 | TP: 61497.34285714286
 !!! [MT5_RETRY_0] Order failed: Invalid volume (Code: 10014)
[2026-05-06 09:24:33,552] ERROR:  !!! [MT5_RETRY_0] Order failed: Invalid volume (Code: 10014)
 !!! [MT5_RETRY_1] Order failed: Invalid volume (Code: 10014)
[2026-05-06 09:24:33,553] ERROR:  !!! [MT5_RETRY_1] Order failed: Invalid volume (Code: 10014)
 !!! [MT5_RETRY_2] Order failed: Invalid volume (Code: 10014)
[2026-05-06 09:24:33,553] ERROR:  !!! [MT5_RETRY_2] Order failed: Invalid volume (Code: 10014)
[2026-05-06 09:24:33,553] INFO:  >> [DEDUPLICATION] JP225 BUY signal suppressed (Duplicate).
[2026-05-06 09:24:33,553] ERROR:  >> [FAILED] JP225 BUY execution failed on Trial account.
[2026-05-06 09:24:33,559] INFO: SCANNING: DE30 | PRICE: 24517.60 | BIAS: BEARISH | ER: 0.31 | VEL: 2.0
[2026-05-06 09:24:33,561] INFO:  >> [GUARD] DE30 position already active. Skipping.
 !!! [MT5_RETRY_0] Order failed: Invalid volume (Code: 10014)
[2026-05-06 09:24:33,567] ERROR:  !!! [MT5_RETRY_0] Order failed: Invalid volume (Code: 10014)
 !!! [MT5_RETRY_1] Order failed: Invalid volume (Code: 10014)
[2026-05-06 09:24:33,568] ERROR:  !!! [MT5_RETRY_1] Order failed: Invalid volume (Code: 10014)
 !!! [MT5_RETRY_2] Order failed: Invalid volume (Code: 10014)
[2026-05-06 09:24:33,568] ERROR:  !!! [MT5_RETRY_2] Order failed: Invalid volume (Code: 10014)
[2026-05-06 09:24:43,908] INFO: SCANNING: JP225 | PRICE: 61059.70 | BIAS: BULLISH | ER: 0.36 | VEL: 2.21
[2026-05-06 09:24:45,011] INFO:  >> [VETERANCY] ALPHA Rank 2 detected. Applying 2x multiplier.
[2026-05-06 09:24:45,011] WARNING:  !! [SAFETY_CLAMP] Capping 0.06 -> 0.05 for JP225
[2026-05-06 09:24:45,011] INFO: VAULT_PASS [ALPHA]: JP225 0.05 (Risk: 1.160%)
[2026-05-06 09:24:45,013] INFO:  >> [EMPIRICAL] Using Optimized Targets: SL 1.0x | TP 2.0x
[2026-05-06 09:24:45,223] INFO:  !! [SAFETY_PASS] ALPHA validated for JP225 BUY 0.05
[2026-05-06 09:24:45,261] INFO:  >> [ALPHA_STRIKE] Safety Verified. Executing BUY JP225 @ 61059.7 | LOT: 0.05 | SL: 60841.62857142857 | TP: 61495.84285714286
 !!! [MT5_RETRY_0] Order failed: Invalid volume (Code: 10014)
[2026-05-06 09:24:45,262] ERROR:  !!! [MT5_RETRY_0] Order failed: Invalid volume (Code: 10014)
 !!! [MT5_RETRY_1] Order failed: Invalid volume (Code: 10014)
[2026-05-06 09:24:45,262] ERROR:  !!! [MT5_RETRY_1] Order failed: Invalid volume (Code: 10014)
 !!! [MT5_RETRY_2] Order failed: Invalid volume (Code: 10014)
[2026-05-06 09:24:45,262] ERROR:  !!! [MT5_RETRY_2] Order failed: Invalid volume (Code: 10014)
[2026-05-06 09:24:45,262] INFO:  >> [DEDUPLICATION] JP225 BUY signal suppressed (Duplicate).
[2026-05-06 09:24:45,262] ERROR:  >> [FAILED] JP225 BUY execution failed on Trial account.
[2026-05-06 09:24:45,271] INFO: SCANNING: DE30 | PRICE: 24516.70 | BIAS: BEARISH | ER: 0.31 | VEL: 2.04
[2026-05-06 09:24:45,271] INFO:  >> [GUARD] DE30 position already active. Skipping.
 !!! [MT5_RETRY_0] Order failed: Invalid volume (Code: 10014)
[2026-05-06 09:24:45,278] ERROR:  !!! [MT5_RETRY_0] Order failed: Invalid volume (Code: 10014)
 !!! [MT5_RETRY_1] Order failed: Invalid volume (Code: 10014)
[2026-05-06 09:24:45,278] ERROR:  !!! [MT5_RETRY_1] Order failed: Invalid volume (Code: 10014)
 !!! [MT5_RETRY_2] Order failed: Invalid volume (Code: 10014)
[2026-05-06 09:24:45,278] ERROR:  !!! [MT5_RETRY_2] Order failed: Invalid volume (Code: 10014)
[2026-05-06 09:24:55,610] INFO: SCANNING: JP225 | PRICE: 61058.50 | BIAS: BULLISH | ER: 0.36 | VEL: 2.22
[2026-05-06 09:24:56,647] INFO:  >> [VETERANCY] ALPHA Rank 2 detected. Applying 2x multiplier.
[2026-05-06 09:24:56,647] WARNING:  !! [SAFETY_CLAMP] Capping 0.06 -> 0.05 for JP225
[2026-05-06 09:24:56,647] INFO: VAULT_PASS [ALPHA]: JP225 0.05 (Risk: 1.160%)
[2026-05-06 09:24:56,647] INFO:  >> [EMPIRICAL] Using Optimized Targets: SL 1.0x | TP 2.0x
[2026-05-06 09:24:56,857] INFO:  !! [SAFETY_PASS] ALPHA validated for JP225 BUY 0.05
[2026-05-06 09:24:56,893] INFO:  >> [ALPHA_STRIKE] Safety Verified. Executing BUY JP225 @ 61058.5 | LOT: 0.05 | SL: 60840.42857142857 | TP: 61494.64285714286
 !!! [MT5_RETRY_0] Order failed: Invalid volume (Code: 10014)
[2026-05-06 09:24:56,893] ERROR:  !!! [MT5_RETRY_0] Order failed: Invalid volume (Code: 10014)
 !!! [MT5_RETRY_1] Order failed: Invalid volume (Code: 10014)
[2026-05-06 09:24:56,893] ERROR:  !!! [MT5_RETRY_1] Order failed: Invalid volume (Code: 10014)
 !!! [MT5_RETRY_2] Order failed: Invalid volume (Code: 10014)
[2026-05-06 09:24:56,893] ERROR:  !!! [MT5_RETRY_2] Order failed: Invalid volume (Code: 10014)
[2026-05-06 09:24:56,895] INFO:  >> [DEDUPLICATION] JP225 BUY signal suppressed (Duplicate).
[2026-05-06 09:24:56,895] ERROR:  >> [FAILED] JP225 BUY execution failed on Trial account.
[2026-05-06 09:24:56,901] INFO: SCANNING: DE30 | PRICE: 24516.70 | BIAS: BEARISH | ER: 0.31 | VEL: 2.04
[2026-05-06 09:24:56,901] INFO:  >> [GUARD] DE30 position already active. Skipping.
 !!! [MT5_RETRY_0] Order failed: Invalid volume (Code: 10014)
[2026-05-06 09:24:56,907] ERROR:  !!! [MT5_RETRY_0] Order failed: Invalid volume (Code: 10014)
 !!! [MT5_RETRY_1] Order failed: Invalid volume (Code: 10014)
[2026-05-06 09:24:56,909] ERROR:  !!! [MT5_RETRY_1] Order failed: Invalid volume (Code: 10014)
 !!! [MT5_RETRY_2] Order failed: Invalid volume (Code: 10014)
[2026-05-06 09:24:56,909] ERROR:  !!! [MT5_RETRY_2] Order failed: Invalid volume (Code: 10014)
[2026-05-06 09:25:07,241] INFO: SCANNING: JP225 | PRICE: 61059.70 | BIAS: BULLISH | ER: 0.36 | VEL: 2.21
[2026-05-06 09:25:08,298] INFO:  >> [VETERANCY] ALPHA Rank 2 detected. Applying 2x multiplier.
[2026-05-06 09:25:08,299] WARNING:  !! [SAFETY_CLAMP] Capping 0.06 -> 0.05 for JP225
[2026-05-06 09:25:08,299] INFO: VAULT_PASS [ALPHA]: JP225 0.05 (Risk: 1.160%)
[2026-05-06 09:25:08,299] INFO:  >> [EMPIRICAL] Using Optimized Targets: SL 1.0x | TP 2.0x
[2026-05-06 09:25:08,504] INFO:  !! [SAFETY_PASS] ALPHA validated for JP225 BUY 0.05
[2026-05-06 09:25:08,507] INFO:  >> [ALPHA_STRIKE] Safety Verified. Executing BUY JP225 @ 61059.7 | LOT: 0.05 | SL: 60841.62857142857 | TP: 61495.84285714286
 !!! [MT5_RETRY_0] Order failed: Invalid volume (Code: 10014)
[2026-05-06 09:25:08,507] ERROR:  !!! [MT5_RETRY_0] Order failed: Invalid volume (Code: 10014)
 !!! [MT5_RETRY_1] Order failed: Invalid volume (Code: 10014)
[2026-05-06 09:25:08,507] ERROR:  !!! [MT5_RETRY_1] Order failed: Invalid volume (Code: 10014)
 !!! [MT5_RETRY_2] Order failed: Invalid volume (Code: 10014)
[2026-05-06 09:25:08,507] ERROR:  !!! [MT5_RETRY_2] Order failed: Invalid volume (Code: 10014)
[2026-05-06 09:25:08,507] INFO:  >> [DEDUPLICATION] JP225 BUY signal suppressed (Duplicate).
[2026-05-06 09:25:08,508] ERROR:  >> [FAILED] JP225 BUY execution failed on Trial account.
[2026-05-06 09:25:08,516] INFO: SCANNING: DE30 | PRICE: 24519.00 | BIAS: BEARISH | ER: 0.31 | VEL: 1.94
[2026-05-06 09:25:08,516] INFO:  >> [GUARD] DE30 position already active. Skipping.
 !!! [MT5_RETRY_0] Order failed: Invalid volume (Code: 10014)
[2026-05-06 09:25:08,522] ERROR:  !!! [MT5_RETRY_0] Order failed: Invalid volume (Code: 10014)
 !!! [MT5_RETRY_1] Order failed: Invalid volume (Code: 10014)
[2026-05-06 09:25:08,522] ERROR:  !!! [MT5_RETRY_1] Order failed: Invalid volume (Code: 10014)
 !!! [MT5_RETRY_2] Order failed: Invalid volume (Code: 10014)
[2026-05-06 09:25:08,522] ERROR:  !!! [MT5_RETRY_2] Order failed: Invalid volume (Code: 10014)
[2026-05-06 09:25:18,874] INFO: SCANNING: JP225 | PRICE: 61049.40 | BIAS: BULLISH | ER: 0.35 | VEL: 2.3
[2026-05-06 09:25:19,927] INFO:  >> [VETERANCY] ALPHA Rank 2 detected. Applying 2x multiplier.
[2026-05-06 09:25:19,927] WARNING:  !! [SAFETY_CLAMP] Capping 0.06 -> 0.05 for JP225
[2026-05-06 09:25:19,927] INFO: VAULT_PASS [ALPHA]: JP225 0.05 (Risk: 1.150%)
[2026-05-06 09:25:19,929] INFO:  >> [EMPIRICAL] Using Optimized Targets: SL 1.0x | TP 2.0x
[2026-05-06 09:25:20,134] INFO:  !! [SAFETY_PASS] ALPHA validated for JP225 BUY 0.05
[2026-05-06 09:25:20,136] INFO:  >> [ALPHA_STRIKE] Safety Verified. Executing BUY JP225 @ 61049.4 | LOT: 0.05 | SL: 60831.328571428574 | TP: 61485.542857142864
 !!! [MT5_RETRY_0] Order failed: Invalid volume (Code: 10014)
[2026-05-06 09:25:20,138] ERROR:  !!! [MT5_RETRY_0] Order failed: Invalid volume (Code: 10014)
 !!! [MT5_RETRY_1] Order failed: Invalid volume (Code: 10014)
[2026-05-06 09:25:20,138] ERROR:  !!! [MT5_RETRY_1] Order failed: Invalid volume (Code: 10014)
 !!! [MT5_RETRY_2] Order failed: Invalid volume (Code: 10014)
[2026-05-06 09:25:20,138] ERROR:  !!! [MT5_RETRY_2] Order failed: Invalid volume (Code: 10014)
[2026-05-06 09:25:20,138] INFO:  >> [DEDUPLICATION] JP225 BUY signal suppressed (Duplicate).
[2026-05-06 09:25:20,138] ERROR:  >> [FAILED] JP225 BUY execution failed on Trial account.
[2026-05-06 09:25:20,146] INFO: SCANNING: DE30 | PRICE: 24517.60 | BIAS: BEARISH | ER: 0.31 | VEL: 2.0
[2026-05-06 09:25:20,146] INFO:  >> [GUARD] DE30 position already active. Skipping.
 !!! [MT5_RETRY_0] Order failed: Invalid volume (Code: 10014)
[2026-05-06 09:25:20,153] ERROR:  !!! [MT5_RETRY_0] Order failed: Invalid volume (Code: 10014)
 !!! [MT5_RETRY_1] Order failed: Invalid volume (Code: 10014)
[2026-05-06 09:25:20,153] ERROR:  !!! [MT5_RETRY_1] Order failed: Invalid volume (Code: 10014)
 !!! [MT5_RETRY_2] Order failed: Invalid volume (Code: 10014)
[2026-05-06 09:25:20,153] ERROR:  !!! [MT5_RETRY_2] Order failed: Invalid volume (Code: 10014)
[2026-05-06 09:25:30,472] INFO: SCANNING: JP225 | PRICE: 61056.10 | BIAS: BULLISH | ER: 0.36 | VEL: 2.24
[2026-05-06 09:25:31,501] INFO:  >> [VETERANCY] ALPHA Rank 2 detected. Applying 2x multiplier.
[2026-05-06 09:25:31,501] WARNING:  !! [SAFETY_CLAMP] Capping 0.06 -> 0.05 for JP225
[2026-05-06 09:25:31,503] INFO: VAULT_PASS [ALPHA]: JP225 0.05 (Risk: 1.150%)
[2026-05-06 09:25:31,503] INFO:  >> [EMPIRICAL] Using Optimized Targets: SL 1.0x | TP 2.0x
[2026-05-06 09:25:31,709] INFO:  !! [SAFETY_PASS] ALPHA validated for JP225 BUY 0.05
[2026-05-06 09:25:31,747] INFO:  >> [ALPHA_STRIKE] Safety Verified. Executing BUY JP225 @ 61056.1 | LOT: 0.05 | SL: 60838.02857142857 | TP: 61492.24285714286
 !!! [MT5_RETRY_0] Order failed: Invalid volume (Code: 10014)
[2026-05-06 09:25:31,747] ERROR:  !!! [MT5_RETRY_0] Order failed: Invalid volume (Code: 10014)
 !!! [MT5_RETRY_1] Order failed: Invalid volume (Code: 10014)
[2026-05-06 09:25:31,747] ERROR:  !!! [MT5_RETRY_1] Order failed: Invalid volume (Code: 10014)
 !!! [MT5_RETRY_2] Order failed: Invalid volume (Code: 10014)
[2026-05-06 09:25:31,748] ERROR:  !!! [MT5_RETRY_2] Order failed: Invalid volume (Code: 10014)
[2026-05-06 09:25:31,748] INFO:  >> [DEDUPLICATION] JP225 BUY signal suppressed (Duplicate).
[2026-05-06 09:25:31,748] ERROR:  >> [FAILED] JP225 BUY execution failed on Trial account.
[2026-05-06 09:25:31,756] INFO: SCANNING: DE30 | PRICE: 24519.50 | BIAS: BEARISH | ER: 0.31 | VEL: 1.92
[2026-05-06 09:25:31,756] INFO:  >> [GUARD] DE30 position already active. Skipping.
 !!! [MT5_RETRY_0] Order failed: Invalid volume (Code: 10014)
[2026-05-06 09:25:31,763] ERROR:  !!! [MT5_RETRY_0] Order failed: Invalid volume (Code: 10014)
 !!! [MT5_RETRY_1] Order failed: Invalid volume (Code: 10014)
[2026-05-06 09:25:31,764] ERROR:  !!! [MT5_RETRY_1] Order failed: Invalid volume (Code: 10014)
 !!! [MT5_RETRY_2] Order failed: Invalid volume (Code: 10014)
[2026-05-06 09:25:31,764] ERROR:  !!! [MT5_RETRY_2] Order failed: Invalid volume (Code: 10014)
[2026-05-06 09:25:42,102] INFO: SCANNING: JP225 | PRICE: 61061.10 | BIAS: BULLISH | ER: 0.36 | VEL: 2.2
[2026-05-06 09:25:43,153] INFO:  >> [VETERANCY] ALPHA Rank 2 detected. Applying 2x multiplier.
[2026-05-06 09:25:43,153] WARNING:  !! [SAFETY_CLAMP] Capping 0.06 -> 0.05 for JP225
[2026-05-06 09:25:43,153] INFO: VAULT_PASS [ALPHA]: JP225 0.05 (Risk: 1.160%)
[2026-05-06 09:25:43,153] INFO:  >> [EMPIRICAL] Using Optimized Targets: SL 1.0x | TP 2.0x
[2026-05-06 09:25:43,364] INFO:  !! [SAFETY_PASS] ALPHA validated for JP225 BUY 0.05
[2026-05-06 09:25:43,402] INFO:  >> [ALPHA_STRIKE] Safety Verified. Executing BUY JP225 @ 61061.1 | LOT: 0.05 | SL: 60843.02857142857 | TP: 61497.24285714286
 !!! [MT5_RETRY_0] Order failed: Invalid volume (Code: 10014)
[2026-05-06 09:25:43,402] ERROR:  !!! [MT5_RETRY_0] Order failed: Invalid volume (Code: 10014)
 !!! [MT5_RETRY_1] Order failed: Invalid volume (Code: 10014)
[2026-05-06 09:25:43,402] ERROR:  !!! [MT5_RETRY_1] Order failed: Invalid volume (Code: 10014)
 !!! [MT5_RETRY_2] Order failed: Invalid volume (Code: 10014)
[2026-05-06 09:25:43,402] ERROR:  !!! [MT5_RETRY_2] Order failed: Invalid volume (Code: 10014)
[2026-05-06 09:25:43,402] INFO:  >> [DEDUPLICATION] JP225 BUY signal suppressed (Duplicate).
[2026-05-06 09:25:43,404] ERROR:  >> [FAILED] JP225 BUY execution failed on Trial account.
[2026-05-06 09:25:43,412] INFO: SCANNING: DE30 | PRICE: 24520.10 | BIAS: BEARISH | ER: 0.31 | VEL: 1.89
[2026-05-06 09:25:43,412] INFO:  >> [GUARD] DE30 position already active. Skipping.
 !!! [MT5_RETRY_0] Order failed: Invalid volume (Code: 10014)
[2026-05-06 09:25:43,419] ERROR:  !!! [MT5_RETRY_0] Order failed: Invalid volume (Code: 10014)
 !!! [MT5_RETRY_1] Order failed: Invalid volume (Code: 10014)
[2026-05-06 09:25:43,419] ERROR:  !!! [MT5_RETRY_1] Order failed: Invalid volume (Code: 10014)
 !!! [MT5_RETRY_2] Order failed: Invalid volume (Code: 10014)
[2026-05-06 09:25:43,419] ERROR:  !!! [MT5_RETRY_2] Order failed: Invalid volume (Code: 10014)
[2026-05-06 09:35:43,249] INFO: --- IRON CORE ENGINE v3.0 ACTIVE ---
[2026-05-06 09:35:49,365] INFO: SCANNING: JP225 | PRICE: 61023.60 | BIAS: BULLISH | ER: 0.4 | VEL: 2.49
[2026-05-06 09:35:50,508] INFO:  >> [VETERANCY] ALPHA Rank 2 detected. Applying 2x multiplier.
[2026-05-06 09:35:50,508] WARNING:  !! [SAFETY_CLAMP] Capping 0.06 -> 0.05 for JP225
[2026-05-06 09:35:50,508] INFO: VAULT_PASS [ALPHA]: JP225 0.05 (Risk: 1.140%)
[2026-05-06 09:35:50,508] INFO:  >> [EMPIRICAL] Using Optimized Targets: SL 1.0x | TP 2.0x
[2026-05-06 09:35:50,743] INFO:  !! [SAFETY_PASS] ALPHA validated for JP225 BUY 0.05
[2026-05-06 09:35:50,746] INFO:  >> [ALPHA_STRIKE] Safety Verified. Executing BUY JP225 @ 61023.6 | LOT: 0.05 | SL: 60802.50714285714 | TP: 61465.78571428572
 !!! [MT5_RETRY_0] Order failed: Invalid volume (Code: 10014)
[2026-05-06 09:35:50,746] ERROR:  !!! [MT5_RETRY_0] Order failed: Invalid volume (Code: 10014)
 !!! [MT5_RETRY_1] Order failed: Invalid volume (Code: 10014)
[2026-05-06 09:35:50,747] ERROR:  !!! [MT5_RETRY_1] Order failed: Invalid volume (Code: 10014)
 !!! [MT5_RETRY_2] Order failed: Invalid volume (Code: 10014)
[2026-05-06 09:35:50,747] ERROR:  !!! [MT5_RETRY_2] Order failed: Invalid volume (Code: 10014)
[2026-05-06 09:35:51,783] INFO:  >> [RELAY] Signal relayed to Telegram.
[2026-05-06 09:35:51,783] ERROR:  >> [FAILED] JP225 BUY execution failed on Trial account.
[2026-05-06 09:35:51,793] INFO: SCANNING: DE30 | PRICE: 24507.90 | BIAS: BEARISH | ER: 0.36 | VEL: 1.56
[2026-05-06 09:35:51,793] INFO:  >> [GUARD] DE30 position already active. Skipping.
 !!! [MT5_RETRY_0] Order failed: Invalid volume (Code: 10014)
[2026-05-06 09:35:51,799] ERROR:  !!! [MT5_RETRY_0] Order failed: Invalid volume (Code: 10014)
 !!! [MT5_RETRY_1] Order failed: Invalid volume (Code: 10014)
[2026-05-06 09:35:51,799] ERROR:  !!! [MT5_RETRY_1] Order failed: Invalid volume (Code: 10014)
 !!! [MT5_RETRY_2] Order failed: Invalid volume (Code: 10014)
[2026-05-06 09:35:51,800] ERROR:  !!! [MT5_RETRY_2] Order failed: Invalid volume (Code: 10014)
[2026-05-06 09:40:48,401] INFO: --- IRON CORE ENGINE v3.0 ACTIVE ---
[2026-05-06 09:40:53,651] INFO: SCANNING: AUDUSD | PRICE: 0.72 | BIAS: BULLISH | ER: 0.71 | VEL: 0.48
[2026-05-06 09:40:54,638] INFO:  >> [VETERANCY] ALPHA Rank 2 detected. Applying 2x multiplier.
[2026-05-06 09:40:54,638] WARNING:  !! [SAFETY_CLAMP] Capping 0.13 -> 0.05 for AUDUSD
[2026-05-06 09:40:54,638] INFO: VAULT_PASS [ALPHA]: AUDUSD 0.05 (Risk: 1.130%, USD Risk: $3.95)
[2026-05-06 09:40:54,638] INFO:  >> [REGIME] Trending detected (ER: 0.71). Stretching TP for capture.
[2026-05-06 09:40:54,638] INFO:  >> [EMPIRICAL] Using Optimized Targets: SL 2.5x | TP 2.0x
[2026-05-06 09:40:54,867] INFO:  !! [SAFETY_PASS] ALPHA validated for AUDUSD BUY 0.05
[2026-05-06 09:40:54,871] INFO:  >> [ALPHA_STRIKE] Safety Verified. Executing BUY AUDUSD @ 0.7231 | LOT: 0.05 | SL: 0.7205660714285713 | TP: 0.7251271428571429
[2026-05-06 09:40:55,937] INFO:  >> [RELAY] Signal relayed to Telegram.
[2026-05-06 09:40:55,937] INFO:  >> [SUCCESS] AUDUSD BUY order completed.
[2026-05-06 09:40:55,940] INFO: SCANNING: XAUUSD | PRICE: 4631.26 | BIAS: BULLISH | ER: 0.53 | VEL: 0.72
[2026-05-06 09:40:55,940] INFO:  >> [GUARD] XAUUSD position already active. Skipping.
 !!! [MT5_RETRY_0] Order failed: Invalid volume (Code: 10014)
[2026-05-06 09:40:55,948] ERROR:  !!! [MT5_RETRY_0] Order failed: Invalid volume (Code: 10014)
 !!! [MT5_RETRY_1] Order failed: Invalid volume (Code: 10014)
[2026-05-06 09:40:55,948] ERROR:  !!! [MT5_RETRY_1] Order failed: Invalid volume (Code: 10014)
 !!! [MT5_RETRY_2] Order failed: Invalid volume (Code: 10014)
[2026-05-06 09:40:55,948] ERROR:  !!! [MT5_RETRY_2] Order failed: Invalid volume (Code: 10014)
[2026-05-06 09:41:06,248] INFO: SCANNING: XAUUSD | PRICE: 4631.26 | BIAS: BULLISH | ER: 0.53 | VEL: 0.72
[2026-05-06 09:41:06,248] INFO:  >> [GUARD] XAUUSD position already active. Skipping.
[2026-05-06 09:41:06,249] INFO: SCANNING: AUDUSD | PRICE: 0.72 | BIAS: BULLISH | ER: 0.71 | VEL: 0.56
[2026-05-06 09:41:06,249] INFO:  >> [GUARD] AUDUSD position already active. Skipping.
 !!! [MT5_RETRY_0] Order failed: Invalid volume (Code: 10014)
[2026-05-06 09:41:06,260] ERROR:  !!! [MT5_RETRY_0] Order failed: Invalid volume (Code: 10014)
 !!! [MT5_RETRY_1] Order failed: Invalid volume (Code: 10014)
[2026-05-06 09:41:06,260] ERROR:  !!! [MT5_RETRY_1] Order failed: Invalid volume (Code: 10014)
 !!! [MT5_RETRY_2] Order failed: Invalid volume (Code: 10014)
[2026-05-06 09:41:06,260] ERROR:  !!! [MT5_RETRY_2] Order failed: Invalid volume (Code: 10014)
[2026-05-06 09:41:40,435] INFO: --- IRON CORE ENGINE v3.0 ACTIVE ---
[2026-05-06 09:41:45,834] INFO: SCANNING: XAUUSD | PRICE: 4631.11 | BIAS: BULLISH | ER: 0.53 | VEL: 0.7
[2026-05-06 09:41:45,834] INFO:  >> [GUARD] XAUUSD position already active. Skipping.
[2026-05-06 09:41:45,835] INFO: SCANNING: AUDUSD | PRICE: 0.72 | BIAS: BULLISH | ER: 0.7 | VEL: 0.43
[2026-05-06 09:41:45,835] INFO:  >> [GUARD] AUDUSD position already active. Skipping.
[2026-05-06 09:41:56,150] INFO: SCANNING: XAUUSD | PRICE: 4630.76 | BIAS: BULLISH | ER: 0.53 | VEL: 0.66
[2026-05-06 09:41:56,152] INFO:  >> [GUARD] XAUUSD position already active. Skipping.
[2026-05-06 09:41:56,154] INFO: SCANNING: AUDUSD | PRICE: 0.72 | BIAS: BULLISH | ER: 0.71 | VEL: 0.51
[2026-05-06 09:41:56,155] INFO:  >> [GUARD] AUDUSD position already active. Skipping.
[2026-05-06 09:42:06,511] INFO: SCANNING: XAUUSD | PRICE: 4631.97 | BIAS: BULLISH | ER: 0.53 | VEL: 0.8
[2026-05-06 09:42:06,511] INFO:  >> [GUARD] XAUUSD position already active. Skipping.
[2026-05-06 09:42:06,511] INFO: SCANNING: AUDUSD | PRICE: 0.72 | BIAS: BULLISH | ER: 0.71 | VEL: 0.5
[2026-05-06 09:42:06,511] INFO:  >> [GUARD] AUDUSD position already active. Skipping.
[2026-05-06 09:42:16,867] INFO: SCANNING: XAUUSD | PRICE: 4632.32 | BIAS: BULLISH | ER: 0.53 | VEL: 0.84
[2026-05-06 09:42:16,867] INFO:  >> [GUARD] XAUUSD position already active. Skipping.
[2026-05-06 09:42:16,868] INFO: SCANNING: AUDUSD | PRICE: 0.72 | BIAS: BULLISH | ER: 0.71 | VEL: 0.5
[2026-05-06 09:42:16,868] INFO:  >> [GUARD] AUDUSD position already active. Skipping.
[2026-05-06 09:42:27,193] INFO: SCANNING: XAUUSD | PRICE: 4631.91 | BIAS: BULLISH | ER: 0.53 | VEL: 0.79
[2026-05-06 09:42:27,193] INFO:  >> [GUARD] XAUUSD position already active. Skipping.
[2026-05-06 09:42:27,194] INFO: SCANNING: AUDUSD | PRICE: 0.72 | BIAS: BULLISH | ER: 0.71 | VEL: 0.5
[2026-05-06 09:42:27,194] INFO:  >> [GUARD] AUDUSD position already active. Skipping.
[2026-05-06 09:42:37,503] INFO: SCANNING: XAUUSD | PRICE: 4632.00 | BIAS: BULLISH | ER: 0.53 | VEL: 0.8
[2026-05-06 09:42:37,503] INFO:  >> [GUARD] XAUUSD position already active. Skipping.
[2026-05-06 09:42:37,503] INFO: SCANNING: AUDUSD | PRICE: 0.72 | BIAS: BULLISH | ER: 0.71 | VEL: 0.51
[2026-05-06 09:42:37,503] INFO:  >> [GUARD] AUDUSD position already active. Skipping.
[2026-05-06 09:42:39,192] INFO: --- IRON CORE ENGINE v3.0 ACTIVE ---
[2026-05-06 09:42:44,126] INFO: SCANNING: XAUUSD | PRICE: 4632.31 | BIAS: BULLISH | ER: 0.53 | VEL: 0.84
[2026-05-06 09:42:44,127] INFO:  >> [GUARD] XAUUSD position already active. Skipping.
[2026-05-06 09:42:44,127] INFO: SCANNING: AUDUSD | PRICE: 0.72 | BIAS: BULLISH | ER: 0.71 | VEL: 0.5
[2026-05-06 09:42:44,128] INFO:  >> [GUARD] AUDUSD position already active. Skipping.
[2026-05-06 09:42:44,129] INFO:  >> [HARVESTER] ALPHA is dominating. Scaling in reinforcements...
[2026-05-06 09:42:44,129] ERROR:  !! [HARVESTER_ERR] cannot access local variable 'lot' where it is not associated with a value
[2026-05-06 09:42:54,346] INFO:  >> [SAFE_HANDOVER] Syncing JP225 SL to 60829.54086
[2026-05-06 09:42:54,470] INFO: SCANNING: AUDUSD | PRICE: 0.72 | BIAS: BULLISH | ER: 0.7 | VEL: 0.41
[2026-05-06 09:42:54,470] INFO:  >> [GUARD] AUDUSD position already active. Skipping.
[2026-05-06 09:42:54,478] INFO:  >> [HARVESTER] ALPHA is dominating. Scaling in reinforcements...
[2026-05-06 09:43:04,683] INFO:  >> [SAFE_HANDOVER] Syncing JP225 SL to 60829.54086
[2026-05-06 09:43:04,685] INFO:  >> [SAFE_HANDOVER] Syncing JP225 SL to 60825.64086
[2026-05-06 09:43:04,809] INFO: SCANNING: AUDUSD | PRICE: 0.72 | BIAS: BULLISH | ER: 0.7 | VEL: 0.43
[2026-05-06 09:43:04,809] INFO:  >> [GUARD] AUDUSD position already active. Skipping.
[2026-05-06 09:43:04,817] INFO:  >> [HARVESTER] ALPHA is dominating. Scaling in reinforcements...
[2026-05-06 09:43:15,095] INFO:  >> [SAFE_HANDOVER] Syncing JP225 SL to 60829.54086
[2026-05-06 09:43:15,096] INFO:  >> [SAFE_HANDOVER] Syncing JP225 SL to 60825.64086
[2026-05-06 09:43:15,098] INFO:  >> [SAFE_HANDOVER] Syncing JP225 SL to 60831.14086
[2026-05-06 09:43:15,221] INFO: SCANNING: AUDUSD | PRICE: 0.72 | BIAS: BULLISH | ER: 0.7 | VEL: 0.44
[2026-05-06 09:43:15,221] INFO:  >> [GUARD] AUDUSD position already active. Skipping.
[2026-05-06 09:43:15,228] INFO:  >> [HARVESTER] ALPHA is dominating. Scaling in reinforcements...
[2026-05-06 09:43:25,464] INFO:  >> [SAFE_HANDOVER] Syncing JP225 SL to 60829.54086
[2026-05-06 09:43:25,464] INFO:  >> [SAFE_HANDOVER] Syncing JP225 SL to 60825.64086
[2026-05-06 09:43:25,464] INFO:  >> [SAFE_HANDOVER] Syncing JP225 SL to 60831.14086
[2026-05-06 09:43:25,466] INFO:  >> [SAFE_HANDOVER] Syncing JP225 SL to 60833.64086
[2026-05-06 09:43:25,588] INFO: SCANNING: AUDUSD | PRICE: 0.72 | BIAS: BULLISH | ER: 0.7 | VEL: 0.41
[2026-05-06 09:43:25,588] INFO:  >> [GUARD] AUDUSD position already active. Skipping.
[2026-05-06 09:43:25,595] INFO:  >> [HARVESTER] ALPHA is dominating. Scaling in reinforcements...
[2026-05-06 09:43:35,821] INFO:  >> [SAFE_HANDOVER] Syncing JP225 SL to 60829.54086
[2026-05-06 09:43:35,821] INFO:  >> [SAFE_HANDOVER] Syncing JP225 SL to 60825.64086
[2026-05-06 09:43:35,821] INFO:  >> [SAFE_HANDOVER] Syncing JP225 SL to 60831.14086
[2026-05-06 09:43:35,822] INFO:  >> [SAFE_HANDOVER] Syncing JP225 SL to 60833.64086
[2026-05-06 09:43:35,824] INFO:  >> [SAFE_HANDOVER] Syncing JP225 SL to 60828.64086
[2026-05-06 09:43:35,947] INFO: SCANNING: AUDUSD | PRICE: 0.72 | BIAS: BULLISH | ER: 0.69 | VEL: 0.38
[2026-05-06 09:43:35,947] INFO:  >> [GUARD] AUDUSD position already active. Skipping.
[2026-05-06 09:43:35,955] INFO:  >> [HARVESTER] ALPHA is dominating. Scaling in reinforcements...
[2026-05-06 09:43:46,202] INFO:  >> [SAFE_HANDOVER] Syncing JP225 SL to 60829.54086
[2026-05-06 09:43:46,202] INFO:  >> [SAFE_HANDOVER] Syncing JP225 SL to 60825.64086
[2026-05-06 09:43:46,203] INFO:  >> [SAFE_HANDOVER] Syncing JP225 SL to 60831.14086
[2026-05-06 09:43:46,203] INFO:  >> [SAFE_HANDOVER] Syncing JP225 SL to 60833.64086
[2026-05-06 09:43:46,203] INFO:  >> [SAFE_HANDOVER] Syncing JP225 SL to 60828.64086
[2026-05-06 09:43:46,204] INFO:  >> [SAFE_HANDOVER] Syncing JP225 SL to 60828.74086
[2026-05-06 09:43:46,298] INFO: SCANNING: AUDUSD | PRICE: 0.72 | BIAS: BULLISH | ER: 0.7 | VEL: 0.41
[2026-05-06 09:43:46,298] INFO:  >> [GUARD] AUDUSD position already active. Skipping.
[2026-05-06 09:43:46,299] INFO:  >> [HARVESTER] ALPHA is dominating. Scaling in reinforcements...
[2026-05-06 09:43:56,501] INFO:  >> [SAFE_HANDOVER] Syncing JP225 SL to 60829.54086
[2026-05-06 09:43:56,501] INFO:  >> [SAFE_HANDOVER] Syncing JP225 SL to 60825.64086
[2026-05-06 09:43:56,502] INFO:  >> [SAFE_HANDOVER] Syncing JP225 SL to 60831.14086
[2026-05-06 09:43:56,502] INFO:  >> [SAFE_HANDOVER] Syncing JP225 SL to 60833.64086
[2026-05-06 09:43:56,502] INFO:  >> [SAFE_HANDOVER] Syncing JP225 SL to 60828.64086
[2026-05-06 09:43:56,502] INFO:  >> [SAFE_HANDOVER] Syncing JP225 SL to 60828.74086
[2026-05-06 09:43:56,503] INFO:  >> [SAFE_HANDOVER] Syncing JP225 SL to 60831.84086
[2026-05-06 09:43:56,626] INFO: SCANNING: AUDUSD | PRICE: 0.72 | BIAS: BULLISH | ER: 0.7 | VEL: 0.43
[2026-05-06 09:43:56,626] INFO:  >> [GUARD] AUDUSD position already active. Skipping.
[2026-05-06 09:43:56,628] INFO:  >> [HARVESTER] ALPHA is dominating. Scaling in reinforcements...
[2026-05-06 09:44:06,884] INFO:  >> [SAFE_HANDOVER] Syncing JP225 SL to 60829.54086
[2026-05-06 09:44:06,884] INFO:  >> [SAFE_HANDOVER] Syncing JP225 SL to 60825.64086
[2026-05-06 09:44:06,884] INFO:  >> [SAFE_HANDOVER] Syncing JP225 SL to 60831.14086
[2026-05-06 09:44:06,885] INFO:  >> [SAFE_HANDOVER] Syncing JP225 SL to 60833.64086
[2026-05-06 09:44:06,885] INFO:  >> [SAFE_HANDOVER] Syncing JP225 SL to 60828.64086
[2026-05-06 09:44:06,885] INFO:  >> [SAFE_HANDOVER] Syncing JP225 SL to 60828.74086
[2026-05-06 09:44:06,886] INFO:  >> [SAFE_HANDOVER] Syncing JP225 SL to 60831.84086
[2026-05-06 09:44:06,887] INFO:  >> [SAFE_HANDOVER] Syncing JP225 SL to 60846.04086
[2026-05-06 09:44:07,010] INFO: SCANNING: AUDUSD | PRICE: 0.72 | BIAS: BULLISH | ER: 0.7 | VEL: 0.44
[2026-05-06 09:44:07,010] INFO:  >> [GUARD] AUDUSD position already active. Skipping.
[2026-05-06 09:44:07,016] INFO:  >> [HARVESTER] ALPHA is dominating. Scaling in reinforcements...
[2026-05-06 09:44:17,301] INFO:  >> [SAFE_HANDOVER] Syncing JP225 SL to 60829.54086
[2026-05-06 09:44:17,302] INFO:  >> [SAFE_HANDOVER] Syncing JP225 SL to 60825.64086
[2026-05-06 09:44:17,303] INFO:  >> [SAFE_HANDOVER] Syncing JP225 SL to 60831.14086
[2026-05-06 09:44:17,303] INFO:  >> [SAFE_HANDOVER] Syncing JP225 SL to 60833.64086
[2026-05-06 09:44:17,303] INFO:  >> [SAFE_HANDOVER] Syncing JP225 SL to 60828.64086
[2026-05-06 09:44:17,303] INFO:  >> [SAFE_HANDOVER] Syncing JP225 SL to 60828.74086
[2026-05-06 09:44:17,303] INFO:  >> [SAFE_HANDOVER] Syncing JP225 SL to 60831.84086
[2026-05-06 09:44:17,304] INFO:  >> [SAFE_HANDOVER] Syncing JP225 SL to 60846.04086
[2026-05-06 09:44:17,304] INFO:  >> [SAFE_HANDOVER] Syncing JP225 SL to 60848.64086
[2026-05-06 09:44:17,398] INFO: SCANNING: AUDUSD | PRICE: 0.72 | BIAS: BULLISH | ER: 0.69 | VEL: 0.38
[2026-05-06 09:44:17,399] INFO:  >> [GUARD] AUDUSD position already active. Skipping.
[2026-05-06 09:44:17,405] INFO:  >> [HARVESTER] ALPHA is dominating. Scaling in reinforcements...
[2026-05-06 09:44:27,646] INFO:  >> [SAFE_HANDOVER] Syncing JP225 SL to 60829.54086
[2026-05-06 09:44:27,648] INFO:  >> [SAFE_HANDOVER] Syncing JP225 SL to 60825.64086
[2026-05-06 09:44:27,648] INFO:  >> [SAFE_HANDOVER] Syncing JP225 SL to 60831.14086
[2026-05-06 09:44:27,649] INFO:  >> [SAFE_HANDOVER] Syncing JP225 SL to 60833.64086
[2026-05-06 09:44:27,649] INFO:  >> [SAFE_HANDOVER] Syncing JP225 SL to 60828.64086
[2026-05-06 09:44:27,650] INFO:  >> [SAFE_HANDOVER] Syncing JP225 SL to 60828.74086
[2026-05-06 09:44:27,651] INFO:  >> [SAFE_HANDOVER] Syncing JP225 SL to 60831.84086
[2026-05-06 09:44:27,651] INFO:  >> [SAFE_HANDOVER] Syncing JP225 SL to 60846.04086
[2026-05-06 09:44:27,652] INFO:  >> [SAFE_HANDOVER] Syncing JP225 SL to 60848.64086
[2026-05-06 09:44:27,655] INFO:  >> [SAFE_HANDOVER] Syncing JP225 SL to 60855.34086
[2026-05-06 09:44:27,780] INFO: SCANNING: AUDUSD | PRICE: 0.72 | BIAS: BULLISH | ER: 0.69 | VEL: 0.39
[2026-05-06 09:44:27,780] INFO:  >> [GUARD] AUDUSD position already active. Skipping.
[2026-05-06 09:44:27,788] INFO:  >> [HARVESTER] ALPHA is dominating. Scaling in reinforcements...
[2026-05-06 09:44:38,011] INFO:  >> [SAFE_HANDOVER] Syncing JP225 SL to 60829.54086
[2026-05-06 09:44:38,012] INFO:  >> [SAFE_HANDOVER] Syncing JP225 SL to 60825.64086
[2026-05-06 09:44:38,012] INFO:  >> [SAFE_HANDOVER] Syncing JP225 SL to 60831.14086
[2026-05-06 09:44:38,012] INFO:  >> [SAFE_HANDOVER] Syncing JP225 SL to 60833.64086
[2026-05-06 09:44:38,012] INFO:  >> [SAFE_HANDOVER] Syncing JP225 SL to 60828.64086
[2026-05-06 09:44:38,013] INFO:  >> [SAFE_HANDOVER] Syncing JP225 SL to 60828.74086
[2026-05-06 09:44:38,013] INFO:  >> [SAFE_HANDOVER] Syncing JP225 SL to 60831.84086
[2026-05-06 09:44:38,013] INFO:  >> [SAFE_HANDOVER] Syncing JP225 SL to 60846.04086
[2026-05-06 09:44:38,013] INFO:  >> [SAFE_HANDOVER] Syncing JP225 SL to 60848.64086
[2026-05-06 09:44:38,013] INFO:  >> [SAFE_HANDOVER] Syncing JP225 SL to 60855.34086
[2026-05-06 09:44:38,014] INFO:  >> [SAFE_HANDOVER] Syncing JP225 SL to 60858.24086
[2026-05-06 09:44:38,140] INFO: SCANNING: AUDUSD | PRICE: 0.72 | BIAS: BULLISH | ER: 0.69 | VEL: 0.36
[2026-05-06 09:44:38,140] INFO:  >> [GUARD] AUDUSD position already active. Skipping.
[2026-05-06 09:44:38,147] INFO:  >> [HARVESTER] ALPHA is dominating. Scaling in reinforcements...
[2026-05-06 09:44:48,359] INFO:  >> [SAFE_HANDOVER] Syncing JP225 SL to 60829.54086
[2026-05-06 09:44:48,359] INFO:  >> [SAFE_HANDOVER] Syncing JP225 SL to 60825.64086
[2026-05-06 09:44:48,359] INFO:  >> [SAFE_HANDOVER] Syncing JP225 SL to 60831.14086
[2026-05-06 09:44:48,359] INFO:  >> [SAFE_HANDOVER] Syncing JP225 SL to 60833.64086
[2026-05-06 09:44:48,359] INFO:  >> [SAFE_HANDOVER] Syncing JP225 SL to 60828.64086
[2026-05-06 09:44:48,361] INFO:  >> [SAFE_HANDOVER] Syncing JP225 SL to 60828.74086
[2026-05-06 09:44:48,361] INFO:  >> [SAFE_HANDOVER] Syncing JP225 SL to 60831.84086
[2026-05-06 09:44:48,361] INFO:  >> [SAFE_HANDOVER] Syncing JP225 SL to 60846.04086
[2026-05-06 09:44:48,361] INFO:  >> [SAFE_HANDOVER] Syncing JP225 SL to 60848.64086
[2026-05-06 09:44:48,362] INFO:  >> [SAFE_HANDOVER] Syncing JP225 SL to 60855.34086
[2026-05-06 09:44:48,362] INFO:  >> [SAFE_HANDOVER] Syncing JP225 SL to 60858.24086
[2026-05-06 09:44:48,362] INFO:  >> [SAFE_HANDOVER] Syncing JP225 SL to 60855.64086
[2026-05-06 09:44:48,459] INFO: SCANNING: AUDUSD | PRICE: 0.72 | BIAS: BULLISH | ER: 0.69 | VEL: 0.38
[2026-05-06 09:44:48,459] INFO:  >> [GUARD] AUDUSD position already active. Skipping.
[2026-05-06 09:44:48,466] INFO:  >> [HARVESTER] ALPHA is dominating. Scaling in reinforcements...
[2026-05-06 09:44:58,724] INFO:  >> [SAFE_HANDOVER] Syncing JP225 SL to 60829.54086
[2026-05-06 09:44:58,725] INFO:  >> [SAFE_HANDOVER] Syncing JP225 SL to 60825.64086
[2026-05-06 09:44:58,726] INFO:  >> [SAFE_HANDOVER] Syncing JP225 SL to 60831.14086
[2026-05-06 09:44:58,726] INFO:  >> [SAFE_HANDOVER] Syncing JP225 SL to 60833.64086
[2026-05-06 09:44:58,727] INFO:  >> [SAFE_HANDOVER] Syncing JP225 SL to 60828.64086
[2026-05-06 09:44:58,727] INFO:  >> [SAFE_HANDOVER] Syncing JP225 SL to 60828.74086
[2026-05-06 09:44:58,728] INFO:  >> [SAFE_HANDOVER] Syncing JP225 SL to 60831.84086
[2026-05-06 09:44:58,728] INFO:  >> [SAFE_HANDOVER] Syncing JP225 SL to 60846.04086
[2026-05-06 09:44:58,728] INFO:  >> [SAFE_HANDOVER] Syncing JP225 SL to 60848.64086
[2026-05-06 09:44:58,729] INFO:  >> [SAFE_HANDOVER] Syncing JP225 SL to 60855.34086
[2026-05-06 09:44:58,729] INFO:  >> [SAFE_HANDOVER] Syncing JP225 SL to 60858.24086
[2026-05-06 09:44:58,730] INFO:  >> [SAFE_HANDOVER] Syncing JP225 SL to 60855.64086
[2026-05-06 09:44:58,732] INFO:  >> [SAFE_HANDOVER] Syncing JP225 SL to 60860.34086
[2026-05-06 09:44:58,867] INFO: SCANNING: AUDUSD | PRICE: 0.72 | BIAS: BULLISH | ER: 0.69 | VEL: 0.39
[2026-05-06 09:44:58,867] INFO:  >> [GUARD] AUDUSD position already active. Skipping.
[2026-05-06 09:44:58,874] INFO:  >> [HARVESTER] ALPHA is dominating. Scaling in reinforcements...
[2026-05-06 09:45:09,083] INFO:  >> [SAFE_HANDOVER] Syncing JP225 SL to 60829.54086
[2026-05-06 09:45:09,084] INFO:  >> [SAFE_HANDOVER] Syncing JP225 SL to 60825.64086
[2026-05-06 09:45:09,084] INFO:  >> [SAFE_HANDOVER] Syncing JP225 SL to 60831.14086
[2026-05-06 09:45:09,084] INFO:  >> [SAFE_HANDOVER] Syncing JP225 SL to 60833.64086
[2026-05-06 09:45:09,084] INFO:  >> [SAFE_HANDOVER] Syncing JP225 SL to 60828.64086
[2026-05-06 09:45:09,085] INFO:  >> [SAFE_HANDOVER] Syncing JP225 SL to 60828.74086
[2026-05-06 09:45:09,085] INFO:  >> [SAFE_HANDOVER] Syncing JP225 SL to 60831.84086
[2026-05-06 09:45:09,085] INFO:  >> [SAFE_HANDOVER] Syncing JP225 SL to 60846.04086
[2026-05-06 09:45:09,085] INFO:  >> [SAFE_HANDOVER] Syncing JP225 SL to 60848.64086
[2026-05-06 09:45:09,086] INFO:  >> [SAFE_HANDOVER] Syncing JP225 SL to 60855.34086
[2026-05-06 09:45:09,086] INFO:  >> [SAFE_HANDOVER] Syncing JP225 SL to 60858.24086
[2026-05-06 09:45:09,086] INFO:  >> [SAFE_HANDOVER] Syncing JP225 SL to 60855.64086
[2026-05-06 09:45:09,086] INFO:  >> [SAFE_HANDOVER] Syncing JP225 SL to 60860.34086
[2026-05-06 09:45:09,088] INFO:  >> [SAFE_HANDOVER] Syncing JP225 SL to 60861.14086
[2026-05-06 09:45:09,214] INFO: SCANNING: AUDUSD | PRICE: 0.72 | BIAS: BULLISH | ER: 0.71 | VEL: 0.41
[2026-05-06 09:45:09,215] INFO:  >> [GUARD] AUDUSD position already active. Skipping.
[2026-05-06 09:45:09,223] INFO:  >> [HARVESTER] ALPHA is dominating. Scaling in reinforcements...
[2026-05-06 09:45:19,472] INFO:  >> [SAFE_HANDOVER] Syncing JP225 SL to 60829.54086
[2026-05-06 09:45:19,472] INFO:  >> [SAFE_HANDOVER] Syncing JP225 SL to 60825.64086
[2026-05-06 09:45:19,473] INFO:  >> [SAFE_HANDOVER] Syncing JP225 SL to 60831.14086
[2026-05-06 09:45:19,473] INFO:  >> [SAFE_HANDOVER] Syncing JP225 SL to 60833.64086
[2026-05-06 09:45:19,473] INFO:  >> [SAFE_HANDOVER] Syncing JP225 SL to 60828.64086
[2026-05-06 09:45:19,474] INFO:  >> [SAFE_HANDOVER] Syncing JP225 SL to 60828.74086
[2026-05-06 09:45:19,474] INFO:  >> [SAFE_HANDOVER] Syncing JP225 SL to 60831.84086
[2026-05-06 09:45:19,474] INFO:  >> [SAFE_HANDOVER] Syncing JP225 SL to 60846.04086
[2026-05-06 09:45:19,474] INFO:  >> [SAFE_HANDOVER] Syncing JP225 SL to 60848.64086
[2026-05-06 09:45:19,474] INFO:  >> [SAFE_HANDOVER] Syncing JP225 SL to 60855.34086
[2026-05-06 09:45:19,475] INFO:  >> [SAFE_HANDOVER] Syncing JP225 SL to 60858.24086
[2026-05-06 09:45:19,475] INFO:  >> [SAFE_HANDOVER] Syncing JP225 SL to 60855.64086
[2026-05-06 09:45:19,475] INFO:  >> [SAFE_HANDOVER] Syncing JP225 SL to 60860.34086
[2026-05-06 09:45:19,475] INFO:  >> [SAFE_HANDOVER] Syncing JP225 SL to 60861.14086
[2026-05-06 09:45:19,476] INFO:  >> [SAFE_HANDOVER] Syncing JP225 SL to 60868.84086
[2026-05-06 09:45:19,571] INFO: SCANNING: AUDUSD | PRICE: 0.72 | BIAS: BULLISH | ER: 0.7 | VEL: 0.36
[2026-05-06 09:45:19,571] INFO:  >> [GUARD] AUDUSD position already active. Skipping.
[2026-05-06 09:45:19,578] INFO:  >> [HARVESTER] ALPHA is dominating. Scaling in reinforcements...
[2026-05-06 09:45:29,780] INFO:  >> [SAFE_HANDOVER] Syncing JP225 SL to 60829.54086
[2026-05-06 09:45:29,780] INFO:  >> [SAFE_HANDOVER] Syncing JP225 SL to 60825.64086
[2026-05-06 09:45:29,780] INFO:  >> [SAFE_HANDOVER] Syncing JP225 SL to 60831.14086
[2026-05-06 09:45:29,781] INFO:  >> [SAFE_HANDOVER] Syncing JP225 SL to 60833.64086
[2026-05-06 09:45:29,781] INFO:  >> [SAFE_HANDOVER] Syncing JP225 SL to 60828.64086
[2026-05-06 09:45:29,781] INFO:  >> [SAFE_HANDOVER] Syncing JP225 SL to 60828.74086
[2026-05-06 09:45:29,781] INFO:  >> [SAFE_HANDOVER] Syncing JP225 SL to 60831.84086
[2026-05-06 09:45:29,782] INFO:  >> [SAFE_HANDOVER] Syncing JP225 SL to 60846.04086
[2026-05-06 09:45:29,782] INFO:  >> [SAFE_HANDOVER] Syncing JP225 SL to 60848.64086
[2026-05-06 09:45:29,782] INFO:  >> [SAFE_HANDOVER] Syncing JP225 SL to 60855.34086
[2026-05-06 09:45:29,782] INFO:  >> [SAFE_HANDOVER] Syncing JP225 SL to 60858.24086
[2026-05-06 09:45:29,782] INFO:  >> [SAFE_HANDOVER] Syncing JP225 SL to 60855.64086
[2026-05-06 09:45:29,783] INFO:  >> [SAFE_HANDOVER] Syncing JP225 SL to 60860.34086
[2026-05-06 09:45:29,783] INFO:  >> [SAFE_HANDOVER] Syncing JP225 SL to 60861.14086
[2026-05-06 09:45:29,784] INFO:  >> [SAFE_HANDOVER] Syncing JP225 SL to 60868.84086
[2026-05-06 09:45:29,785] INFO:  >> [SAFE_HANDOVER] Syncing JP225 SL to 60875.54086
[2026-05-06 09:45:29,910] INFO: SCANNING: AUDUSD | PRICE: 0.72 | BIAS: BULLISH | ER: 0.7 | VEL: 0.36
[2026-05-06 09:45:29,910] INFO:  >> [GUARD] AUDUSD position already active. Skipping.
[2026-05-06 09:45:29,917] INFO:  >> [HARVESTER] ALPHA is dominating. Scaling in reinforcements...
[2026-05-06 09:45:40,156] INFO:  >> [SAFE_HANDOVER] Syncing JP225 SL to 60829.54086
[2026-05-06 09:45:40,156] INFO:  >> [SAFE_HANDOVER] Syncing JP225 SL to 60825.64086
[2026-05-06 09:45:40,158] INFO:  >> [SAFE_HANDOVER] Syncing JP225 SL to 60831.14086
[2026-05-06 09:45:40,158] INFO:  >> [SAFE_HANDOVER] Syncing JP225 SL to 60833.64086
[2026-05-06 09:45:40,158] INFO:  >> [SAFE_HANDOVER] Syncing JP225 SL to 60828.64086
[2026-05-06 09:45:40,158] INFO:  >> [SAFE_HANDOVER] Syncing JP225 SL to 60828.74086
[2026-05-06 09:45:40,159] INFO:  >> [SAFE_HANDOVER] Syncing JP225 SL to 60831.84086
[2026-05-06 09:45:40,159] INFO:  >> [SAFE_HANDOVER] Syncing JP225 SL to 60846.04086
[2026-05-06 09:45:40,159] INFO:  >> [SAFE_HANDOVER] Syncing JP225 SL to 60848.64086
[2026-05-06 09:45:40,159] INFO:  >> [SAFE_HANDOVER] Syncing JP225 SL to 60855.34086
[2026-05-06 09:45:40,160] INFO:  >> [SAFE_HANDOVER] Syncing JP225 SL to 60858.24086
[2026-05-06 09:45:40,160] INFO:  >> [SAFE_HANDOVER] Syncing JP225 SL to 60855.64086
[2026-05-06 09:45:40,160] INFO:  >> [SAFE_HANDOVER] Syncing JP225 SL to 60860.34086
[2026-05-06 09:45:40,160] INFO:  >> [SAFE_HANDOVER] Syncing JP225 SL to 60861.14086
[2026-05-06 09:45:40,161] INFO:  >> [SAFE_HANDOVER] Syncing JP225 SL to 60868.84086
[2026-05-06 09:45:40,161] INFO:  >> [SAFE_HANDOVER] Syncing JP225 SL to 60875.54086
[2026-05-06 09:45:40,170] INFO:  >> [SAFE_HANDOVER] Syncing JP225 SL to 60875.44086
[2026-05-06 09:45:40,294] INFO: SCANNING: AUDUSD | PRICE: 0.72 | BIAS: BULLISH | ER: 0.7 | VEL: 0.28
[2026-05-06 09:45:40,295] INFO:  >> [GUARD] AUDUSD position already active. Skipping.
[2026-05-06 09:45:40,304] INFO:  >> [HARVESTER] ALPHA is dominating. Scaling in reinforcements...
[2026-05-06 09:45:50,560] INFO:  >> [SAFE_HANDOVER] Syncing JP225 SL to 60829.54086
[2026-05-06 09:45:50,561] INFO:  >> [SAFE_HANDOVER] Syncing JP225 SL to 60825.64086
[2026-05-06 09:45:50,561] INFO:  >> [SAFE_HANDOVER] Syncing JP225 SL to 60831.14086
[2026-05-06 09:45:50,561] INFO:  >> [SAFE_HANDOVER] Syncing JP225 SL to 60833.64086
[2026-05-06 09:45:50,561] INFO:  >> [SAFE_HANDOVER] Syncing JP225 SL to 60828.64086
[2026-05-06 09:45:50,562] INFO:  >> [SAFE_HANDOVER] Syncing JP225 SL to 60828.74086
[2026-05-06 09:45:50,562] INFO:  >> [SAFE_HANDOVER] Syncing JP225 SL to 60831.84086
[2026-05-06 09:45:50,562] INFO:  >> [SAFE_HANDOVER] Syncing JP225 SL to 60846.04086
[2026-05-06 09:45:50,562] INFO:  >> [SAFE_HANDOVER] Syncing JP225 SL to 60848.64086
[2026-05-06 09:45:50,563] INFO:  >> [SAFE_HANDOVER] Syncing JP225 SL to 60855.34086
[2026-05-06 09:45:50,563] INFO:  >> [SAFE_HANDOVER] Syncing JP225 SL to 60858.24086
[2026-05-06 09:45:50,563] INFO:  >> [SAFE_HANDOVER] Syncing JP225 SL to 60855.64086
[2026-05-06 09:45:50,563] INFO:  >> [SAFE_HANDOVER] Syncing JP225 SL to 60860.34086
[2026-05-06 09:45:50,563] INFO:  >> [SAFE_HANDOVER] Syncing JP225 SL to 60861.14086
[2026-05-06 09:45:50,564] INFO:  >> [SAFE_HANDOVER] Syncing JP225 SL to 60868.84086
[2026-05-06 09:45:50,564] INFO:  >> [SAFE_HANDOVER] Syncing JP225 SL to 60875.54086
[2026-05-06 09:45:50,564] INFO:  >> [SAFE_HANDOVER] Syncing JP225 SL to 60875.44086
[2026-05-06 09:45:50,564] INFO:  >> [SAFE_HANDOVER] Syncing JP225 SL to 60869.14086
[2026-05-06 09:45:50,660] INFO: SCANNING: AUDUSD | PRICE: 0.72 | BIAS: BULLISH | ER: 0.71 | VEL: 0.43
[2026-05-06 09:45:50,661] INFO:  >> [GUARD] AUDUSD position already active. Skipping.
[2026-05-06 09:45:50,662] INFO:  >> [HARVESTER] ALPHA is dominating. Scaling in reinforcements...
[2026-05-06 09:46:00,906] INFO:  >> [SAFE_HANDOVER] Syncing JP225 SL to 60829.54086
[2026-05-06 09:46:00,906] INFO:  >> [SAFE_HANDOVER] Syncing JP225 SL to 60825.64086
[2026-05-06 09:46:00,908] INFO:  >> [SAFE_HANDOVER] Syncing JP225 SL to 60831.14086
[2026-05-06 09:46:00,908] INFO:  >> [SAFE_HANDOVER] Syncing JP225 SL to 60833.64086
[2026-05-06 09:46:00,908] INFO:  >> [SAFE_HANDOVER] Syncing JP225 SL to 60828.64086
[2026-05-06 09:46:00,908] INFO:  >> [SAFE_HANDOVER] Syncing JP225 SL to 60828.74086
[2026-05-06 09:46:00,909] INFO:  >> [SAFE_HANDOVER] Syncing JP225 SL to 60831.84086
[2026-05-06 09:46:00,909] INFO:  >> [SAFE_HANDOVER] Syncing JP225 SL to 60846.04086
[2026-05-06 09:46:00,910] INFO:  >> [SAFE_HANDOVER] Syncing JP225 SL to 60848.64086
[2026-05-06 09:46:00,910] INFO:  >> [SAFE_HANDOVER] Syncing JP225 SL to 60855.34086
[2026-05-06 09:46:00,910] INFO:  >> [SAFE_HANDOVER] Syncing JP225 SL to 60858.24086
[2026-05-06 09:46:00,910] INFO:  >> [SAFE_HANDOVER] Syncing JP225 SL to 60855.64086
[2026-05-06 09:46:00,910] INFO:  >> [SAFE_HANDOVER] Syncing JP225 SL to 60860.34086
[2026-05-06 09:46:00,911] INFO:  >> [SAFE_HANDOVER] Syncing JP225 SL to 60861.14086
[2026-05-06 09:46:00,911] INFO:  >> [SAFE_HANDOVER] Syncing JP225 SL to 60868.84086
[2026-05-06 09:46:00,911] INFO:  >> [SAFE_HANDOVER] Syncing JP225 SL to 60875.54086
[2026-05-06 09:46:00,911] INFO:  >> [SAFE_HANDOVER] Syncing JP225 SL to 60875.44086
[2026-05-06 09:46:00,911] INFO:  >> [SAFE_HANDOVER] Syncing JP225 SL to 60869.14086
[2026-05-06 09:46:00,913] INFO:  >> [SAFE_HANDOVER] Syncing JP225 SL to 60866.74086
[2026-05-06 09:46:01,037] INFO: SCANNING: AUDUSD | PRICE: 0.72 | BIAS: BULLISH | ER: 0.72 | VEL: 0.45
[2026-05-06 09:46:01,037] INFO:  >> [GUARD] AUDUSD position already active. Skipping.
[2026-05-06 09:46:01,111] INFO:  >> [HARVESTER] ALPHA is dominating. Scaling in reinforcements...
[2026-05-06 09:46:11,331] INFO:  >> [SAFE_HANDOVER] Syncing JP225 SL to 60829.54086
[2026-05-06 09:46:11,332] INFO:  >> [SAFE_HANDOVER] Syncing JP225 SL to 60825.64086
[2026-05-06 09:46:11,332] INFO:  >> [SAFE_HANDOVER] Syncing JP225 SL to 60831.14086
[2026-05-06 09:46:11,332] INFO:  >> [SAFE_HANDOVER] Syncing JP225 SL to 60833.64086
[2026-05-06 09:46:11,332] INFO:  >> [SAFE_HANDOVER] Syncing JP225 SL to 60828.64086
[2026-05-06 09:46:11,333] INFO:  >> [SAFE_HANDOVER] Syncing JP225 SL to 60828.74086
[2026-05-06 09:46:11,333] INFO:  >> [SAFE_HANDOVER] Syncing JP225 SL to 60831.84086
[2026-05-06 09:46:11,333] INFO:  >> [SAFE_HANDOVER] Syncing JP225 SL to 60846.04086
[2026-05-06 09:46:11,333] INFO:  >> [SAFE_HANDOVER] Syncing JP225 SL to 60848.64086
[2026-05-06 09:46:11,333] INFO:  >> [SAFE_HANDOVER] Syncing JP225 SL to 60855.34086
[2026-05-06 09:46:11,334] INFO:  >> [SAFE_HANDOVER] Syncing JP225 SL to 60858.24086
[2026-05-06 09:46:11,334] INFO:  >> [SAFE_HANDOVER] Syncing JP225 SL to 60855.64086
[2026-05-06 09:46:11,334] INFO:  >> [SAFE_HANDOVER] Syncing JP225 SL to 60860.34086
[2026-05-06 09:46:11,334] INFO:  >> [SAFE_HANDOVER] Syncing JP225 SL to 60861.14086
[2026-05-06 09:46:11,334] INFO:  >> [SAFE_HANDOVER] Syncing JP225 SL to 60868.84086
[2026-05-06 09:46:11,335] INFO:  >> [SAFE_HANDOVER] Syncing JP225 SL to 60875.54086
[2026-05-06 09:46:11,335] INFO:  >> [SAFE_HANDOVER] Syncing JP225 SL to 60875.44086
[2026-05-06 09:46:11,335] INFO:  >> [SAFE_HANDOVER] Syncing JP225 SL to 60869.14086
[2026-05-06 09:46:11,335] INFO:  >> [SAFE_HANDOVER] Syncing JP225 SL to 60866.74086
[2026-05-06 09:46:11,343] INFO:  >> [SAFE_HANDOVER] Syncing JP225 SL to 60883.24086
[2026-05-06 09:46:11,469] INFO: SCANNING: AUDUSD | PRICE: 0.72 | BIAS: BULLISH | ER: 0.72 | VEL: 0.68
[2026-05-06 09:46:11,469] INFO:  >> [GUARD] AUDUSD position already active. Skipping.
[2026-05-06 09:46:11,510] INFO:  >> [HARVESTER] ALPHA is dominating. Scaling in reinforcements...
[2026-05-06 09:46:21,810] INFO:  >> [SAFE_HANDOVER] Syncing JP225 SL to 60829.54086
[2026-05-06 09:46:21,811] INFO:  >> [SAFE_HANDOVER] Syncing JP225 SL to 60825.64086
[2026-05-06 09:46:21,811] INFO:  >> [SAFE_HANDOVER] Syncing JP225 SL to 60831.14086
[2026-05-06 09:46:21,811] INFO:  >> [SAFE_HANDOVER] Syncing JP225 SL to 60833.64086
[2026-05-06 09:46:21,811] INFO:  >> [SAFE_HANDOVER] Syncing JP225 SL to 60828.64086
[2026-05-06 09:46:21,812] INFO:  >> [SAFE_HANDOVER] Syncing JP225 SL to 60828.74086
[2026-05-06 09:46:21,812] INFO:  >> [SAFE_HANDOVER] Syncing JP225 SL to 60831.84086
[2026-05-06 09:46:21,812] INFO:  >> [SAFE_HANDOVER] Syncing JP225 SL to 60846.04086
[2026-05-06 09:46:21,812] INFO:  >> [SAFE_HANDOVER] Syncing JP225 SL to 60848.64086
[2026-05-06 09:46:21,812] INFO:  >> [SAFE_HANDOVER] Syncing JP225 SL to 60855.34086
[2026-05-06 09:46:21,813] INFO:  >> [SAFE_HANDOVER] Syncing JP225 SL to 60858.24086
[2026-05-06 09:46:21,813] INFO:  >> [SAFE_HANDOVER] Syncing JP225 SL to 60855.64086
[2026-05-06 09:46:21,813] INFO:  >> [SAFE_HANDOVER] Syncing JP225 SL to 60860.34086
[2026-05-06 09:46:21,813] INFO:  >> [SAFE_HANDOVER] Syncing JP225 SL to 60861.14086
[2026-05-06 09:46:21,814] INFO:  >> [SAFE_HANDOVER] Syncing JP225 SL to 60868.84086
[2026-05-06 09:46:21,814] INFO:  >> [SAFE_HANDOVER] Syncing JP225 SL to 60875.54086
[2026-05-06 09:46:21,815] INFO:  >> [SAFE_HANDOVER] Syncing JP225 SL to 60875.44086
[2026-05-06 09:46:21,815] INFO:  >> [SAFE_HANDOVER] Syncing JP225 SL to 60869.14086
[2026-05-06 09:46:21,815] INFO:  >> [SAFE_HANDOVER] Syncing JP225 SL to 60866.74086
[2026-05-06 09:46:21,815] INFO:  >> [SAFE_HANDOVER] Syncing JP225 SL to 60883.24086
[2026-05-06 09:46:21,815] INFO:  >> [SAFE_HANDOVER] Syncing JP225 SL to 60888.74086
[2026-05-06 09:46:21,911] INFO: SCANNING: AUDUSD | PRICE: 0.72 | BIAS: BULLISH | ER: 0.72 | VEL: 0.65
[2026-05-06 09:46:21,911] INFO:  >> [GUARD] AUDUSD position already active. Skipping.
[2026-05-06 09:46:21,916] INFO:  >> [HARVESTER] ALPHA is dominating. Scaling in reinforcements...
[2026-05-06 09:46:32,191] INFO:  >> [SAFE_HANDOVER] Syncing JP225 SL to 60829.54086
[2026-05-06 09:46:32,192] INFO:  >> [SAFE_HANDOVER] Syncing JP225 SL to 60825.64086
[2026-05-06 09:46:32,193] INFO:  >> [SAFE_HANDOVER] Syncing JP225 SL to 60831.14086
[2026-05-06 09:46:32,193] INFO:  >> [SAFE_HANDOVER] Syncing JP225 SL to 60833.64086
[2026-05-06 09:46:32,193] INFO:  >> [SAFE_HANDOVER] Syncing JP225 SL to 60828.64086
[2026-05-06 09:46:32,193] INFO:  >> [SAFE_HANDOVER] Syncing JP225 SL to 60828.74086
[2026-05-06 09:46:32,194] INFO:  >> [SAFE_HANDOVER] Syncing JP225 SL to 60831.84086
[2026-05-06 09:46:32,194] INFO:  >> [SAFE_HANDOVER] Syncing JP225 SL to 60846.04086
[2026-05-06 09:46:32,194] INFO:  >> [SAFE_HANDOVER] Syncing JP225 SL to 60848.64086
[2026-05-06 09:46:32,194] INFO:  >> [SAFE_HANDOVER] Syncing JP225 SL to 60855.34086
[2026-05-06 09:46:32,194] INFO:  >> [SAFE_HANDOVER] Syncing JP225 SL to 60858.24086
[2026-05-06 09:46:32,195] INFO:  >> [SAFE_HANDOVER] Syncing JP225 SL to 60855.64086
[2026-05-06 09:46:32,195] INFO:  >> [SAFE_HANDOVER] Syncing JP225 SL to 60860.34086
[2026-05-06 09:46:32,195] INFO:  >> [SAFE_HANDOVER] Syncing JP225 SL to 60861.14086
[2026-05-06 09:46:32,195] INFO:  >> [SAFE_HANDOVER] Syncing JP225 SL to 60868.84086
[2026-05-06 09:46:32,196] INFO:  >> [SAFE_HANDOVER] Syncing JP225 SL to 60875.54086
[2026-05-06 09:46:32,196] INFO:  >> [SAFE_HANDOVER] Syncing JP225 SL to 60875.44086
[2026-05-06 09:46:32,196] INFO:  >> [SAFE_HANDOVER] Syncing JP225 SL to 60869.14086
[2026-05-06 09:46:32,196] INFO:  >> [SAFE_HANDOVER] Syncing JP225 SL to 60866.74086
[2026-05-06 09:46:32,196] INFO:  >> [SAFE_HANDOVER] Syncing JP225 SL to 60883.24086
[2026-05-06 09:46:32,197] INFO:  >> [SAFE_HANDOVER] Syncing JP225 SL to 60888.74086
[2026-05-06 09:46:32,197] INFO:  >> [SAFE_HANDOVER] Syncing JP225 SL to 60888.24086
[2026-05-06 09:46:32,321] INFO: SCANNING: AUDUSD | PRICE: 0.72 | BIAS: BULLISH | ER: 0.72 | VEL: 0.54
[2026-05-06 09:46:32,321] INFO:  >> [GUARD] AUDUSD position already active. Skipping.
[2026-05-06 09:46:32,361] INFO:  >> [HARVESTER] ALPHA is dominating. Scaling in reinforcements...
[2026-05-06 09:46:42,589] INFO:  >> [SAFE_HANDOVER] Syncing JP225 SL to 60829.54086
[2026-05-06 09:46:42,591] INFO:  >> [SAFE_HANDOVER] Syncing JP225 SL to 60825.64086
[2026-05-06 09:46:42,592] INFO:  >> [SAFE_HANDOVER] Syncing JP225 SL to 60831.14086
[2026-05-06 09:46:42,592] INFO:  >> [SAFE_HANDOVER] Syncing JP225 SL to 60833.64086
[2026-05-06 09:46:42,592] INFO:  >> [SAFE_HANDOVER] Syncing JP225 SL to 60828.64086
[2026-05-06 09:46:42,592] INFO:  >> [SAFE_HANDOVER] Syncing JP225 SL to 60828.74086
[2026-05-06 09:46:42,593] INFO:  >> [SAFE_HANDOVER] Syncing JP225 SL to 60831.84086
[2026-05-06 09:46:42,593] INFO:  >> [SAFE_HANDOVER] Syncing JP225 SL to 60846.04086
[2026-05-06 09:46:42,593] INFO:  >> [SAFE_HANDOVER] Syncing JP225 SL to 60848.64086
[2026-05-06 09:46:42,593] INFO:  >> [SAFE_HANDOVER] Syncing JP225 SL to 60855.34086
[2026-05-06 09:46:42,594] INFO:  >> [SAFE_HANDOVER] Syncing JP225 SL to 60858.24086
[2026-05-06 09:46:42,594] INFO:  >> [SAFE_HANDOVER] Syncing JP225 SL to 60855.64086
[2026-05-06 09:46:42,594] INFO:  >> [SAFE_HANDOVER] Syncing JP225 SL to 60860.34086
[2026-05-06 09:46:42,594] INFO:  >> [SAFE_HANDOVER] Syncing JP225 SL to 60861.14086
[2026-05-06 09:46:42,595] INFO:  >> [SAFE_HANDOVER] Syncing JP225 SL to 60868.84086
[2026-05-06 09:46:42,595] INFO:  >> [SAFE_HANDOVER] Syncing JP225 SL to 60875.54086
[2026-05-06 09:46:42,595] INFO:  >> [SAFE_HANDOVER] Syncing JP225 SL to 60875.44086
[2026-05-06 09:46:42,595] INFO:  >> [SAFE_HANDOVER] Syncing JP225 SL to 60869.14086
[2026-05-06 09:46:42,596] INFO:  >> [SAFE_HANDOVER] Syncing JP225 SL to 60866.74086
[2026-05-06 09:46:42,596] INFO:  >> [SAFE_HANDOVER] Syncing JP225 SL to 60883.24086
[2026-05-06 09:46:42,596] INFO:  >> [SAFE_HANDOVER] Syncing JP225 SL to 60888.74086
[2026-05-06 09:46:42,596] INFO:  >> [SAFE_HANDOVER] Syncing JP225 SL to 60888.24086
[2026-05-06 09:46:42,597] INFO:  >> [SAFE_HANDOVER] Syncing JP225 SL to 60891.34086
[2026-05-06 09:46:42,722] INFO: SCANNING: AUDUSD | PRICE: 0.72 | BIAS: BULLISH | ER: 0.72 | VEL: 0.54
[2026-05-06 09:46:42,722] INFO:  >> [GUARD] AUDUSD position already active. Skipping.
[2026-05-06 09:46:42,795] INFO:  >> [HARVESTER] ALPHA is dominating. Scaling in reinforcements...
[2026-05-06 09:46:53,041] INFO:  >> [SAFE_HANDOVER] Syncing JP225 SL to 60829.54086
[2026-05-06 09:46:53,041] INFO:  >> [SAFE_HANDOVER] Syncing JP225 SL to 60825.64086
[2026-05-06 09:46:53,041] INFO:  >> [SAFE_HANDOVER] Syncing JP225 SL to 60831.14086
[2026-05-06 09:46:53,042] INFO:  >> [SAFE_HANDOVER] Syncing JP225 SL to 60833.64086
[2026-05-06 09:46:53,043] INFO:  >> [SAFE_HANDOVER] Syncing JP225 SL to 60828.64086
[2026-05-06 09:46:53,043] INFO:  >> [SAFE_HANDOVER] Syncing JP225 SL to 60828.74086
[2026-05-06 09:46:53,043] INFO:  >> [SAFE_HANDOVER] Syncing JP225 SL to 60831.84086
[2026-05-06 09:46:53,043] INFO:  >> [SAFE_HANDOVER] Syncing JP225 SL to 60846.04086
[2026-05-06 09:46:53,044] INFO:  >> [SAFE_HANDOVER] Syncing JP225 SL to 60848.64086
[2026-05-06 09:46:53,044] INFO:  >> [SAFE_HANDOVER] Syncing JP225 SL to 60855.34086
[2026-05-06 09:46:53,044] INFO:  >> [SAFE_HANDOVER] Syncing JP225 SL to 60858.24086
[2026-05-06 09:46:53,044] INFO:  >> [SAFE_HANDOVER] Syncing JP225 SL to 60855.64086
[2026-05-06 09:46:53,044] INFO:  >> [SAFE_HANDOVER] Syncing JP225 SL to 60860.34086
[2026-05-06 09:46:53,045] INFO:  >> [SAFE_HANDOVER] Syncing JP225 SL to 60861.14086
[2026-05-06 09:46:53,045] INFO:  >> [SAFE_HANDOVER] Syncing JP225 SL to 60868.84086
[2026-05-06 09:46:53,045] INFO:  >> [SAFE_HANDOVER] Syncing JP225 SL to 60875.54086
[2026-05-06 09:46:53,045] INFO:  >> [SAFE_HANDOVER] Syncing JP225 SL to 60875.44086
[2026-05-06 09:46:53,045] INFO:  >> [SAFE_HANDOVER] Syncing JP225 SL to 60869.14086
[2026-05-06 09:46:53,046] INFO:  >> [SAFE_HANDOVER] Syncing JP225 SL to 60866.74086
[2026-05-06 09:46:53,046] INFO:  >> [SAFE_HANDOVER] Syncing JP225 SL to 60883.24086
[2026-05-06 09:46:53,046] INFO:  >> [SAFE_HANDOVER] Syncing JP225 SL to 60888.74086
[2026-05-06 09:46:53,046] INFO:  >> [SAFE_HANDOVER] Syncing JP225 SL to 60888.24086
[2026-05-06 09:46:53,046] INFO:  >> [SAFE_HANDOVER] Syncing JP225 SL to 60891.34086
[2026-05-06 09:46:53,047] INFO:  >> [SAFE_HANDOVER] Syncing JP225 SL to 60893.64086
[2026-05-06 09:46:53,143] INFO: SCANNING: AUDUSD | PRICE: 0.72 | BIAS: BULLISH | ER: 0.73 | VEL: 0.81
[2026-05-06 09:46:53,143] INFO:  >> [GUARD] AUDUSD position already active. Skipping.
[2026-05-06 09:46:53,148] INFO:  >> [HARVESTER] ALPHA is dominating. Scaling in reinforcements...
[2026-05-06 09:47:03,356] INFO:  >> [SAFE_HANDOVER] Syncing JP225 SL to 60829.54086
[2026-05-06 09:47:03,356] INFO:  >> [SAFE_HANDOVER] Syncing JP225 SL to 60825.64086
[2026-05-06 09:47:03,356] INFO:  >> [SAFE_HANDOVER] Syncing JP225 SL to 60831.14086
[2026-05-06 09:47:03,356] INFO:  >> [SAFE_HANDOVER] Syncing JP225 SL to 60833.64086
[2026-05-06 09:47:03,358] INFO:  >> [SAFE_HANDOVER] Syncing JP225 SL to 60828.64086
[2026-05-06 09:47:03,359] INFO:  >> [SAFE_HANDOVER] Syncing JP225 SL to 60828.74086
[2026-05-06 09:47:03,359] INFO:  >> [SAFE_HANDOVER] Syncing JP225 SL to 60831.84086
[2026-05-06 09:47:03,359] INFO:  >> [SAFE_HANDOVER] Syncing JP225 SL to 60846.04086
[2026-05-06 09:47:03,359] INFO:  >> [SAFE_HANDOVER] Syncing JP225 SL to 60848.64086
[2026-05-06 09:47:03,360] INFO:  >> [SAFE_HANDOVER] Syncing JP225 SL to 60855.34086
[2026-05-06 09:47:03,360] INFO:  >> [SAFE_HANDOVER] Syncing JP225 SL to 60858.24086
[2026-05-06 09:47:03,360] INFO:  >> [SAFE_HANDOVER] Syncing JP225 SL to 60855.64086
[2026-05-06 09:47:03,361] INFO:  >> [SAFE_HANDOVER] Syncing JP225 SL to 60860.34086
[2026-05-06 09:47:03,361] INFO:  >> [SAFE_HANDOVER] Syncing JP225 SL to 60861.14086
[2026-05-06 09:47:03,361] INFO:  >> [SAFE_HANDOVER] Syncing JP225 SL to 60868.84086
[2026-05-06 09:47:03,361] INFO:  >> [SAFE_HANDOVER] Syncing JP225 SL to 60875.54086
[2026-05-06 09:47:03,361] INFO:  >> [SAFE_HANDOVER] Syncing JP225 SL to 60875.44086
[2026-05-06 09:47:03,362] INFO:  >> [SAFE_HANDOVER] Syncing JP225 SL to 60869.14086
[2026-05-06 09:47:03,362] INFO:  >> [SAFE_HANDOVER] Syncing JP225 SL to 60866.74086
[2026-05-06 09:47:03,362] INFO:  >> [SAFE_HANDOVER] Syncing JP225 SL to 60883.24086
[2026-05-06 09:47:03,362] INFO:  >> [SAFE_HANDOVER] Syncing JP225 SL to 60888.74086
[2026-05-06 09:47:03,363] INFO:  >> [SAFE_HANDOVER] Syncing JP225 SL to 60888.24086
[2026-05-06 09:47:03,363] INFO:  >> [SAFE_HANDOVER] Syncing JP225 SL to 60891.34086
[2026-05-06 09:47:03,363] INFO:  >> [SAFE_HANDOVER] Syncing JP225 SL to 60893.64086
[2026-05-06 09:47:03,365] INFO:  >> [SAFE_HANDOVER] Syncing JP225 SL to 60883.24086
[2026-05-06 09:47:03,491] INFO: SCANNING: AUDUSD | PRICE: 0.72 | BIAS: BULLISH | ER: 0.73 | VEL: 1.02
[2026-05-06 09:47:03,491] INFO:  >> [GUARD] AUDUSD position already active. Skipping.
[2026-05-06 09:47:03,497] INFO:  >> [HARVESTER] ALPHA is dominating. Scaling in reinforcements...
[2026-05-06 09:47:13,749] INFO:  >> [SAFE_HANDOVER] Syncing JP225 SL to 60829.54086
[2026-05-06 09:47:13,749] INFO:  >> [SAFE_HANDOVER] Syncing JP225 SL to 60825.64086
[2026-05-06 09:47:13,751] INFO:  >> [SAFE_HANDOVER] Syncing JP225 SL to 60831.14086
[2026-05-06 09:47:13,752] INFO:  >> [SAFE_HANDOVER] Syncing JP225 SL to 60833.64086
[2026-05-06 09:47:13,752] INFO:  >> [SAFE_HANDOVER] Syncing JP225 SL to 60828.64086
[2026-05-06 09:47:13,752] INFO:  >> [SAFE_HANDOVER] Syncing JP225 SL to 60828.74086
[2026-05-06 09:47:13,752] INFO:  >> [SAFE_HANDOVER] Syncing JP225 SL to 60831.84086
[2026-05-06 09:47:13,753] INFO:  >> [SAFE_HANDOVER] Syncing JP225 SL to 60846.04086
[2026-05-06 09:47:13,753] INFO:  >> [SAFE_HANDOVER] Syncing JP225 SL to 60848.64086
[2026-05-06 09:47:13,753] INFO:  >> [SAFE_HANDOVER] Syncing JP225 SL to 60855.34086
[2026-05-06 09:47:13,753] INFO:  >> [SAFE_HANDOVER] Syncing JP225 SL to 60858.24086
[2026-05-06 09:47:13,754] INFO:  >> [SAFE_HANDOVER] Syncing JP225 SL to 60855.64086
[2026-05-06 09:47:13,754] INFO:  >> [SAFE_HANDOVER] Syncing JP225 SL to 60860.34086
[2026-05-06 09:47:13,754] INFO:  >> [SAFE_HANDOVER] Syncing JP225 SL to 60861.14086
[2026-05-06 09:47:13,755] INFO:  >> [SAFE_HANDOVER] Syncing JP225 SL to 60868.84086
[2026-05-06 09:47:13,755] INFO:  >> [SAFE_HANDOVER] Syncing JP225 SL to 60875.54086
[2026-05-06 09:47:13,755] INFO:  >> [SAFE_HANDOVER] Syncing JP225 SL to 60875.44086
[2026-05-06 09:47:13,755] INFO:  >> [SAFE_HANDOVER] Syncing JP225 SL to 60869.14086
[2026-05-06 09:47:13,756] INFO:  >> [SAFE_HANDOVER] Syncing JP225 SL to 60866.74086
[2026-05-06 09:47:13,756] INFO:  >> [SAFE_HANDOVER] Syncing JP225 SL to 60883.24086
[2026-05-06 09:47:13,756] INFO:  >> [SAFE_HANDOVER] Syncing JP225 SL to 60888.74086
[2026-05-06 09:47:13,756] INFO:  >> [SAFE_HANDOVER] Syncing JP225 SL to 60888.24086
[2026-05-06 09:47:13,756] INFO:  >> [SAFE_HANDOVER] Syncing JP225 SL to 60891.34086
[2026-05-06 09:47:13,756] INFO:  >> [SAFE_HANDOVER] Syncing JP225 SL to 60893.64086
[2026-05-06 09:47:13,757] INFO:  >> [SAFE_HANDOVER] Syncing JP225 SL to 60883.24086
[2026-05-06 09:47:13,758] INFO:  >> [SAFE_HANDOVER] Syncing JP225 SL to 60879.14086
[2026-05-06 09:47:13,882] INFO: SCANNING: AUDUSD | PRICE: 0.72 | BIAS: BULLISH | ER: 0.73 | VEL: 0.96
[2026-05-06 09:47:13,882] INFO:  >> [GUARD] AUDUSD position already active. Skipping.
[2026-05-06 09:47:13,921] INFO:  >> [HARVESTER] ALPHA is dominating. Scaling in reinforcements...
[2026-05-06 09:47:24,205] INFO:  >> [SAFE_HANDOVER] Syncing JP225 SL to 60829.54086
[2026-05-06 09:47:24,206] INFO:  >> [SAFE_HANDOVER] Syncing JP225 SL to 60825.64086
[2026-05-06 09:47:24,206] INFO:  >> [SAFE_HANDOVER] Syncing JP225 SL to 60831.14086
[2026-05-06 09:47:24,206] INFO:  >> [SAFE_HANDOVER] Syncing JP225 SL to 60833.64086
[2026-05-06 09:47:24,207] INFO:  >> [SAFE_HANDOVER] Syncing JP225 SL to 60828.64086
[2026-05-06 09:47:24,207] INFO:  >> [SAFE_HANDOVER] Syncing JP225 SL to 60828.74086
[2026-05-06 09:47:24,207] INFO:  >> [SAFE_HANDOVER] Syncing JP225 SL to 60831.84086
[2026-05-06 09:47:24,208] INFO:  >> [SAFE_HANDOVER] Syncing JP225 SL to 60846.04086
[2026-05-06 09:47:24,208] INFO:  >> [SAFE_HANDOVER] Syncing JP225 SL to 60848.64086
[2026-05-06 09:47:24,208] INFO:  >> [SAFE_HANDOVER] Syncing JP225 SL to 60855.34086
[2026-05-06 09:47:24,209] INFO:  >> [SAFE_HANDOVER] Syncing JP225 SL to 60858.24086
[2026-05-06 09:47:24,209] INFO:  >> [SAFE_HANDOVER] Syncing JP225 SL to 60855.64086
[2026-05-06 09:47:24,209] INFO:  >> [SAFE_HANDOVER] Syncing JP225 SL to 60860.34086
[2026-05-06 09:47:24,209] INFO:  >> [SAFE_HANDOVER] Syncing JP225 SL to 60861.14086
[2026-05-06 09:47:24,210] INFO:  >> [SAFE_HANDOVER] Syncing JP225 SL to 60868.84086
[2026-05-06 09:47:24,210] INFO:  >> [SAFE_HANDOVER] Syncing JP225 SL to 60875.54086
[2026-05-06 09:47:24,210] INFO:  >> [SAFE_HANDOVER] Syncing JP225 SL to 60875.44086
[2026-05-06 09:47:24,210] INFO:  >> [SAFE_HANDOVER] Syncing JP225 SL to 60869.14086
[2026-05-06 09:47:24,211] INFO:  >> [SAFE_HANDOVER] Syncing JP225 SL to 60866.74086
[2026-05-06 09:47:24,211] INFO:  >> [SAFE_HANDOVER] Syncing JP225 SL to 60883.24086
[2026-05-06 09:47:24,212] INFO:  >> [SAFE_HANDOVER] Syncing JP225 SL to 60888.74086
[2026-05-06 09:47:24,212] INFO:  >> [SAFE_HANDOVER] Syncing JP225 SL to 60888.24086
[2026-05-06 09:47:24,212] INFO:  >> [SAFE_HANDOVER] Syncing JP225 SL to 60891.34086
[2026-05-06 09:47:24,213] INFO:  >> [SAFE_HANDOVER] Syncing JP225 SL to 60893.64086
[2026-05-06 09:47:24,213] INFO:  >> [SAFE_HANDOVER] Syncing JP225 SL to 60883.24086
[2026-05-06 09:47:24,213] INFO:  >> [SAFE_HANDOVER] Syncing JP225 SL to 60879.14086
[2026-05-06 09:47:24,213] INFO:  >> [SAFE_HANDOVER] Syncing JP225 SL to 60880.64086
[2026-05-06 09:47:24,307] INFO: SCANNING: AUDUSD | PRICE: 0.72 | BIAS: BULLISH | ER: 0.73 | VEL: 1.0
[2026-05-06 09:47:24,308] INFO:  >> [GUARD] AUDUSD position already active. Skipping.
[2026-05-06 09:47:24,313] INFO:  >> [HARVESTER] ALPHA is dominating. Scaling in reinforcements...
[2026-05-06 09:47:34,555] INFO:  >> [SAFE_HANDOVER] Syncing JP225 SL to 60829.54086
[2026-05-06 09:47:34,556] INFO:  >> [SAFE_HANDOVER] Syncing JP225 SL to 60825.64086
[2026-05-06 09:47:34,556] INFO:  >> [SAFE_HANDOVER] Syncing JP225 SL to 60831.14086
[2026-05-06 09:47:34,556] INFO:  >> [SAFE_HANDOVER] Syncing JP225 SL to 60833.64086
[2026-05-06 09:47:34,556] INFO:  >> [SAFE_HANDOVER] Syncing JP225 SL to 60828.64086
[2026-05-06 09:47:34,557] INFO:  >> [SAFE_HANDOVER] Syncing JP225 SL to 60828.74086
[2026-05-06 09:47:34,557] INFO:  >> [SAFE_HANDOVER] Syncing JP225 SL to 60831.84086
[2026-05-06 09:47:34,557] INFO:  >> [SAFE_HANDOVER] Syncing JP225 SL to 60846.04086
[2026-05-06 09:47:34,557] INFO:  >> [SAFE_HANDOVER] Syncing JP225 SL to 60848.64086
[2026-05-06 09:47:34,558] INFO:  >> [SAFE_HANDOVER] Syncing JP225 SL to 60855.34086
[2026-05-06 09:47:34,558] INFO:  >> [SAFE_HANDOVER] Syncing JP225 SL to 60858.24086
[2026-05-06 09:47:34,558] INFO:  >> [SAFE_HANDOVER] Syncing JP225 SL to 60855.64086
[2026-05-06 09:47:34,558] INFO:  >> [SAFE_HANDOVER] Syncing JP225 SL to 60860.34086
[2026-05-06 09:47:34,559] INFO:  >> [SAFE_HANDOVER] Syncing JP225 SL to 60861.14086
[2026-05-06 09:47:34,559] INFO:  >> [SAFE_HANDOVER] Syncing JP225 SL to 60868.84086
[2026-05-06 09:47:34,559] INFO:  >> [SAFE_HANDOVER] Syncing JP225 SL to 60875.54086
[2026-05-06 09:47:34,559] INFO:  >> [SAFE_HANDOVER] Syncing JP225 SL to 60875.44086
[2026-05-06 09:47:34,560] INFO:  >> [SAFE_HANDOVER] Syncing JP225 SL to 60869.14086
[2026-05-06 09:47:34,560] INFO:  >> [SAFE_HANDOVER] Syncing JP225 SL to 60866.74086
[2026-05-06 09:47:34,560] INFO:  >> [SAFE_HANDOVER] Syncing JP225 SL to 60883.24086
[2026-05-06 09:47:34,560] INFO:  >> [SAFE_HANDOVER] Syncing JP225 SL to 60888.74086
[2026-05-06 09:47:34,560] INFO:  >> [SAFE_HANDOVER] Syncing JP225 SL to 60888.24086
[2026-05-06 09:47:34,561] INFO:  >> [SAFE_HANDOVER] Syncing JP225 SL to 60891.34086
[2026-05-06 09:47:34,561] INFO:  >> [SAFE_HANDOVER] Syncing JP225 SL to 60893.64086
[2026-05-06 09:47:34,561] INFO:  >> [SAFE_HANDOVER] Syncing JP225 SL to 60883.24086
[2026-05-06 09:47:34,561] INFO:  >> [SAFE_HANDOVER] Syncing JP225 SL to 60879.14086
[2026-05-06 09:47:34,562] INFO:  >> [SAFE_HANDOVER] Syncing JP225 SL to 60880.64086
[2026-05-06 09:47:34,562] INFO:  >> [SAFE_HANDOVER] Syncing JP225 SL to 60880.64086
[2026-05-06 09:47:34,687] INFO: SCANNING: AUDUSD | PRICE: 0.72 | BIAS: BULLISH | ER: 0.73 | VEL: 1.0
[2026-05-06 09:47:34,687] INFO:  >> [GUARD] AUDUSD position already active. Skipping.
[2026-05-06 09:47:34,728] INFO:  >> [HARVESTER] ALPHA is dominating. Scaling in reinforcements...
[2026-05-06 09:47:44,941] INFO:  >> [SAFE_HANDOVER] Syncing JP225 SL to 60829.54086
[2026-05-06 09:47:44,941] INFO:  >> [SAFE_HANDOVER] Syncing JP225 SL to 60825.64086
[2026-05-06 09:47:44,942] INFO:  >> [SAFE_HANDOVER] Syncing JP225 SL to 60831.14086
[2026-05-06 09:47:44,943] INFO:  >> [SAFE_HANDOVER] Syncing JP225 SL to 60833.64086
[2026-05-06 09:47:44,944] INFO:  >> [SAFE_HANDOVER] Syncing JP225 SL to 60828.64086
[2026-05-06 09:47:44,945] INFO:  >> [SAFE_HANDOVER] Syncing JP225 SL to 60828.74086
[2026-05-06 09:47:44,945] INFO:  >> [SAFE_HANDOVER] Syncing JP225 SL to 60831.84086
[2026-05-06 09:47:44,946] INFO:  >> [SAFE_HANDOVER] Syncing JP225 SL to 60846.04086
[2026-05-06 09:47:44,946] INFO:  >> [SAFE_HANDOVER] Syncing JP225 SL to 60848.64086
[2026-05-06 09:47:44,948] INFO:  >> [SAFE_HANDOVER] Syncing JP225 SL to 60855.34086
[2026-05-06 09:47:44,948] INFO:  >> [SAFE_HANDOVER] Syncing JP225 SL to 60858.24086
[2026-05-06 09:47:44,949] INFO:  >> [SAFE_HANDOVER] Syncing JP225 SL to 60855.64086
[2026-05-06 09:47:44,949] INFO:  >> [SAFE_HANDOVER] Syncing JP225 SL to 60860.34086
[2026-05-06 09:47:44,950] INFO:  >> [SAFE_HANDOVER] Syncing JP225 SL to 60861.14086
[2026-05-06 09:47:44,951] INFO:  >> [SAFE_HANDOVER] Syncing JP225 SL to 60868.84086
[2026-05-06 09:47:44,952] INFO:  >> [SAFE_HANDOVER] Syncing JP225 SL to 60875.54086
[2026-05-06 09:47:44,953] INFO:  >> [SAFE_HANDOVER] Syncing JP225 SL to 60875.44086
[2026-05-06 09:47:44,954] INFO:  >> [SAFE_HANDOVER] Syncing JP225 SL to 60869.14086
[2026-05-06 09:47:44,954] INFO:  >> [SAFE_HANDOVER] Syncing JP225 SL to 60866.74086
[2026-05-06 09:47:44,956] INFO:  >> [SAFE_HANDOVER] Syncing JP225 SL to 60883.24086
[2026-05-06 09:47:44,956] INFO:  >> [SAFE_HANDOVER] Syncing JP225 SL to 60888.74086
[2026-05-06 09:47:44,957] INFO:  >> [SAFE_HANDOVER] Syncing JP225 SL to 60888.24086
[2026-05-06 09:47:44,958] INFO:  >> [SAFE_HANDOVER] Syncing JP225 SL to 60891.34086
[2026-05-06 09:47:44,959] INFO:  >> [SAFE_HANDOVER] Syncing JP225 SL to 60893.64086
[2026-05-06 09:47:44,959] INFO:  >> [SAFE_HANDOVER] Syncing JP225 SL to 60883.24086
[2026-05-06 09:47:44,960] INFO:  >> [SAFE_HANDOVER] Syncing JP225 SL to 60879.14086
[2026-05-06 09:47:44,961] INFO:  >> [SAFE_HANDOVER] Syncing JP225 SL to 60880.64086
[2026-05-06 09:47:44,961] INFO:  >> [SAFE_HANDOVER] Syncing JP225 SL to 60880.64086
[2026-05-06 09:47:44,966] INFO:  >> [SAFE_HANDOVER] Syncing JP225 SL to 60871.24086
[2026-05-06 09:47:45,099] INFO: SCANNING: AUDUSD | PRICE: 0.72 | BIAS: BULLISH | ER: 0.73 | VEL: 0.98
[2026-05-06 09:47:45,099] INFO:  >> [GUARD] AUDUSD position already active. Skipping.
[2026-05-06 09:47:45,139] INFO:  >> [HARVESTER] ALPHA is dominating. Scaling in reinforcements...
[2026-05-06 09:47:55,387] INFO:  >> [SAFE_HANDOVER] Syncing JP225 SL to 60829.54086
[2026-05-06 09:47:55,387] INFO:  >> [SAFE_HANDOVER] Syncing JP225 SL to 60825.64086
[2026-05-06 09:47:55,387] INFO:  >> [SAFE_HANDOVER] Syncing JP225 SL to 60831.14086
[2026-05-06 09:47:55,387] INFO:  >> [SAFE_HANDOVER] Syncing JP225 SL to 60833.64086
[2026-05-06 09:47:55,387] INFO:  >> [SAFE_HANDOVER] Syncing JP225 SL to 60828.64086
[2026-05-06 09:47:55,389] INFO:  >> [SAFE_HANDOVER] Syncing JP225 SL to 60828.74086
[2026-05-06 09:47:55,389] INFO:  >> [SAFE_HANDOVER] Syncing JP225 SL to 60831.84086
[2026-05-06 09:47:55,389] INFO:  >> [SAFE_HANDOVER] Syncing JP225 SL to 60846.04086
[2026-05-06 09:47:55,389] INFO:  >> [SAFE_HANDOVER] Syncing JP225 SL to 60848.64086
[2026-05-06 09:47:55,390] INFO:  >> [SAFE_HANDOVER] Syncing JP225 SL to 60855.34086
[2026-05-06 09:47:55,390] INFO:  >> [SAFE_HANDOVER] Syncing JP225 SL to 60858.24086
[2026-05-06 09:47:55,390] INFO:  >> [SAFE_HANDOVER] Syncing JP225 SL to 60855.64086
[2026-05-06 09:47:55,390] INFO:  >> [SAFE_HANDOVER] Syncing JP225 SL to 60860.34086
[2026-05-06 09:47:55,390] INFO:  >> [SAFE_HANDOVER] Syncing JP225 SL to 60861.14086
[2026-05-06 09:47:55,391] INFO:  >> [SAFE_HANDOVER] Syncing JP225 SL to 60868.84086
[2026-05-06 09:47:55,391] INFO:  >> [SAFE_HANDOVER] Syncing JP225 SL to 60875.54086
[2026-05-06 09:47:55,391] INFO:  >> [SAFE_HANDOVER] Syncing JP225 SL to 60875.44086
[2026-05-06 09:47:55,391] INFO:  >> [SAFE_HANDOVER] Syncing JP225 SL to 60869.14086
[2026-05-06 09:47:55,391] INFO:  >> [SAFE_HANDOVER] Syncing JP225 SL to 60866.74086
[2026-05-06 09:47:55,392] INFO:  >> [SAFE_HANDOVER] Syncing JP225 SL to 60883.24086
[2026-05-06 09:47:55,392] INFO:  >> [SAFE_HANDOVER] Syncing JP225 SL to 60888.74086
[2026-05-06 09:47:55,392] INFO:  >> [SAFE_HANDOVER] Syncing JP225 SL to 60888.24086
[2026-05-06 09:47:55,392] INFO:  >> [SAFE_HANDOVER] Syncing JP225 SL to 60891.34086
[2026-05-06 09:47:55,392] INFO:  >> [SAFE_HANDOVER] Syncing JP225 SL to 60893.64086
[2026-05-06 09:47:55,393] INFO:  >> [SAFE_HANDOVER] Syncing JP225 SL to 60883.24086
[2026-05-06 09:47:55,393] INFO:  >> [SAFE_HANDOVER] Syncing JP225 SL to 60879.14086
[2026-05-06 09:47:55,393] INFO:  >> [SAFE_HANDOVER] Syncing JP225 SL to 60880.64086
[2026-05-06 09:47:55,393] INFO:  >> [SAFE_HANDOVER] Syncing JP225 SL to 60880.64086
[2026-05-06 09:47:55,393] INFO:  >> [SAFE_HANDOVER] Syncing JP225 SL to 60871.24086
[2026-05-06 09:47:55,394] INFO:  >> [SAFE_HANDOVER] Syncing JP225 SL to 60878.64086
[2026-05-06 09:47:55,489] INFO: SCANNING: AUDUSD | PRICE: 0.72 | BIAS: BULLISH | ER: 0.73 | VEL: 0.96
[2026-05-06 09:47:55,489] INFO:  >> [GUARD] AUDUSD position already active. Skipping.
[2026-05-06 09:47:55,556] INFO:  >> [HARVESTER] ALPHA is dominating. Scaling in reinforcements...
[2026-05-06 09:48:05,774] INFO:  >> [SAFE_HANDOVER] Syncing JP225 SL to 60829.54086
[2026-05-06 09:48:05,774] INFO:  >> [SAFE_HANDOVER] Syncing JP225 SL to 60825.64086
[2026-05-06 09:48:05,774] INFO:  >> [SAFE_HANDOVER] Syncing JP225 SL to 60831.14086
[2026-05-06 09:48:05,774] INFO:  >> [SAFE_HANDOVER] Syncing JP225 SL to 60833.64086
[2026-05-06 09:48:05,774] INFO:  >> [SAFE_HANDOVER] Syncing JP225 SL to 60828.64086
[2026-05-06 09:48:05,774] INFO:  >> [SAFE_HANDOVER] Syncing JP225 SL to 60828.74086
[2026-05-06 09:48:05,774] INFO:  >> [SAFE_HANDOVER] Syncing JP225 SL to 60831.84086
[2026-05-06 09:48:05,776] INFO:  >> [SAFE_HANDOVER] Syncing JP225 SL to 60846.04086
[2026-05-06 09:48:05,776] INFO:  >> [SAFE_HANDOVER] Syncing JP225 SL to 60848.64086
[2026-05-06 09:48:05,777] INFO:  >> [SAFE_HANDOVER] Syncing JP225 SL to 60855.34086
[2026-05-06 09:48:05,777] INFO:  >> [SAFE_HANDOVER] Syncing JP225 SL to 60858.24086
[2026-05-06 09:48:05,777] INFO:  >> [SAFE_HANDOVER] Syncing JP225 SL to 60855.64086
[2026-05-06 09:48:05,777] INFO:  >> [SAFE_HANDOVER] Syncing JP225 SL to 60860.34086
[2026-05-06 09:48:05,777] INFO:  >> [SAFE_HANDOVER] Syncing JP225 SL to 60861.14086
[2026-05-06 09:48:05,778] INFO:  >> [SAFE_HANDOVER] Syncing JP225 SL to 60868.84086
[2026-05-06 09:48:05,778] INFO:  >> [SAFE_HANDOVER] Syncing JP225 SL to 60875.54086
[2026-05-06 09:48:05,778] INFO:  >> [SAFE_HANDOVER] Syncing JP225 SL to 60875.44086
[2026-05-06 09:48:05,779] INFO:  >> [SAFE_HANDOVER] Syncing JP225 SL to 60869.14086
[2026-05-06 09:48:05,779] INFO:  >> [SAFE_HANDOVER] Syncing JP225 SL to 60866.74086
[2026-05-06 09:48:05,779] INFO:  >> [SAFE_HANDOVER] Syncing JP225 SL to 60883.24086
[2026-05-06 09:48:05,779] INFO:  >> [SAFE_HANDOVER] Syncing JP225 SL to 60888.74086
[2026-05-06 09:48:05,780] INFO:  >> [SAFE_HANDOVER] Syncing JP225 SL to 60888.24086
[2026-05-06 09:48:05,780] INFO:  >> [SAFE_HANDOVER] Syncing JP225 SL to 60891.34086
[2026-05-06 09:48:05,780] INFO:  >> [SAFE_HANDOVER] Syncing JP225 SL to 60893.64086
[2026-05-06 09:48:05,780] INFO:  >> [SAFE_HANDOVER] Syncing JP225 SL to 60883.24086
[2026-05-06 09:48:05,780] INFO:  >> [SAFE_HANDOVER] Syncing JP225 SL to 60879.14086
[2026-05-06 09:48:05,780] INFO:  >> [SAFE_HANDOVER] Syncing JP225 SL to 60880.64086
[2026-05-06 09:48:05,780] INFO:  >> [SAFE_HANDOVER] Syncing JP225 SL to 60880.64086
[2026-05-06 09:48:05,781] INFO:  >> [SAFE_HANDOVER] Syncing JP225 SL to 60871.24086
[2026-05-06 09:48:05,781] INFO:  >> [SAFE_HANDOVER] Syncing JP225 SL to 60878.64086
[2026-05-06 09:48:05,783] INFO:  >> [SAFE_HANDOVER] Syncing JP225 SL to 60881.54086
[2026-05-06 09:48:05,909] INFO: SCANNING: AUDUSD | PRICE: 0.72 | BIAS: BULLISH | ER: 0.73 | VEL: 0.98
[2026-05-06 09:48:05,909] INFO:  >> [GUARD] AUDUSD position already active. Skipping.
[2026-05-06 09:48:05,914] INFO:  >> [HARVESTER] ALPHA is dominating. Scaling in reinforcements...
[2026-05-06 09:48:16,132] INFO:  >> [SAFE_HANDOVER] Syncing JP225 SL to 60829.54086
[2026-05-06 09:48:16,133] INFO:  >> [SAFE_HANDOVER] Syncing JP225 SL to 60825.64086
[2026-05-06 09:48:16,133] INFO:  >> [SAFE_HANDOVER] Syncing JP225 SL to 60831.14086
[2026-05-06 09:48:16,133] INFO:  >> [SAFE_HANDOVER] Syncing JP225 SL to 60833.64086
[2026-05-06 09:48:16,134] INFO:  >> [SAFE_HANDOVER] Syncing JP225 SL to 60828.64086
[2026-05-06 09:48:16,134] INFO:  >> [SAFE_HANDOVER] Syncing JP225 SL to 60828.74086
[2026-05-06 09:48:16,134] INFO:  >> [SAFE_HANDOVER] Syncing JP225 SL to 60831.84086
[2026-05-06 09:48:16,135] INFO:  >> [SAFE_HANDOVER] Syncing JP225 SL to 60846.04086
[2026-05-06 09:48:16,135] INFO:  >> [SAFE_HANDOVER] Syncing JP225 SL to 60848.64086
[2026-05-06 09:48:16,135] INFO:  >> [SAFE_HANDOVER] Syncing JP225 SL to 60855.34086
[2026-05-06 09:48:16,136] INFO:  >> [SAFE_HANDOVER] Syncing JP225 SL to 60858.24086
[2026-05-06 09:48:16,136] INFO:  >> [SAFE_HANDOVER] Syncing JP225 SL to 60855.64086
[2026-05-06 09:48:16,136] INFO:  >> [SAFE_HANDOVER] Syncing JP225 SL to 60860.34086
[2026-05-06 09:48:16,136] INFO:  >> [SAFE_HANDOVER] Syncing JP225 SL to 60861.14086
[2026-05-06 09:48:16,137] INFO:  >> [SAFE_HANDOVER] Syncing JP225 SL to 60868.84086
[2026-05-06 09:48:16,137] INFO:  >> [SAFE_HANDOVER] Syncing JP225 SL to 60875.54086
[2026-05-06 09:48:16,138] INFO:  >> [SAFE_HANDOVER] Syncing JP225 SL to 60875.44086
[2026-05-06 09:48:16,138] INFO:  >> [SAFE_HANDOVER] Syncing JP225 SL to 60869.14086
[2026-05-06 09:48:16,138] INFO:  >> [SAFE_HANDOVER] Syncing JP225 SL to 60866.74086
[2026-05-06 09:48:16,138] INFO:  >> [SAFE_HANDOVER] Syncing JP225 SL to 60883.24086
[2026-05-06 09:48:16,139] INFO:  >> [SAFE_HANDOVER] Syncing JP225 SL to 60888.74086
[2026-05-06 09:48:16,139] INFO:  >> [SAFE_HANDOVER] Syncing JP225 SL to 60888.24086
[2026-05-06 09:48:16,140] INFO:  >> [SAFE_HANDOVER] Syncing JP225 SL to 60891.34086
[2026-05-06 09:48:16,140] INFO:  >> [SAFE_HANDOVER] Syncing JP225 SL to 60893.64086
[2026-05-06 09:48:16,140] INFO:  >> [SAFE_HANDOVER] Syncing JP225 SL to 60883.24086
[2026-05-06 09:48:16,141] INFO:  >> [SAFE_HANDOVER] Syncing JP225 SL to 60879.14086
[2026-05-06 09:48:16,141] INFO:  >> [SAFE_HANDOVER] Syncing JP225 SL to 60880.64086
[2026-05-06 09:48:16,141] INFO:  >> [SAFE_HANDOVER] Syncing JP225 SL to 60880.64086
[2026-05-06 09:48:16,141] INFO:  >> [SAFE_HANDOVER] Syncing JP225 SL to 60871.24086
[2026-05-06 09:48:16,142] INFO:  >> [SAFE_HANDOVER] Syncing JP225 SL to 60878.64086
[2026-05-06 09:48:16,142] INFO:  >> [SAFE_HANDOVER] Syncing JP225 SL to 60881.54086
[2026-05-06 09:48:16,144] INFO:  >> [SAFE_HANDOVER] Syncing JP225 SL to 60876.64086
[2026-05-06 09:48:16,277] INFO: SCANNING: AUDUSD | PRICE: 0.72 | BIAS: BULLISH | ER: 0.73 | VEL: 1.0
[2026-05-06 09:48:16,277] INFO:  >> [GUARD] AUDUSD position already active. Skipping.
[2026-05-06 09:48:16,283] INFO:  >> [HARVESTER] ALPHA is dominating. Scaling in reinforcements...
[2026-05-06 09:48:26,498] INFO:  >> [SAFE_HANDOVER] Syncing JP225 SL to 60829.54086
[2026-05-06 09:48:26,498] INFO:  >> [SAFE_HANDOVER] Syncing JP225 SL to 60825.64086
[2026-05-06 09:48:26,498] INFO:  >> [SAFE_HANDOVER] Syncing JP225 SL to 60831.14086
[2026-05-06 09:48:26,498] INFO:  >> [SAFE_HANDOVER] Syncing JP225 SL to 60833.64086
[2026-05-06 09:48:26,499] INFO:  >> [SAFE_HANDOVER] Syncing JP225 SL to 60828.64086
[2026-05-06 09:48:26,500] INFO:  >> [SAFE_HANDOVER] Syncing JP225 SL to 60828.74086
[2026-05-06 09:48:26,500] INFO:  >> [SAFE_HANDOVER] Syncing JP225 SL to 60831.84086
[2026-05-06 09:48:26,500] INFO:  >> [SAFE_HANDOVER] Syncing JP225 SL to 60846.04086
[2026-05-06 09:48:26,500] INFO:  >> [SAFE_HANDOVER] Syncing JP225 SL to 60848.64086
[2026-05-06 09:48:26,500] INFO:  >> [SAFE_HANDOVER] Syncing JP225 SL to 60855.34086
[2026-05-06 09:48:26,501] INFO:  >> [SAFE_HANDOVER] Syncing JP225 SL to 60858.24086
[2026-05-06 09:48:26,501] INFO:  >> [SAFE_HANDOVER] Syncing JP225 SL to 60855.64086
[2026-05-06 09:48:26,501] INFO:  >> [SAFE_HANDOVER] Syncing JP225 SL to 60860.34086
[2026-05-06 09:48:26,502] INFO:  >> [SAFE_HANDOVER] Syncing JP225 SL to 60861.14086
[2026-05-06 09:48:26,502] INFO:  >> [SAFE_HANDOVER] Syncing JP225 SL to 60868.84086
[2026-05-06 09:48:26,502] INFO:  >> [SAFE_HANDOVER] Syncing JP225 SL to 60875.54086
[2026-05-06 09:48:26,502] INFO:  >> [SAFE_HANDOVER] Syncing JP225 SL to 60875.44086
[2026-05-06 09:48:26,502] INFO:  >> [SAFE_HANDOVER] Syncing JP225 SL to 60869.14086
[2026-05-06 09:48:26,503] INFO:  >> [SAFE_HANDOVER] Syncing JP225 SL to 60866.74086
[2026-05-06 09:48:26,503] INFO:  >> [SAFE_HANDOVER] Syncing JP225 SL to 60883.24086
[2026-05-06 09:48:26,504] INFO:  >> [SAFE_HANDOVER] Syncing JP225 SL to 60888.74086
[2026-05-06 09:48:26,504] INFO:  >> [SAFE_HANDOVER] Syncing JP225 SL to 60888.24086
[2026-05-06 09:48:26,504] INFO:  >> [SAFE_HANDOVER] Syncing JP225 SL to 60891.34086
[2026-05-06 09:48:26,504] INFO:  >> [SAFE_HANDOVER] Syncing JP225 SL to 60893.64086
[2026-05-06 09:48:26,504] INFO:  >> [SAFE_HANDOVER] Syncing JP225 SL to 60883.24086
[2026-05-06 09:48:26,505] INFO:  >> [SAFE_HANDOVER] Syncing JP225 SL to 60879.14086
[2026-05-06 09:48:26,505] INFO:  >> [SAFE_HANDOVER] Syncing JP225 SL to 60880.64086
[2026-05-06 09:48:26,505] INFO:  >> [SAFE_HANDOVER] Syncing JP225 SL to 60880.64086
[2026-05-06 09:48:26,505] INFO:  >> [SAFE_HANDOVER] Syncing JP225 SL to 60871.24086
[2026-05-06 09:48:26,506] INFO:  >> [SAFE_HANDOVER] Syncing JP225 SL to 60878.64086
[2026-05-06 09:48:26,506] INFO:  >> [SAFE_HANDOVER] Syncing JP225 SL to 60881.54086
[2026-05-06 09:48:26,506] INFO:  >> [SAFE_HANDOVER] Syncing JP225 SL to 60876.64086
[2026-05-06 09:48:26,506] INFO:  >> [SAFE_HANDOVER] Syncing JP225 SL to 60873.04086
[2026-05-06 09:48:26,601] INFO: SCANNING: AUDUSD | PRICE: 0.72 | BIAS: BULLISH | ER: 0.73 | VEL: 0.98
[2026-05-06 09:48:26,601] INFO:  >> [GUARD] AUDUSD position already active. Skipping.
[2026-05-06 09:48:26,609] INFO:  >> [HARVESTER] ALPHA is dominating. Scaling in reinforcements...
[2026-05-06 09:48:36,829] INFO:  >> [SAFE_HANDOVER] Syncing JP225 SL to 60829.54086
[2026-05-06 09:48:36,829] INFO:  >> [SAFE_HANDOVER] Syncing JP225 SL to 60825.64086
[2026-05-06 09:48:36,829] INFO:  >> [SAFE_HANDOVER] Syncing JP225 SL to 60831.14086
[2026-05-06 09:48:36,830] INFO:  >> [SAFE_HANDOVER] Syncing JP225 SL to 60833.64086
[2026-05-06 09:48:36,830] INFO:  >> [SAFE_HANDOVER] Syncing JP225 SL to 60828.64086
[2026-05-06 09:48:36,831] INFO:  >> [SAFE_HANDOVER] Syncing JP225 SL to 60828.74086
[2026-05-06 09:48:36,831] INFO:  >> [SAFE_HANDOVER] Syncing JP225 SL to 60831.84086
[2026-05-06 09:48:36,832] INFO:  >> [SAFE_HANDOVER] Syncing JP225 SL to 60846.04086
[2026-05-06 09:48:36,832] INFO:  >> [SAFE_HANDOVER] Syncing JP225 SL to 60848.64086
[2026-05-06 09:48:36,832] INFO:  >> [SAFE_HANDOVER] Syncing JP225 SL to 60855.34086
[2026-05-06 09:48:36,832] INFO:  >> [SAFE_HANDOVER] Syncing JP225 SL to 60858.24086
[2026-05-06 09:48:36,833] INFO:  >> [SAFE_HANDOVER] Syncing JP225 SL to 60855.64086
[2026-05-06 09:48:36,833] INFO:  >> [SAFE_HANDOVER] Syncing JP225 SL to 60860.34086
[2026-05-06 09:48:36,833] INFO:  >> [SAFE_HANDOVER] Syncing JP225 SL to 60861.14086
[2026-05-06 09:48:36,833] INFO:  >> [SAFE_HANDOVER] Syncing JP225 SL to 60868.84086
[2026-05-06 09:48:36,833] INFO:  >> [SAFE_HANDOVER] Syncing JP225 SL to 60875.54086
[2026-05-06 09:48:36,834] INFO:  >> [SAFE_HANDOVER] Syncing JP225 SL to 60875.44086
[2026-05-06 09:48:36,834] INFO:  >> [SAFE_HANDOVER] Syncing JP225 SL to 60869.14086
[2026-05-06 09:48:36,834] INFO:  >> [SAFE_HANDOVER] Syncing JP225 SL to 60866.74086
[2026-05-06 09:48:36,835] INFO:  >> [SAFE_HANDOVER] Syncing JP225 SL to 60883.24086
[2026-05-06 09:48:36,835] INFO:  >> [SAFE_HANDOVER] Syncing JP225 SL to 60888.74086
[2026-05-06 09:48:36,836] INFO:  >> [SAFE_HANDOVER] Syncing JP225 SL to 60888.24086
[2026-05-06 09:48:36,836] INFO:  >> [SAFE_HANDOVER] Syncing JP225 SL to 60891.34086
[2026-05-06 09:48:36,836] INFO:  >> [SAFE_HANDOVER] Syncing JP225 SL to 60893.64086
[2026-05-06 09:48:36,836] INFO:  >> [SAFE_HANDOVER] Syncing JP225 SL to 60883.24086
[2026-05-06 09:48:36,837] INFO:  >> [SAFE_HANDOVER] Syncing JP225 SL to 60879.14086
[2026-05-06 09:48:36,837] INFO:  >> [SAFE_HANDOVER] Syncing JP225 SL to 60880.64086
[2026-05-06 09:48:36,837] INFO:  >> [SAFE_HANDOVER] Syncing JP225 SL to 60880.64086
[2026-05-06 09:48:36,837] INFO:  >> [SAFE_HANDOVER] Syncing JP225 SL to 60871.24086
[2026-05-06 09:48:36,838] INFO:  >> [SAFE_HANDOVER] Syncing JP225 SL to 60878.64086
[2026-05-06 09:48:36,838] INFO:  >> [SAFE_HANDOVER] Syncing JP225 SL to 60881.54086
[2026-05-06 09:48:36,838] INFO:  >> [SAFE_HANDOVER] Syncing JP225 SL to 60876.64086
[2026-05-06 09:48:36,838] INFO:  >> [SAFE_HANDOVER] Syncing JP225 SL to 60873.04086
[2026-05-06 09:48:36,840] INFO:  >> [SAFE_HANDOVER] Syncing JP225 SL to 60875.74086
[2026-05-06 09:48:36,967] INFO: SCANNING: AUDUSD | PRICE: 0.72 | BIAS: BULLISH | ER: 0.73 | VEL: 0.83
[2026-05-06 09:48:36,967] INFO:  >> [GUARD] AUDUSD position already active. Skipping.
[2026-05-06 09:48:37,013] INFO:  >> [HARVESTER] ALPHA is dominating. Scaling in reinforcements...
[2026-05-06 09:48:47,231] INFO:  >> [SAFE_HANDOVER] Syncing JP225 SL to 60829.54086
[2026-05-06 09:48:47,232] INFO:  >> [SAFE_HANDOVER] Syncing JP225 SL to 60825.64086
[2026-05-06 09:48:47,233] INFO:  >> [SAFE_HANDOVER] Syncing JP225 SL to 60831.14086
[2026-05-06 09:48:47,235] INFO:  >> [SAFE_HANDOVER] Syncing JP225 SL to 60833.64086
[2026-05-06 09:48:47,236] INFO:  >> [SAFE_HANDOVER] Syncing JP225 SL to 60828.64086
[2026-05-06 09:48:47,237] INFO:  >> [SAFE_HANDOVER] Syncing JP225 SL to 60828.74086
[2026-05-06 09:48:47,238] INFO:  >> [SAFE_HANDOVER] Syncing JP225 SL to 60831.84086
[2026-05-06 09:48:47,239] INFO:  >> [SAFE_HANDOVER] Syncing JP225 SL to 60846.04086
[2026-05-06 09:48:47,240] INFO:  >> [SAFE_HANDOVER] Syncing JP225 SL to 60848.64086
[2026-05-06 09:48:47,241] INFO:  >> [SAFE_HANDOVER] Syncing JP225 SL to 60855.34086
[2026-05-06 09:48:47,242] INFO:  >> [SAFE_HANDOVER] Syncing JP225 SL to 60858.24086
[2026-05-06 09:48:47,243] INFO:  >> [SAFE_HANDOVER] Syncing JP225 SL to 60855.64086
[2026-05-06 09:48:47,244] INFO:  >> [SAFE_HANDOVER] Syncing JP225 SL to 60860.34086
[2026-05-06 09:48:47,245] INFO:  >> [SAFE_HANDOVER] Syncing JP225 SL to 60861.14086
[2026-05-06 09:48:47,246] INFO:  >> [SAFE_HANDOVER] Syncing JP225 SL to 60868.84086
[2026-05-06 09:48:47,247] INFO:  >> [SAFE_HANDOVER] Syncing JP225 SL to 60875.54086
[2026-05-06 09:48:47,248] INFO:  >> [SAFE_HANDOVER] Syncing JP225 SL to 60875.44086
[2026-05-06 09:48:47,250] INFO:  >> [SAFE_HANDOVER] Syncing JP225 SL to 60869.14086
[2026-05-06 09:48:47,251] INFO:  >> [SAFE_HANDOVER] Syncing JP225 SL to 60866.74086
[2026-05-06 09:48:47,253] INFO:  >> [SAFE_HANDOVER] Syncing JP225 SL to 60883.24086
[2026-05-06 09:48:47,254] INFO:  >> [SAFE_HANDOVER] Syncing JP225 SL to 60888.74086
[2026-05-06 09:48:47,255] INFO:  >> [SAFE_HANDOVER] Syncing JP225 SL to 60888.24086
[2026-05-06 09:48:47,256] INFO:  >> [SAFE_HANDOVER] Syncing JP225 SL to 60891.34086
[2026-05-06 09:48:47,258] INFO:  >> [SAFE_HANDOVER] Syncing JP225 SL to 60893.64086
[2026-05-06 09:48:47,259] INFO:  >> [SAFE_HANDOVER] Syncing JP225 SL to 60883.24086
[2026-05-06 09:48:47,260] INFO:  >> [SAFE_HANDOVER] Syncing JP225 SL to 60879.14086
[2026-05-06 09:48:47,261] INFO:  >> [SAFE_HANDOVER] Syncing JP225 SL to 60880.64086
[2026-05-06 09:48:47,262] INFO:  >> [SAFE_HANDOVER] Syncing JP225 SL to 60880.64086
[2026-05-06 09:48:47,264] INFO:  >> [SAFE_HANDOVER] Syncing JP225 SL to 60871.24086
[2026-05-06 09:48:47,265] INFO:  >> [SAFE_HANDOVER] Syncing JP225 SL to 60878.64086
[2026-05-06 09:48:47,266] INFO:  >> [SAFE_HANDOVER] Syncing JP225 SL to 60881.54086
[2026-05-06 09:48:47,268] INFO:  >> [SAFE_HANDOVER] Syncing JP225 SL to 60876.64086
[2026-05-06 09:48:47,271] INFO:  >> [SAFE_HANDOVER] Syncing JP225 SL to 60873.04086
[2026-05-06 09:48:47,271] INFO:  >> [SAFE_HANDOVER] Syncing JP225 SL to 60875.74086
[2026-05-06 09:48:47,273] INFO:  >> [SAFE_HANDOVER] Syncing JP225 SL to 60869.14086
[2026-05-06 09:48:47,374] INFO: SCANNING: AUDUSD | PRICE: 0.72 | BIAS: BULLISH | ER: 0.73 | VEL: 0.83
[2026-05-06 09:48:47,374] INFO:  >> [GUARD] AUDUSD position already active. Skipping.
[2026-05-06 09:48:47,379] INFO:  >> [HARVESTER] ALPHA is dominating. Scaling in reinforcements...
[2026-05-06 09:48:57,609] INFO:  >> [SAFE_HANDOVER] Syncing JP225 SL to 60829.54086
[2026-05-06 09:48:57,610] INFO:  >> [SAFE_HANDOVER] Syncing JP225 SL to 60825.64086
[2026-05-06 09:48:57,610] INFO:  >> [SAFE_HANDOVER] Syncing JP225 SL to 60831.14086
[2026-05-06 09:48:57,611] INFO:  >> [SAFE_HANDOVER] Syncing JP225 SL to 60833.64086
[2026-05-06 09:48:57,612] INFO:  >> [SAFE_HANDOVER] Syncing JP225 SL to 60828.64086
[2026-05-06 09:48:57,613] INFO:  >> [SAFE_HANDOVER] Syncing JP225 SL to 60828.74086
[2026-05-06 09:48:57,614] INFO:  >> [SAFE_HANDOVER] Syncing JP225 SL to 60831.84086
[2026-05-06 09:48:57,616] INFO:  >> [SAFE_HANDOVER] Syncing JP225 SL to 60846.04086
[2026-05-06 09:48:57,617] INFO:  >> [SAFE_HANDOVER] Syncing JP225 SL to 60848.64086
[2026-05-06 09:48:57,618] INFO:  >> [SAFE_HANDOVER] Syncing JP225 SL to 60855.34086
[2026-05-06 09:48:57,620] INFO:  >> [SAFE_HANDOVER] Syncing JP225 SL to 60858.24086
[2026-05-06 09:48:57,621] INFO:  >> [SAFE_HANDOVER] Syncing JP225 SL to 60855.64086
[2026-05-06 09:48:57,621] INFO:  >> [SAFE_HANDOVER] Syncing JP225 SL to 60860.34086
[2026-05-06 09:48:57,623] INFO:  >> [SAFE_HANDOVER] Syncing JP225 SL to 60861.14086
[2026-05-06 09:48:57,624] INFO:  >> [SAFE_HANDOVER] Syncing JP225 SL to 60868.84086
[2026-05-06 09:48:57,625] INFO:  >> [SAFE_HANDOVER] Syncing JP225 SL to 60875.54086
[2026-05-06 09:48:57,626] INFO:  >> [SAFE_HANDOVER] Syncing JP225 SL to 60875.44086
[2026-05-06 09:48:57,627] INFO:  >> [SAFE_HANDOVER] Syncing JP225 SL to 60869.14086
[2026-05-06 09:48:57,629] INFO:  >> [SAFE_HANDOVER] Syncing JP225 SL to 60866.74086
[2026-05-06 09:48:57,630] INFO:  >> [SAFE_HANDOVER] Syncing JP225 SL to 60883.24086
[2026-05-06 09:48:57,632] INFO:  >> [SAFE_HANDOVER] Syncing JP225 SL to 60888.74086
[2026-05-06 09:48:57,632] INFO:  >> [SAFE_HANDOVER] Syncing JP225 SL to 60888.24086
[2026-05-06 09:48:57,634] INFO:  >> [SAFE_HANDOVER] Syncing JP225 SL to 60891.34086
[2026-05-06 09:48:57,636] INFO:  >> [SAFE_HANDOVER] Syncing JP225 SL to 60893.64086
[2026-05-06 09:48:57,636] INFO:  >> [SAFE_HANDOVER] Syncing JP225 SL to 60883.24086
[2026-05-06 09:48:57,638] INFO:  >> [SAFE_HANDOVER] Syncing JP225 SL to 60879.14086
[2026-05-06 09:48:57,639] INFO:  >> [SAFE_HANDOVER] Syncing JP225 SL to 60880.64086
[2026-05-06 09:48:57,641] INFO:  >> [SAFE_HANDOVER] Syncing JP225 SL to 60880.64086
[2026-05-06 09:48:57,643] INFO:  >> [SAFE_HANDOVER] Syncing JP225 SL to 60871.24086
[2026-05-06 09:48:57,644] INFO:  >> [SAFE_HANDOVER] Syncing JP225 SL to 60878.64086
[2026-05-06 09:48:57,645] INFO:  >> [SAFE_HANDOVER] Syncing JP225 SL to 60881.54086
[2026-05-06 09:48:57,647] INFO:  >> [SAFE_HANDOVER] Syncing JP225 SL to 60876.64086
[2026-05-06 09:48:57,649] INFO:  >> [SAFE_HANDOVER] Syncing JP225 SL to 60873.04086
[2026-05-06 09:48:57,651] INFO:  >> [SAFE_HANDOVER] Syncing JP225 SL to 60875.74086
[2026-05-06 09:48:57,653] INFO:  >> [SAFE_HANDOVER] Syncing JP225 SL to 60869.14086
[2026-05-06 09:48:57,656] INFO:  >> [SAFE_HANDOVER] Syncing JP225 SL to 60875.54086
[2026-05-06 09:48:57,751] INFO: SCANNING: AUDUSD | PRICE: 0.72 | BIAS: BULLISH | ER: 0.73 | VEL: 0.9
[2026-05-06 09:48:57,751] INFO:  >> [GUARD] AUDUSD position already active. Skipping.
[2026-05-06 09:48:57,754] INFO:  >> [HARVESTER] ALPHA is dominating. Scaling in reinforcements...
[2026-05-06 09:49:07,990] INFO:  >> [SAFE_HANDOVER] Syncing JP225 SL to 60829.54086
[2026-05-06 09:49:07,990] INFO:  >> [SAFE_HANDOVER] Syncing JP225 SL to 60825.64086
[2026-05-06 09:49:07,990] INFO:  >> [SAFE_HANDOVER] Syncing JP225 SL to 60831.14086
[2026-05-06 09:49:07,990] INFO:  >> [SAFE_HANDOVER] Syncing JP225 SL to 60833.64086
[2026-05-06 09:49:07,990] INFO:  >> [SAFE_HANDOVER] Syncing JP225 SL to 60828.64086
[2026-05-06 09:49:07,990] INFO:  >> [SAFE_HANDOVER] Syncing JP225 SL to 60828.74086
[2026-05-06 09:49:07,993] INFO:  >> [SAFE_HANDOVER] Syncing JP225 SL to 60831.84086
[2026-05-06 09:49:07,993] INFO:  >> [SAFE_HANDOVER] Syncing JP225 SL to 60846.04086
[2026-05-06 09:49:07,993] INFO:  >> [SAFE_HANDOVER] Syncing JP225 SL to 60848.64086
[2026-05-06 09:49:07,993] INFO:  >> [SAFE_HANDOVER] Syncing JP225 SL to 60855.34086
[2026-05-06 09:49:07,994] INFO:  >> [SAFE_HANDOVER] Syncing JP225 SL to 60858.24086
[2026-05-06 09:49:07,994] INFO:  >> [SAFE_HANDOVER] Syncing JP225 SL to 60855.64086
[2026-05-06 09:49:07,994] INFO:  >> [SAFE_HANDOVER] Syncing JP225 SL to 60860.34086
[2026-05-06 09:49:07,994] INFO:  >> [SAFE_HANDOVER] Syncing JP225 SL to 60861.14086
[2026-05-06 09:49:07,994] INFO:  >> [SAFE_HANDOVER] Syncing JP225 SL to 60868.84086
[2026-05-06 09:49:07,994] INFO:  >> [SAFE_HANDOVER] Syncing JP225 SL to 60875.54086
[2026-05-06 09:49:07,995] INFO:  >> [SAFE_HANDOVER] Syncing JP225 SL to 60875.44086
[2026-05-06 09:49:07,995] INFO:  >> [SAFE_HANDOVER] Syncing JP225 SL to 60869.14086
[2026-05-06 09:49:07,996] INFO:  >> [SAFE_HANDOVER] Syncing JP225 SL to 60866.74086
[2026-05-06 09:49:07,996] INFO:  >> [SAFE_HANDOVER] Syncing JP225 SL to 60883.24086
[2026-05-06 09:49:07,996] INFO:  >> [SAFE_HANDOVER] Syncing JP225 SL to 60888.74086
[2026-05-06 09:49:07,996] INFO:  >> [SAFE_HANDOVER] Syncing JP225 SL to 60888.24086
[2026-05-06 09:49:07,996] INFO:  >> [SAFE_HANDOVER] Syncing JP225 SL to 60891.34086
[2026-05-06 09:49:07,997] INFO:  >> [SAFE_HANDOVER] Syncing JP225 SL to 60893.64086
[2026-05-06 09:49:07,997] INFO:  >> [SAFE_HANDOVER] Syncing JP225 SL to 60883.24086
[2026-05-06 09:49:07,997] INFO:  >> [SAFE_HANDOVER] Syncing JP225 SL to 60879.14086
[2026-05-06 09:49:07,997] INFO:  >> [SAFE_HANDOVER] Syncing JP225 SL to 60880.64086
[2026-05-06 09:49:07,998] INFO:  >> [SAFE_HANDOVER] Syncing JP225 SL to 60880.64086
[2026-05-06 09:49:07,998] INFO:  >> [SAFE_HANDOVER] Syncing JP225 SL to 60871.24086
[2026-05-06 09:49:07,998] INFO:  >> [SAFE_HANDOVER] Syncing JP225 SL to 60878.64086
[2026-05-06 09:49:07,998] INFO:  >> [SAFE_HANDOVER] Syncing JP225 SL to 60881.54086
[2026-05-06 09:49:07,999] INFO:  >> [SAFE_HANDOVER] Syncing JP225 SL to 60876.64086
[2026-05-06 09:49:07,999] INFO:  >> [SAFE_HANDOVER] Syncing JP225 SL to 60873.04086
[2026-05-06 09:49:07,999] INFO:  >> [SAFE_HANDOVER] Syncing JP225 SL to 60875.74086
[2026-05-06 09:49:08,000] INFO:  >> [SAFE_HANDOVER] Syncing JP225 SL to 60869.14086
[2026-05-06 09:49:08,000] INFO:  >> [SAFE_HANDOVER] Syncing JP225 SL to 60875.54086
[2026-05-06 09:49:08,000] INFO:  >> [SAFE_HANDOVER] Syncing JP225 SL to 60878.54086
[2026-05-06 09:49:08,094] INFO: SCANNING: AUDUSD | PRICE: 0.72 | BIAS: BULLISH | ER: 0.73 | VEL: 0.9
[2026-05-06 09:49:08,095] INFO:  >> [GUARD] AUDUSD position already active. Skipping.
[2026-05-06 09:49:08,135] INFO:  >> [HARVESTER] ALPHA is dominating. Scaling in reinforcements...
[2026-05-06 09:49:18,365] INFO:  >> [SAFE_HANDOVER] Syncing JP225 SL to 60829.54086
[2026-05-06 09:49:18,365] INFO:  >> [SAFE_HANDOVER] Syncing JP225 SL to 60825.64086
[2026-05-06 09:49:18,366] INFO:  >> [SAFE_HANDOVER] Syncing JP225 SL to 60831.14086
[2026-05-06 09:49:18,366] INFO:  >> [SAFE_HANDOVER] Syncing JP225 SL to 60833.64086
[2026-05-06 09:49:18,366] INFO:  >> [SAFE_HANDOVER] Syncing JP225 SL to 60828.64086
[2026-05-06 09:49:18,366] INFO:  >> [SAFE_HANDOVER] Syncing JP225 SL to 60828.74086
[2026-05-06 09:49:18,367] INFO:  >> [SAFE_HANDOVER] Syncing JP225 SL to 60831.84086
[2026-05-06 09:49:18,367] INFO:  >> [SAFE_HANDOVER] Syncing JP225 SL to 60846.04086
[2026-05-06 09:49:18,367] INFO:  >> [SAFE_HANDOVER] Syncing JP225 SL to 60848.64086
[2026-05-06 09:49:18,367] INFO:  >> [SAFE_HANDOVER] Syncing JP225 SL to 60855.34086
[2026-05-06 09:49:18,367] INFO:  >> [SAFE_HANDOVER] Syncing JP225 SL to 60858.24086
[2026-05-06 09:49:18,368] INFO:  >> [SAFE_HANDOVER] Syncing JP225 SL to 60855.64086
[2026-05-06 09:49:18,368] INFO:  >> [SAFE_HANDOVER] Syncing JP225 SL to 60860.34086
[2026-05-06 09:49:18,369] INFO:  >> [SAFE_HANDOVER] Syncing JP225 SL to 60861.14086
[2026-05-06 09:49:18,369] INFO:  >> [SAFE_HANDOVER] Syncing JP225 SL to 60868.84086
[2026-05-06 09:49:18,369] INFO:  >> [SAFE_HANDOVER] Syncing JP225 SL to 60875.54086
[2026-05-06 09:49:18,369] INFO:  >> [SAFE_HANDOVER] Syncing JP225 SL to 60875.44086
[2026-05-06 09:49:18,369] INFO:  >> [SAFE_HANDOVER] Syncing JP225 SL to 60869.14086
[2026-05-06 09:49:18,370] INFO:  >> [SAFE_HANDOVER] Syncing JP225 SL to 60866.74086
[2026-05-06 09:49:18,370] INFO:  >> [SAFE_HANDOVER] Syncing JP225 SL to 60883.24086
[2026-05-06 09:49:18,371] INFO:  >> [SAFE_HANDOVER] Syncing JP225 SL to 60888.74086
[2026-05-06 09:49:18,371] INFO:  >> [SAFE_HANDOVER] Syncing JP225 SL to 60888.24086
[2026-05-06 09:49:18,371] INFO:  >> [SAFE_HANDOVER] Syncing JP225 SL to 60891.34086
[2026-05-06 09:49:18,371] INFO:  >> [SAFE_HANDOVER] Syncing JP225 SL to 60893.64086
[2026-05-06 09:49:18,372] INFO:  >> [SAFE_HANDOVER] Syncing JP225 SL to 60883.24086
[2026-05-06 09:49:18,372] INFO:  >> [SAFE_HANDOVER] Syncing JP225 SL to 60879.14086
[2026-05-06 09:49:18,372] INFO:  >> [SAFE_HANDOVER] Syncing JP225 SL to 60880.64086
[2026-05-06 09:49:18,372] INFO:  >> [SAFE_HANDOVER] Syncing JP225 SL to 60880.64086
[2026-05-06 09:49:18,372] INFO:  >> [SAFE_HANDOVER] Syncing JP225 SL to 60871.24086
[2026-05-06 09:49:18,373] INFO:  >> [SAFE_HANDOVER] Syncing JP225 SL to 60878.64086
[2026-05-06 09:49:18,373] INFO:  >> [SAFE_HANDOVER] Syncing JP225 SL to 60881.54086
[2026-05-06 09:49:18,373] INFO:  >> [SAFE_HANDOVER] Syncing JP225 SL to 60876.64086
[2026-05-06 09:49:18,373] INFO:  >> [SAFE_HANDOVER] Syncing JP225 SL to 60873.04086
[2026-05-06 09:49:18,373] INFO:  >> [SAFE_HANDOVER] Syncing JP225 SL to 60875.74086
[2026-05-06 09:49:18,373] INFO:  >> [SAFE_HANDOVER] Syncing JP225 SL to 60869.14086
[2026-05-06 09:49:18,374] INFO:  >> [SAFE_HANDOVER] Syncing JP225 SL to 60875.54086
[2026-05-06 09:49:18,374] INFO:  >> [SAFE_HANDOVER] Syncing JP225 SL to 60878.54086
[2026-05-06 09:49:18,376] INFO:  >> [SAFE_HANDOVER] Syncing JP225 SL to 60875.54086
[2026-05-06 09:49:18,503] INFO: SCANNING: AUDUSD | PRICE: 0.72 | BIAS: BULLISH | ER: 0.73 | VEL: 0.98
[2026-05-06 09:49:18,503] INFO:  >> [GUARD] AUDUSD position already active. Skipping.
[2026-05-06 09:49:18,508] INFO:  >> [HARVESTER] ALPHA is dominating. Scaling in reinforcements...
[2026-05-06 09:49:28,738] INFO:  >> [SAFE_HANDOVER] Syncing JP225 SL to 60829.54086
[2026-05-06 09:49:28,738] INFO:  >> [SAFE_HANDOVER] Syncing JP225 SL to 60825.64086
[2026-05-06 09:49:28,738] INFO:  >> [SAFE_HANDOVER] Syncing JP225 SL to 60831.14086
[2026-05-06 09:49:28,738] INFO:  >> [SAFE_HANDOVER] Syncing JP225 SL to 60833.64086
[2026-05-06 09:49:28,738] INFO:  >> [SAFE_HANDOVER] Syncing JP225 SL to 60828.64086
[2026-05-06 09:49:28,740] INFO:  >> [SAFE_HANDOVER] Syncing JP225 SL to 60828.74086
[2026-05-06 09:49:28,740] INFO:  >> [SAFE_HANDOVER] Syncing JP225 SL to 60831.84086
[2026-05-06 09:49:28,740] INFO:  >> [SAFE_HANDOVER] Syncing JP225 SL to 60846.04086
[2026-05-06 09:49:28,740] INFO:  >> [SAFE_HANDOVER] Syncing JP225 SL to 60848.64086
[2026-05-06 09:49:28,741] INFO:  >> [SAFE_HANDOVER] Syncing JP225 SL to 60855.34086
[2026-05-06 09:49:28,741] INFO:  >> [SAFE_HANDOVER] Syncing JP225 SL to 60858.24086
[2026-05-06 09:49:28,741] INFO:  >> [SAFE_HANDOVER] Syncing JP225 SL to 60855.64086
[2026-05-06 09:49:28,741] INFO:  >> [SAFE_HANDOVER] Syncing JP225 SL to 60860.34086
[2026-05-06 09:49:28,741] INFO:  >> [SAFE_HANDOVER] Syncing JP225 SL to 60861.14086
[2026-05-06 09:49:28,742] INFO:  >> [SAFE_HANDOVER] Syncing JP225 SL to 60868.84086
[2026-05-06 09:49:28,742] INFO:  >> [SAFE_HANDOVER] Syncing JP225 SL to 60875.54086
[2026-05-06 09:49:28,742] INFO:  >> [SAFE_HANDOVER] Syncing JP225 SL to 60875.44086
[2026-05-06 09:49:28,742] INFO:  >> [SAFE_HANDOVER] Syncing JP225 SL to 60869.14086
[2026-05-06 09:49:28,743] INFO:  >> [SAFE_HANDOVER] Syncing JP225 SL to 60866.74086
[2026-05-06 09:49:28,743] INFO:  >> [SAFE_HANDOVER] Syncing JP225 SL to 60883.24086
[2026-05-06 09:49:28,743] INFO:  >> [SAFE_HANDOVER] Syncing JP225 SL to 60888.74086
[2026-05-06 09:49:28,743] INFO:  >> [SAFE_HANDOVER] Syncing JP225 SL to 60888.24086
[2026-05-06 09:49:28,744] INFO:  >> [SAFE_HANDOVER] Syncing JP225 SL to 60891.34086
[2026-05-06 09:49:28,744] INFO:  >> [SAFE_HANDOVER] Syncing JP225 SL to 60893.64086
[2026-05-06 09:49:28,744] INFO:  >> [SAFE_HANDOVER] Syncing JP225 SL to 60883.24086
[2026-05-06 09:49:28,744] INFO:  >> [SAFE_HANDOVER] Syncing JP225 SL to 60879.14086
[2026-05-06 09:49:28,745] INFO:  >> [SAFE_HANDOVER] Syncing JP225 SL to 60880.64086
[2026-05-06 09:49:28,745] INFO:  >> [SAFE_HANDOVER] Syncing JP225 SL to 60880.64086
[2026-05-06 09:49:28,745] INFO:  >> [SAFE_HANDOVER] Syncing JP225 SL to 60871.24086
[2026-05-06 09:49:28,745] INFO:  >> [SAFE_HANDOVER] Syncing JP225 SL to 60878.64086
[2026-05-06 09:49:28,745] INFO:  >> [SAFE_HANDOVER] Syncing JP225 SL to 60881.54086
[2026-05-06 09:49:28,746] INFO:  >> [SAFE_HANDOVER] Syncing JP225 SL to 60876.64086
[2026-05-06 09:49:28,746] INFO:  >> [SAFE_HANDOVER] Syncing JP225 SL to 60873.04086
[2026-05-06 09:49:28,747] INFO:  >> [SAFE_HANDOVER] Syncing JP225 SL to 60875.74086
[2026-05-06 09:49:28,747] INFO:  >> [SAFE_HANDOVER] Syncing JP225 SL to 60869.14086
[2026-05-06 09:49:28,747] INFO:  >> [SAFE_HANDOVER] Syncing JP225 SL to 60875.54086
[2026-05-06 09:49:28,747] INFO:  >> [SAFE_HANDOVER] Syncing JP225 SL to 60878.54086
[2026-05-06 09:49:28,747] INFO:  >> [SAFE_HANDOVER] Syncing JP225 SL to 60875.54086
[2026-05-06 09:49:28,751] INFO:  >> [SAFE_HANDOVER] Syncing JP225 SL to 60884.34086
[2026-05-06 09:49:28,876] INFO: SCANNING: AUDUSD | PRICE: 0.72 | BIAS: BULLISH | ER: 0.74 | VEL: 1.13
[2026-05-06 09:49:28,876] INFO:  >> [GUARD] AUDUSD position already active. Skipping.
[2026-05-06 09:49:28,882] INFO:  >> [HARVESTER] ALPHA is dominating. Scaling in reinforcements...
[2026-05-06 09:49:39,143] INFO:  >> [SAFE_HANDOVER] Syncing JP225 SL to 60829.54086
[2026-05-06 09:49:39,144] INFO:  >> [SAFE_HANDOVER] Syncing JP225 SL to 60825.64086
[2026-05-06 09:49:39,145] INFO:  >> [SAFE_HANDOVER] Syncing JP225 SL to 60831.14086
[2026-05-06 09:49:39,145] INFO:  >> [SAFE_HANDOVER] Syncing JP225 SL to 60833.64086
[2026-05-06 09:49:39,145] INFO:  >> [SAFE_HANDOVER] Syncing JP225 SL to 60828.64086
[2026-05-06 09:49:39,146] INFO:  >> [SAFE_HANDOVER] Syncing JP225 SL to 60828.74086
[2026-05-06 09:49:39,146] INFO:  >> [SAFE_HANDOVER] Syncing JP225 SL to 60831.84086
[2026-05-06 09:49:39,146] INFO:  >> [SAFE_HANDOVER] Syncing JP225 SL to 60846.04086
[2026-05-06 09:49:39,146] INFO:  >> [SAFE_HANDOVER] Syncing JP225 SL to 60848.64086
[2026-05-06 09:49:39,147] INFO:  >> [SAFE_HANDOVER] Syncing JP225 SL to 60855.34086
[2026-05-06 09:49:39,147] INFO:  >> [SAFE_HANDOVER] Syncing JP225 SL to 60858.24086
[2026-05-06 09:49:39,147] INFO:  >> [SAFE_HANDOVER] Syncing JP225 SL to 60855.64086
[2026-05-06 09:49:39,147] INFO:  >> [SAFE_HANDOVER] Syncing JP225 SL to 60860.34086
[2026-05-06 09:49:39,147] INFO:  >> [SAFE_HANDOVER] Syncing JP225 SL to 60861.14086
[2026-05-06 09:49:39,148] INFO:  >> [SAFE_HANDOVER] Syncing JP225 SL to 60868.84086
[2026-05-06 09:49:39,148] INFO:  >> [SAFE_HANDOVER] Syncing JP225 SL to 60875.54086
[2026-05-06 09:49:39,148] INFO:  >> [SAFE_HANDOVER] Syncing JP225 SL to 60875.44086
[2026-05-06 09:49:39,148] INFO:  >> [SAFE_HANDOVER] Syncing JP225 SL to 60869.14086
[2026-05-06 09:49:39,149] INFO:  >> [SAFE_HANDOVER] Syncing JP225 SL to 60866.74086
[2026-05-06 09:49:39,149] INFO:  >> [SAFE_HANDOVER] Syncing JP225 SL to 60883.24086
[2026-05-06 09:49:39,150] INFO:  >> [SAFE_HANDOVER] Syncing JP225 SL to 60888.74086
[2026-05-06 09:49:39,150] INFO:  >> [SAFE_HANDOVER] Syncing JP225 SL to 60888.24086
[2026-05-06 09:49:39,151] INFO:  >> [SAFE_HANDOVER] Syncing JP225 SL to 60891.34086
[2026-05-06 09:49:39,151] INFO:  >> [SAFE_HANDOVER] Syncing JP225 SL to 60893.64086
[2026-05-06 09:49:39,151] INFO:  >> [SAFE_HANDOVER] Syncing JP225 SL to 60883.24086
[2026-05-06 09:49:39,152] INFO:  >> [SAFE_HANDOVER] Syncing JP225 SL to 60879.14086
[2026-05-06 09:49:39,152] INFO:  >> [SAFE_HANDOVER] Syncing JP225 SL to 60880.64086
[2026-05-06 09:49:39,152] INFO:  >> [SAFE_HANDOVER] Syncing JP225 SL to 60880.64086
[2026-05-06 09:49:39,153] INFO:  >> [SAFE_HANDOVER] Syncing JP225 SL to 60871.24086
[2026-05-06 09:49:39,153] INFO:  >> [SAFE_HANDOVER] Syncing JP225 SL to 60878.64086
[2026-05-06 09:49:39,153] INFO:  >> [SAFE_HANDOVER] Syncing JP225 SL to 60881.54086
[2026-05-06 09:49:39,153] INFO:  >> [SAFE_HANDOVER] Syncing JP225 SL to 60876.64086
[2026-05-06 09:49:39,153] INFO:  >> [SAFE_HANDOVER] Syncing JP225 SL to 60873.04086
[2026-05-06 09:49:39,154] INFO:  >> [SAFE_HANDOVER] Syncing JP225 SL to 60875.74086
[2026-05-06 09:49:39,155] INFO:  >> [SAFE_HANDOVER] Syncing JP225 SL to 60869.14086
[2026-05-06 09:49:39,155] INFO:  >> [SAFE_HANDOVER] Syncing JP225 SL to 60875.54086
[2026-05-06 09:49:39,155] INFO:  >> [SAFE_HANDOVER] Syncing JP225 SL to 60878.54086
[2026-05-06 09:49:39,155] INFO:  >> [SAFE_HANDOVER] Syncing JP225 SL to 60875.54086
[2026-05-06 09:49:39,156] INFO:  >> [SAFE_HANDOVER] Syncing JP225 SL to 60884.34086
[2026-05-06 09:49:39,157] INFO:  >> [SAFE_HANDOVER] Syncing JP225 SL to 60886.84086
[2026-05-06 09:49:39,283] INFO: SCANNING: AUDUSD | PRICE: 0.72 | BIAS: BULLISH | ER: 0.74 | VEL: 1.11
[2026-05-06 09:49:39,283] INFO:  >> [GUARD] AUDUSD position already active. Skipping.
[2026-05-06 09:49:39,288] INFO:  >> [HARVESTER] ALPHA is dominating. Scaling in reinforcements...
[2026-05-06 09:49:49,538] INFO:  >> [SAFE_HANDOVER] Syncing JP225 SL to 60829.54086
[2026-05-06 09:49:49,538] INFO:  >> [SAFE_HANDOVER] Syncing JP225 SL to 60825.64086
[2026-05-06 09:49:49,539] INFO:  >> [SAFE_HANDOVER] Syncing JP225 SL to 60831.14086
[2026-05-06 09:49:49,539] INFO:  >> [SAFE_HANDOVER] Syncing JP225 SL to 60833.64086
[2026-05-06 09:49:49,540] INFO:  >> [SAFE_HANDOVER] Syncing JP225 SL to 60828.64086
[2026-05-06 09:49:49,540] INFO:  >> [SAFE_HANDOVER] Syncing JP225 SL to 60828.74086
[2026-05-06 09:49:49,540] INFO:  >> [SAFE_HANDOVER] Syncing JP225 SL to 60831.84086
[2026-05-06 09:49:49,540] INFO:  >> [SAFE_HANDOVER] Syncing JP225 SL to 60846.04086
[2026-05-06 09:49:49,540] INFO:  >> [SAFE_HANDOVER] Syncing JP225 SL to 60848.64086
[2026-05-06 09:49:49,541] INFO:  >> [SAFE_HANDOVER] Syncing JP225 SL to 60855.34086
[2026-05-06 09:49:49,541] INFO:  >> [SAFE_HANDOVER] Syncing JP225 SL to 60858.24086
[2026-05-06 09:49:49,541] INFO:  >> [SAFE_HANDOVER] Syncing JP225 SL to 60855.64086
[2026-05-06 09:49:49,542] INFO:  >> [SAFE_HANDOVER] Syncing JP225 SL to 60860.34086
[2026-05-06 09:49:49,542] INFO:  >> [SAFE_HANDOVER] Syncing JP225 SL to 60861.14086
[2026-05-06 09:49:49,543] INFO:  >> [SAFE_HANDOVER] Syncing JP225 SL to 60868.84086
[2026-05-06 09:49:49,543] INFO:  >> [SAFE_HANDOVER] Syncing JP225 SL to 60875.54086
[2026-05-06 09:49:49,543] INFO:  >> [SAFE_HANDOVER] Syncing JP225 SL to 60875.44086
[2026-05-06 09:49:49,543] INFO:  >> [SAFE_HANDOVER] Syncing JP225 SL to 60869.14086
[2026-05-06 09:49:49,544] INFO:  >> [SAFE_HANDOVER] Syncing JP225 SL to 60866.74086
[2026-05-06 09:49:49,544] INFO:  >> [SAFE_HANDOVER] Syncing JP225 SL to 60883.24086
[2026-05-06 09:49:49,544] INFO:  >> [SAFE_HANDOVER] Syncing JP225 SL to 60888.74086
[2026-05-06 09:49:49,544] INFO:  >> [SAFE_HANDOVER] Syncing JP225 SL to 60888.24086
[2026-05-06 09:49:49,545] INFO:  >> [SAFE_HANDOVER] Syncing JP225 SL to 60891.34086
[2026-05-06 09:49:49,545] INFO:  >> [SAFE_HANDOVER] Syncing JP225 SL to 60893.64086
[2026-05-06 09:49:49,545] INFO:  >> [SAFE_HANDOVER] Syncing JP225 SL to 60883.24086
[2026-05-06 09:49:49,545] INFO:  >> [SAFE_HANDOVER] Syncing JP225 SL to 60879.14086
[2026-05-06 09:49:49,545] INFO:  >> [SAFE_HANDOVER] Syncing JP225 SL to 60880.64086
[2026-05-06 09:49:49,546] INFO:  >> [SAFE_HANDOVER] Syncing JP225 SL to 60880.64086
[2026-05-06 09:49:49,546] INFO:  >> [SAFE_HANDOVER] Syncing JP225 SL to 60871.24086
[2026-05-06 09:49:49,546] INFO:  >> [SAFE_HANDOVER] Syncing JP225 SL to 60878.64086
[2026-05-06 09:49:49,546] INFO:  >> [SAFE_HANDOVER] Syncing JP225 SL to 60881.54086
[2026-05-06 09:49:49,547] INFO:  >> [SAFE_HANDOVER] Syncing JP225 SL to 60876.64086
[2026-05-06 09:49:49,547] INFO:  >> [SAFE_HANDOVER] Syncing JP225 SL to 60873.04086
[2026-05-06 09:49:49,547] INFO:  >> [SAFE_HANDOVER] Syncing JP225 SL to 60875.74086
[2026-05-06 09:49:49,548] INFO:  >> [SAFE_HANDOVER] Syncing JP225 SL to 60869.14086
[2026-05-06 09:49:49,548] INFO:  >> [SAFE_HANDOVER] Syncing JP225 SL to 60875.54086
[2026-05-06 09:49:49,548] INFO:  >> [SAFE_HANDOVER] Syncing JP225 SL to 60878.54086
[2026-05-06 09:49:49,549] INFO:  >> [SAFE_HANDOVER] Syncing JP225 SL to 60875.54086
[2026-05-06 09:49:49,549] INFO:  >> [SAFE_HANDOVER] Syncing JP225 SL to 60884.34086
[2026-05-06 09:49:49,550] INFO:  >> [SAFE_HANDOVER] Syncing JP225 SL to 60886.84086
[2026-05-06 09:49:49,552] INFO:  >> [SAFE_HANDOVER] Syncing JP225 SL to 60891.14086
[2026-05-06 09:49:49,676] INFO: SCANNING: AUDUSD | PRICE: 0.72 | BIAS: BULLISH | ER: 0.73 | VEL: 1.03
[2026-05-06 09:49:49,676] INFO:  >> [GUARD] AUDUSD position already active. Skipping.
[2026-05-06 09:49:49,680] INFO:  >> [HARVESTER] ALPHA is dominating. Scaling in reinforcements...
[2026-05-06 09:49:59,900] INFO:  >> [SAFE_HANDOVER] Syncing JP225 SL to 60829.54086
[2026-05-06 09:49:59,901] INFO:  >> [SAFE_HANDOVER] Syncing JP225 SL to 60825.64086
[2026-05-06 09:49:59,902] INFO:  >> [SAFE_HANDOVER] Syncing JP225 SL to 60831.14086
[2026-05-06 09:49:59,902] INFO:  >> [SAFE_HANDOVER] Syncing JP225 SL to 60833.64086
[2026-05-06 09:49:59,903] INFO:  >> [SAFE_HANDOVER] Syncing JP225 SL to 60828.64086
[2026-05-06 09:49:59,903] INFO:  >> [SAFE_HANDOVER] Syncing JP225 SL to 60828.74086
[2026-05-06 09:49:59,903] INFO:  >> [SAFE_HANDOVER] Syncing JP225 SL to 60831.84086
[2026-05-06 09:49:59,903] INFO:  >> [SAFE_HANDOVER] Syncing JP225 SL to 60846.04086
[2026-05-06 09:49:59,904] INFO:  >> [SAFE_HANDOVER] Syncing JP225 SL to 60848.64086
[2026-05-06 09:49:59,904] INFO:  >> [SAFE_HANDOVER] Syncing JP225 SL to 60855.34086
[2026-05-06 09:49:59,904] INFO:  >> [SAFE_HANDOVER] Syncing JP225 SL to 60858.24086
[2026-05-06 09:49:59,904] INFO:  >> [SAFE_HANDOVER] Syncing JP225 SL to 60855.64086
[2026-05-06 09:49:59,905] INFO:  >> [SAFE_HANDOVER] Syncing JP225 SL to 60860.34086
[2026-05-06 09:49:59,905] INFO:  >> [SAFE_HANDOVER] Syncing JP225 SL to 60861.14086
[2026-05-06 09:49:59,906] INFO:  >> [SAFE_HANDOVER] Syncing JP225 SL to 60868.84086
[2026-05-06 09:49:59,906] INFO:  >> [SAFE_HANDOVER] Syncing JP225 SL to 60875.54086
[2026-05-06 09:49:59,906] INFO:  >> [SAFE_HANDOVER] Syncing JP225 SL to 60875.44086
[2026-05-06 09:49:59,906] INFO:  >> [SAFE_HANDOVER] Syncing JP225 SL to 60869.14086
[2026-05-06 09:49:59,906] INFO:  >> [SAFE_HANDOVER] Syncing JP225 SL to 60866.74086
[2026-05-06 09:49:59,907] INFO:  >> [SAFE_HANDOVER] Syncing JP225 SL to 60883.24086
[2026-05-06 09:49:59,907] INFO:  >> [SAFE_HANDOVER] Syncing JP225 SL to 60888.74086
[2026-05-06 09:49:59,907] INFO:  >> [SAFE_HANDOVER] Syncing JP225 SL to 60888.24086
[2026-05-06 09:49:59,907] INFO:  >> [SAFE_HANDOVER] Syncing JP225 SL to 60891.34086
[2026-05-06 09:49:59,907] INFO:  >> [SAFE_HANDOVER] Syncing JP225 SL to 60893.64086
[2026-05-06 09:49:59,908] INFO:  >> [SAFE_HANDOVER] Syncing JP225 SL to 60883.24086
[2026-05-06 09:49:59,908] INFO:  >> [SAFE_HANDOVER] Syncing JP225 SL to 60879.14086
[2026-05-06 09:49:59,908] INFO:  >> [SAFE_HANDOVER] Syncing JP225 SL to 60880.64086
[2026-05-06 09:49:59,908] INFO:  >> [SAFE_HANDOVER] Syncing JP225 SL to 60880.64086
[2026-05-06 09:49:59,909] INFO:  >> [SAFE_HANDOVER] Syncing JP225 SL to 60871.24086
[2026-05-06 09:49:59,909] INFO:  >> [SAFE_HANDOVER] Syncing JP225 SL to 60878.64086
[2026-05-06 09:49:59,909] INFO:  >> [SAFE_HANDOVER] Syncing JP225 SL to 60881.54086
[2026-05-06 09:49:59,909] INFO:  >> [SAFE_HANDOVER] Syncing JP225 SL to 60876.64086
[2026-05-06 09:49:59,910] INFO:  >> [SAFE_HANDOVER] Syncing JP225 SL to 60873.04086
[2026-05-06 09:49:59,910] INFO:  >> [SAFE_HANDOVER] Syncing JP225 SL to 60875.74086
[2026-05-06 09:49:59,911] INFO:  >> [SAFE_HANDOVER] Syncing JP225 SL to 60869.14086
[2026-05-06 09:49:59,911] INFO:  >> [SAFE_HANDOVER] Syncing JP225 SL to 60875.54086
[2026-05-06 09:49:59,911] INFO:  >> [SAFE_HANDOVER] Syncing JP225 SL to 60878.54086
[2026-05-06 09:49:59,911] INFO:  >> [SAFE_HANDOVER] Syncing JP225 SL to 60875.54086
[2026-05-06 09:49:59,912] INFO:  >> [SAFE_HANDOVER] Syncing JP225 SL to 60884.34086
[2026-05-06 09:49:59,912] INFO:  >> [SAFE_HANDOVER] Syncing JP225 SL to 60886.84086
[2026-05-06 09:49:59,912] INFO:  >> [SAFE_HANDOVER] Syncing JP225 SL to 60891.14086
[2026-05-06 09:49:59,914] INFO:  >> [SAFE_HANDOVER] Syncing JP225 SL to 60891.14086
[2026-05-06 09:50:00,041] INFO: SCANNING: AUDUSD | PRICE: 0.72 | BIAS: BULLISH | ER: 0.73 | VEL: 0.89
[2026-05-06 09:50:00,042] INFO:  >> [GUARD] AUDUSD position already active. Skipping.
[2026-05-06 09:50:00,048] INFO:  >> [HARVESTER] ALPHA is dominating. Scaling in reinforcements...
[2026-05-06 09:50:10,275] INFO:  >> [SAFE_HANDOVER] Syncing JP225 SL to 60829.54086
[2026-05-06 09:50:10,275] INFO:  >> [SAFE_HANDOVER] Syncing JP225 SL to 60825.64086
[2026-05-06 09:50:10,275] INFO:  >> [SAFE_HANDOVER] Syncing JP225 SL to 60831.14086
[2026-05-06 09:50:10,275] INFO:  >> [SAFE_HANDOVER] Syncing JP225 SL to 60833.64086
[2026-05-06 09:50:10,275] INFO:  >> [SAFE_HANDOVER] Syncing JP225 SL to 60828.64086
[2026-05-06 09:50:10,276] INFO:  >> [SAFE_HANDOVER] Syncing JP225 SL to 60828.74086
[2026-05-06 09:50:10,276] INFO:  >> [SAFE_HANDOVER] Syncing JP225 SL to 60831.84086
[2026-05-06 09:50:10,276] INFO:  >> [SAFE_HANDOVER] Syncing JP225 SL to 60846.04086
[2026-05-06 09:50:10,276] INFO:  >> [SAFE_HANDOVER] Syncing JP225 SL to 60848.64086
[2026-05-06 09:50:10,276] INFO:  >> [SAFE_HANDOVER] Syncing JP225 SL to 60855.34086
[2026-05-06 09:50:10,276] INFO:  >> [SAFE_HANDOVER] Syncing JP225 SL to 60858.24086
[2026-05-06 09:50:10,277] INFO:  >> [SAFE_HANDOVER] Syncing JP225 SL to 60855.64086
[2026-05-06 09:50:10,277] INFO:  >> [SAFE_HANDOVER] Syncing JP225 SL to 60860.34086
[2026-05-06 09:50:10,278] INFO:  >> [SAFE_HANDOVER] Syncing JP225 SL to 60861.14086
[2026-05-06 09:50:10,278] INFO:  >> [SAFE_HANDOVER] Syncing JP225 SL to 60868.84086
[2026-05-06 09:50:10,279] INFO:  >> [SAFE_HANDOVER] Syncing JP225 SL to 60875.54086
[2026-05-06 09:50:10,279] INFO:  >> [SAFE_HANDOVER] Syncing JP225 SL to 60875.44086
[2026-05-06 09:50:10,279] INFO:  >> [SAFE_HANDOVER] Syncing JP225 SL to 60869.14086
[2026-05-06 09:50:10,279] INFO:  >> [SAFE_HANDOVER] Syncing JP225 SL to 60866.74086
[2026-05-06 09:50:10,280] INFO:  >> [SAFE_HANDOVER] Syncing JP225 SL to 60883.24086
[2026-05-06 09:50:10,280] INFO:  >> [SAFE_HANDOVER] Syncing JP225 SL to 60888.74086
[2026-05-06 09:50:10,280] INFO:  >> [SAFE_HANDOVER] Syncing JP225 SL to 60888.24086
[2026-05-06 09:50:10,280] INFO:  >> [SAFE_HANDOVER] Syncing JP225 SL to 60891.34086
[2026-05-06 09:50:10,280] INFO:  >> [SAFE_HANDOVER] Syncing JP225 SL to 60893.64086
[2026-05-06 09:50:10,281] INFO:  >> [SAFE_HANDOVER] Syncing JP225 SL to 60883.24086
[2026-05-06 09:50:10,281] INFO:  >> [SAFE_HANDOVER] Syncing JP225 SL to 60879.14086
[2026-05-06 09:50:10,282] INFO:  >> [SAFE_HANDOVER] Syncing JP225 SL to 60880.64086
[2026-05-06 09:50:10,282] INFO:  >> [SAFE_HANDOVER] Syncing JP225 SL to 60880.64086
[2026-05-06 09:50:10,282] INFO:  >> [SAFE_HANDOVER] Syncing JP225 SL to 60871.24086
[2026-05-06 09:50:10,282] INFO:  >> [SAFE_HANDOVER] Syncing JP225 SL to 60878.64086
[2026-05-06 09:50:10,283] INFO:  >> [SAFE_HANDOVER] Syncing JP225 SL to 60881.54086
[2026-05-06 09:50:10,283] INFO:  >> [SAFE_HANDOVER] Syncing JP225 SL to 60876.64086
[2026-05-06 09:50:10,283] INFO:  >> [SAFE_HANDOVER] Syncing JP225 SL to 60873.04086
[2026-05-06 09:50:10,284] INFO:  >> [SAFE_HANDOVER] Syncing JP225 SL to 60875.74086
[2026-05-06 09:50:10,284] INFO:  >> [SAFE_HANDOVER] Syncing JP225 SL to 60869.14086
[2026-05-06 09:50:10,284] INFO:  >> [SAFE_HANDOVER] Syncing JP225 SL to 60875.54086
[2026-05-06 09:50:10,285] INFO:  >> [SAFE_HANDOVER] Syncing JP225 SL to 60878.54086
[2026-05-06 09:50:10,285] INFO:  >> [SAFE_HANDOVER] Syncing JP225 SL to 60875.54086
[2026-05-06 09:50:10,285] INFO:  >> [SAFE_HANDOVER] Syncing JP225 SL to 60884.34086
[2026-05-06 09:50:10,285] INFO:  >> [SAFE_HANDOVER] Syncing JP225 SL to 60886.84086
[2026-05-06 09:50:10,286] INFO:  >> [SAFE_HANDOVER] Syncing JP225 SL to 60891.14086
[2026-05-06 09:50:10,286] INFO:  >> [SAFE_HANDOVER] Syncing JP225 SL to 60891.14086
[2026-05-06 09:50:10,288] INFO:  >> [SAFE_HANDOVER] Syncing JP225 SL to 60891.14086
[2026-05-06 09:50:10,414] INFO: SCANNING: AUDUSD | PRICE: 0.72 | BIAS: BULLISH | ER: 0.73 | VEL: 0.97
[2026-05-06 09:50:10,415] INFO:  >> [GUARD] AUDUSD position already active. Skipping.
[2026-05-06 09:50:10,418] INFO:  >> [HARVESTER] ALPHA is dominating. Scaling in reinforcements...
[2026-05-06 09:50:20,646] INFO:  >> [SAFE_HANDOVER] Syncing JP225 SL to 60829.54086
[2026-05-06 09:50:20,646] INFO:  >> [SAFE_HANDOVER] Syncing JP225 SL to 60825.64086
[2026-05-06 09:50:20,646] INFO:  >> [SAFE_HANDOVER] Syncing JP225 SL to 60831.14086
[2026-05-06 09:50:20,647] INFO:  >> [SAFE_HANDOVER] Syncing JP225 SL to 60833.64086
[2026-05-06 09:50:20,647] INFO:  >> [SAFE_HANDOVER] Syncing JP225 SL to 60828.64086
[2026-05-06 09:50:20,648] INFO:  >> [SAFE_HANDOVER] Syncing JP225 SL to 60828.74086
[2026-05-06 09:50:20,648] INFO:  >> [SAFE_HANDOVER] Syncing JP225 SL to 60831.84086
[2026-05-06 09:50:20,648] INFO:  >> [SAFE_HANDOVER] Syncing JP225 SL to 60846.04086
[2026-05-06 09:50:20,648] INFO:  >> [SAFE_HANDOVER] Syncing JP225 SL to 60848.64086
[2026-05-06 09:50:20,649] INFO:  >> [SAFE_HANDOVER] Syncing JP225 SL to 60855.34086
[2026-05-06 09:50:20,649] INFO:  >> [SAFE_HANDOVER] Syncing JP225 SL to 60858.24086
[2026-05-06 09:50:20,649] INFO:  >> [SAFE_HANDOVER] Syncing JP225 SL to 60855.64086
[2026-05-06 09:50:20,649] INFO:  >> [SAFE_HANDOVER] Syncing JP225 SL to 60860.34086
[2026-05-06 09:50:20,650] INFO:  >> [SAFE_HANDOVER] Syncing JP225 SL to 60861.14086
[2026-05-06 09:50:20,650] INFO:  >> [SAFE_HANDOVER] Syncing JP225 SL to 60868.84086
[2026-05-06 09:50:20,651] INFO:  >> [SAFE_HANDOVER] Syncing JP225 SL to 60875.54086
[2026-05-06 09:50:20,651] INFO:  >> [SAFE_HANDOVER] Syncing JP225 SL to 60875.44086
[2026-05-06 09:50:20,651] INFO:  >> [SAFE_HANDOVER] Syncing JP225 SL to 60869.14086
[2026-05-06 09:50:20,652] INFO:  >> [SAFE_HANDOVER] Syncing JP225 SL to 60866.74086
[2026-05-06 09:50:20,652] INFO:  >> [SAFE_HANDOVER] Syncing JP225 SL to 60883.24086
[2026-05-06 09:50:20,653] INFO:  >> [SAFE_HANDOVER] Syncing JP225 SL to 60888.74086
[2026-05-06 09:50:20,653] INFO:  >> [SAFE_HANDOVER] Syncing JP225 SL to 60888.24086
[2026-05-06 09:50:20,653] INFO:  >> [SAFE_HANDOVER] Syncing JP225 SL to 60891.34086
[2026-05-06 09:50:20,653] INFO:  >> [SAFE_HANDOVER] Syncing JP225 SL to 60893.64086
[2026-05-06 09:50:20,654] INFO:  >> [SAFE_HANDOVER] Syncing JP225 SL to 60883.24086
[2026-05-06 09:50:20,654] INFO:  >> [SAFE_HANDOVER] Syncing JP225 SL to 60879.14086
[2026-05-06 09:50:20,654] INFO:  >> [SAFE_HANDOVER] Syncing JP225 SL to 60880.64086
[2026-05-06 09:50:20,654] INFO:  >> [SAFE_HANDOVER] Syncing JP225 SL to 60880.64086
[2026-05-06 09:50:20,655] INFO:  >> [SAFE_HANDOVER] Syncing JP225 SL to 60871.24086
[2026-05-06 09:50:20,655] INFO:  >> [SAFE_HANDOVER] Syncing JP225 SL to 60878.64086
[2026-05-06 09:50:20,655] INFO:  >> [SAFE_HANDOVER] Syncing JP225 SL to 60881.54086
[2026-05-06 09:50:20,656] INFO:  >> [SAFE_HANDOVER] Syncing JP225 SL to 60876.64086
[2026-05-06 09:50:20,656] INFO:  >> [SAFE_HANDOVER] Syncing JP225 SL to 60873.04086
[2026-05-06 09:50:20,656] INFO:  >> [SAFE_HANDOVER] Syncing JP225 SL to 60875.74086
[2026-05-06 09:50:20,657] INFO:  >> [SAFE_HANDOVER] Syncing JP225 SL to 60869.14086
[2026-05-06 09:50:20,657] INFO:  >> [SAFE_HANDOVER] Syncing JP225 SL to 60875.54086
[2026-05-06 09:50:20,657] INFO:  >> [SAFE_HANDOVER] Syncing JP225 SL to 60878.54086
[2026-05-06 09:50:20,658] INFO:  >> [SAFE_HANDOVER] Syncing JP225 SL to 60875.54086
[2026-05-06 09:50:20,658] INFO:  >> [SAFE_HANDOVER] Syncing JP225 SL to 60884.34086
[2026-05-06 09:50:20,658] INFO:  >> [SAFE_HANDOVER] Syncing JP225 SL to 60886.84086
[2026-05-06 09:50:20,658] INFO:  >> [SAFE_HANDOVER] Syncing JP225 SL to 60891.14086
[2026-05-06 09:50:20,659] INFO:  >> [SAFE_HANDOVER] Syncing JP225 SL to 60891.14086
[2026-05-06 09:50:20,660] INFO:  >> [SAFE_HANDOVER] Syncing JP225 SL to 60891.14086
[2026-05-06 09:50:20,660] INFO:  >> [SAFE_HANDOVER] Syncing JP225 SL to 60884.14086
[2026-05-06 09:50:20,764] INFO: SCANNING: AUDUSD | PRICE: 0.72 | BIAS: BULLISH | ER: 0.73 | VEL: 0.95
[2026-05-06 09:50:20,765] INFO:  >> [GUARD] AUDUSD position already active. Skipping.
[2026-05-06 09:50:20,775] INFO:  >> [HARVESTER] ALPHA is dominating. Scaling in reinforcements...
[2026-05-06 09:50:30,983] INFO:  >> [SAFE_HANDOVER] Syncing JP225 SL to 60829.54086
[2026-05-06 09:50:30,983] INFO:  >> [SAFE_HANDOVER] Syncing JP225 SL to 60825.64086
[2026-05-06 09:50:30,984] INFO:  >> [SAFE_HANDOVER] Syncing JP225 SL to 60831.14086
[2026-05-06 09:50:30,985] INFO:  >> [SAFE_HANDOVER] Syncing JP225 SL to 60833.64086
[2026-05-06 09:50:30,985] INFO:  >> [SAFE_HANDOVER] Syncing JP225 SL to 60828.64086
[2026-05-06 09:50:30,986] INFO:  >> [SAFE_HANDOVER] Syncing JP225 SL to 60828.74086
[2026-05-06 09:50:30,986] INFO:  >> [SAFE_HANDOVER] Syncing JP225 SL to 60831.84086
[2026-05-06 09:50:30,986] INFO:  >> [SAFE_HANDOVER] Syncing JP225 SL to 60846.04086
[2026-05-06 09:50:30,986] INFO:  >> [SAFE_HANDOVER] Syncing JP225 SL to 60848.64086
[2026-05-06 09:50:30,986] INFO:  >> [SAFE_HANDOVER] Syncing JP225 SL to 60855.34086
[2026-05-06 09:50:30,987] INFO:  >> [SAFE_HANDOVER] Syncing JP225 SL to 60858.24086
[2026-05-06 09:50:30,987] INFO:  >> [SAFE_HANDOVER] Syncing JP225 SL to 60855.64086
[2026-05-06 09:50:30,987] INFO:  >> [SAFE_HANDOVER] Syncing JP225 SL to 60860.34086
[2026-05-06 09:50:30,988] INFO:  >> [SAFE_HANDOVER] Syncing JP225 SL to 60861.14086
[2026-05-06 09:50:30,988] INFO:  >> [SAFE_HANDOVER] Syncing JP225 SL to 60868.84086
[2026-05-06 09:50:30,988] INFO:  >> [SAFE_HANDOVER] Syncing JP225 SL to 60875.54086
[2026-05-06 09:50:30,988] INFO:  >> [SAFE_HANDOVER] Syncing JP225 SL to 60875.44086
[2026-05-06 09:50:30,989] INFO:  >> [SAFE_HANDOVER] Syncing JP225 SL to 60869.14086
[2026-05-06 09:50:30,989] INFO:  >> [SAFE_HANDOVER] Syncing JP225 SL to 60866.74086
[2026-05-06 09:50:30,990] INFO:  >> [SAFE_HANDOVER] Syncing JP225 SL to 60883.24086
[2026-05-06 09:50:30,990] INFO:  >> [SAFE_HANDOVER] Syncing JP225 SL to 60888.74086
[2026-05-06 09:50:30,990] INFO:  >> [SAFE_HANDOVER] Syncing JP225 SL to 60888.24086
[2026-05-06 09:50:30,991] INFO:  >> [SAFE_HANDOVER] Syncing JP225 SL to 60891.34086
[2026-05-06 09:50:30,991] INFO:  >> [SAFE_HANDOVER] Syncing JP225 SL to 60893.64086
[2026-05-06 09:50:31,020] INFO:  >> [SAFE_HANDOVER] Syncing JP225 SL to 60883.24086
[2026-05-06 09:50:31,020] INFO:  >> [SAFE_HANDOVER] Syncing JP225 SL to 60879.14086
[2026-05-06 09:50:31,020] INFO:  >> [SAFE_HANDOVER] Syncing JP225 SL to 60880.64086
[2026-05-06 09:50:31,021] INFO:  >> [SAFE_HANDOVER] Syncing JP225 SL to 60880.64086
[2026-05-06 09:50:31,021] INFO:  >> [SAFE_HANDOVER] Syncing JP225 SL to 60871.24086
[2026-05-06 09:50:31,022] INFO:  >> [SAFE_HANDOVER] Syncing JP225 SL to 60878.64086
[2026-05-06 09:50:31,022] INFO:  >> [SAFE_HANDOVER] Syncing JP225 SL to 60881.54086
[2026-05-06 09:50:31,022] INFO:  >> [SAFE_HANDOVER] Syncing JP225 SL to 60876.64086
[2026-05-06 09:50:31,023] INFO:  >> [SAFE_HANDOVER] Syncing JP225 SL to 60873.04086
[2026-05-06 09:50:31,023] INFO:  >> [SAFE_HANDOVER] Syncing JP225 SL to 60875.74086
[2026-05-06 09:50:31,023] INFO:  >> [SAFE_HANDOVER] Syncing JP225 SL to 60869.14086
[2026-05-06 09:50:31,023] INFO:  >> [SAFE_HANDOVER] Syncing JP225 SL to 60875.54086
[2026-05-06 09:50:31,024] INFO:  >> [SAFE_HANDOVER] Syncing JP225 SL to 60878.54086
[2026-05-06 09:50:31,025] INFO:  >> [SAFE_HANDOVER] Syncing JP225 SL to 60875.54086
[2026-05-06 09:50:31,025] INFO:  >> [SAFE_HANDOVER] Syncing JP225 SL to 60884.34086
[2026-05-06 09:50:31,025] INFO:  >> [SAFE_HANDOVER] Syncing JP225 SL to 60886.84086
[2026-05-06 09:50:31,026] INFO:  >> [SAFE_HANDOVER] Syncing JP225 SL to 60891.14086
[2026-05-06 09:50:31,026] INFO:  >> [SAFE_HANDOVER] Syncing JP225 SL to 60891.14086
[2026-05-06 09:50:31,027] INFO:  >> [SAFE_HANDOVER] Syncing JP225 SL to 60891.14086
[2026-05-06 09:50:31,027] INFO:  >> [SAFE_HANDOVER] Syncing JP225 SL to 60884.14086
[2026-05-06 09:50:31,028] INFO:  >> [SAFE_HANDOVER] Syncing JP225 SL to 60881.74086
[2026-05-06 09:50:31,125] INFO: SCANNING: AUDUSD | PRICE: 0.72 | BIAS: BULLISH | ER: 0.73 | VEL: 0.89
[2026-05-06 09:50:31,125] INFO:  >> [GUARD] AUDUSD position already active. Skipping.
[2026-05-06 09:50:31,129] INFO:  >> [HARVESTER] ALPHA is dominating. Scaling in reinforcements...
[2026-05-06 09:50:41,398] INFO:  >> [SAFE_HANDOVER] Syncing JP225 SL to 60829.54086
[2026-05-06 09:50:41,398] INFO:  >> [SAFE_HANDOVER] Syncing JP225 SL to 60825.64086
[2026-05-06 09:50:41,398] INFO:  >> [SAFE_HANDOVER] Syncing JP225 SL to 60831.14086
[2026-05-06 09:50:41,399] INFO:  >> [SAFE_HANDOVER] Syncing JP225 SL to 60833.64086
[2026-05-06 09:50:41,399] INFO:  >> [SAFE_HANDOVER] Syncing JP225 SL to 60828.64086
[2026-05-06 09:50:41,399] INFO:  >> [SAFE_HANDOVER] Syncing JP225 SL to 60828.74086
[2026-05-06 09:50:41,399] INFO:  >> [SAFE_HANDOVER] Syncing JP225 SL to 60831.84086
[2026-05-06 09:50:41,400] INFO:  >> [SAFE_HANDOVER] Syncing JP225 SL to 60846.04086
[2026-05-06 09:50:41,400] INFO:  >> [SAFE_HANDOVER] Syncing JP225 SL to 60848.64086
[2026-05-06 09:50:41,400] INFO:  >> [SAFE_HANDOVER] Syncing JP225 SL to 60855.34086
[2026-05-06 09:50:41,401] INFO:  >> [SAFE_HANDOVER] Syncing JP225 SL to 60858.24086
[2026-05-06 09:50:41,401] INFO:  >> [SAFE_HANDOVER] Syncing JP225 SL to 60855.64086
[2026-05-06 09:50:41,401] INFO:  >> [SAFE_HANDOVER] Syncing JP225 SL to 60860.34086
[2026-05-06 09:50:41,401] INFO:  >> [SAFE_HANDOVER] Syncing JP225 SL to 60861.14086
[2026-05-06 09:50:41,401] INFO:  >> [SAFE_HANDOVER] Syncing JP225 SL to 60868.84086
[2026-05-06 09:50:41,402] INFO:  >> [SAFE_HANDOVER] Syncing JP225 SL to 60875.54086
[2026-05-06 09:50:41,402] INFO:  >> [SAFE_HANDOVER] Syncing JP225 SL to 60875.44086
[2026-05-06 09:50:41,402] INFO:  >> [SAFE_HANDOVER] Syncing JP225 SL to 60869.14086
[2026-05-06 09:50:41,402] INFO:  >> [SAFE_HANDOVER] Syncing JP225 SL to 60866.74086
[2026-05-06 09:50:41,402] INFO:  >> [SAFE_HANDOVER] Syncing JP225 SL to 60883.24086
[2026-05-06 09:50:41,403] INFO:  >> [SAFE_HANDOVER] Syncing JP225 SL to 60888.74086
[2026-05-06 09:50:41,403] INFO:  >> [SAFE_HANDOVER] Syncing JP225 SL to 60888.24086
[2026-05-06 09:50:41,403] INFO:  >> [SAFE_HANDOVER] Syncing JP225 SL to 60891.34086
[2026-05-06 09:50:41,404] INFO:  >> [SAFE_HANDOVER] Syncing JP225 SL to 60893.64086
[2026-05-06 09:50:41,404] INFO:  >> [SAFE_HANDOVER] Syncing JP225 SL to 60883.24086
[2026-05-06 09:50:41,404] INFO:  >> [SAFE_HANDOVER] Syncing JP225 SL to 60879.14086
[2026-05-06 09:50:41,404] INFO:  >> [SAFE_HANDOVER] Syncing JP225 SL to 60880.64086
[2026-05-06 09:50:41,405] INFO:  >> [SAFE_HANDOVER] Syncing JP225 SL to 60880.64086
[2026-05-06 09:50:41,405] INFO:  >> [SAFE_HANDOVER] Syncing JP225 SL to 60871.24086
[2026-05-06 09:50:41,405] INFO:  >> [SAFE_HANDOVER] Syncing JP225 SL to 60878.64086
[2026-05-06 09:50:41,405] INFO:  >> [SAFE_HANDOVER] Syncing JP225 SL to 60881.54086
[2026-05-06 09:50:41,406] INFO:  >> [SAFE_HANDOVER] Syncing JP225 SL to 60876.64086
[2026-05-06 09:50:41,406] INFO:  >> [SAFE_HANDOVER] Syncing JP225 SL to 60873.04086
[2026-05-06 09:50:41,406] INFO:  >> [SAFE_HANDOVER] Syncing JP225 SL to 60875.74086
[2026-05-06 09:50:41,406] INFO:  >> [SAFE_HANDOVER] Syncing JP225 SL to 60869.14086
[2026-05-06 09:50:41,406] INFO:  >> [SAFE_HANDOVER] Syncing JP225 SL to 60875.54086
[2026-05-06 09:50:41,406] INFO:  >> [SAFE_HANDOVER] Syncing JP225 SL to 60878.54086
[2026-05-06 09:50:41,406] INFO:  >> [SAFE_HANDOVER] Syncing JP225 SL to 60875.54086
[2026-05-06 09:50:41,406] INFO:  >> [SAFE_HANDOVER] Syncing JP225 SL to 60884.34086
[2026-05-06 09:50:41,407] INFO:  >> [SAFE_HANDOVER] Syncing JP225 SL to 60886.84086
[2026-05-06 09:50:41,407] INFO:  >> [SAFE_HANDOVER] Syncing JP225 SL to 60891.14086
[2026-05-06 09:50:41,408] INFO:  >> [SAFE_HANDOVER] Syncing JP225 SL to 60891.14086
[2026-05-06 09:50:41,408] INFO:  >> [SAFE_HANDOVER] Syncing JP225 SL to 60891.14086
[2026-05-06 09:50:41,408] INFO:  >> [SAFE_HANDOVER] Syncing JP225 SL to 60884.14086
[2026-05-06 09:50:41,408] INFO:  >> [SAFE_HANDOVER] Syncing JP225 SL to 60881.74086
[2026-05-06 09:50:41,410] INFO:  >> [SAFE_HANDOVER] Syncing JP225 SL to 60885.64086
[2026-05-06 09:50:41,534] INFO: SCANNING: AUDUSD | PRICE: 0.72 | BIAS: BULLISH | ER: 0.73 | VEL: 0.93
[2026-05-06 09:50:41,534] INFO:  >> [GUARD] AUDUSD position already active. Skipping.
[2026-05-06 09:50:41,594] INFO:  >> [HARVESTER] ALPHA is dominating. Scaling in reinforcements...
[2026-05-06 09:50:51,884] INFO:  >> [SAFE_HANDOVER] Syncing JP225 SL to 60829.54086
[2026-05-06 09:50:51,884] INFO:  >> [SAFE_HANDOVER] Syncing JP225 SL to 60825.64086
[2026-05-06 09:50:51,885] INFO:  >> [SAFE_HANDOVER] Syncing JP225 SL to 60831.14086
[2026-05-06 09:50:51,885] INFO:  >> [SAFE_HANDOVER] Syncing JP225 SL to 60833.64086
[2026-05-06 09:50:51,885] INFO:  >> [SAFE_HANDOVER] Syncing JP225 SL to 60828.64086
[2026-05-06 09:50:51,885] INFO:  >> [SAFE_HANDOVER] Syncing JP225 SL to 60828.74086
[2026-05-06 09:50:51,886] INFO:  >> [SAFE_HANDOVER] Syncing JP225 SL to 60831.84086
[2026-05-06 09:50:51,886] INFO:  >> [SAFE_HANDOVER] Syncing JP225 SL to 60846.04086
[2026-05-06 09:50:51,886] INFO:  >> [SAFE_HANDOVER] Syncing JP225 SL to 60848.64086
[2026-05-06 09:50:51,886] INFO:  >> [SAFE_HANDOVER] Syncing JP225 SL to 60855.34086
[2026-05-06 09:50:51,887] INFO:  >> [SAFE_HANDOVER] Syncing JP225 SL to 60858.24086
[2026-05-06 09:50:51,887] INFO:  >> [SAFE_HANDOVER] Syncing JP225 SL to 60855.64086
[2026-05-06 09:50:51,887] INFO:  >> [SAFE_HANDOVER] Syncing JP225 SL to 60860.34086
[2026-05-06 09:50:51,887] INFO:  >> [SAFE_HANDOVER] Syncing JP225 SL to 60861.14086
[2026-05-06 09:50:51,888] INFO:  >> [SAFE_HANDOVER] Syncing JP225 SL to 60868.84086
[2026-05-06 09:50:51,888] INFO:  >> [SAFE_HANDOVER] Syncing JP225 SL to 60875.54086
[2026-05-06 09:50:51,889] INFO:  >> [SAFE_HANDOVER] Syncing JP225 SL to 60875.44086
[2026-05-06 09:50:51,889] INFO:  >> [SAFE_HANDOVER] Syncing JP225 SL to 60869.14086
[2026-05-06 09:50:51,889] INFO:  >> [SAFE_HANDOVER] Syncing JP225 SL to 60866.74086
[2026-05-06 09:50:51,889] INFO:  >> [SAFE_HANDOVER] Syncing JP225 SL to 60883.24086
[2026-05-06 09:50:51,890] INFO:  >> [SAFE_HANDOVER] Syncing JP225 SL to 60888.74086
[2026-05-06 09:50:51,890] INFO:  >> [SAFE_HANDOVER] Syncing JP225 SL to 60888.24086
[2026-05-06 09:50:51,890] INFO:  >> [SAFE_HANDOVER] Syncing JP225 SL to 60891.34086
[2026-05-06 09:50:51,890] INFO:  >> [SAFE_HANDOVER] Syncing JP225 SL to 60893.64086
[2026-05-06 09:50:51,891] INFO:  >> [SAFE_HANDOVER] Syncing JP225 SL to 60883.24086
[2026-05-06 09:50:51,891] INFO:  >> [SAFE_HANDOVER] Syncing JP225 SL to 60879.14086
[2026-05-06 09:50:51,891] INFO:  >> [SAFE_HANDOVER] Syncing JP225 SL to 60880.64086
[2026-05-06 09:50:51,891] INFO:  >> [SAFE_HANDOVER] Syncing JP225 SL to 60880.64086
[2026-05-06 09:50:51,892] INFO:  >> [SAFE_HANDOVER] Syncing JP225 SL to 60871.24086
[2026-05-06 09:50:51,892] INFO:  >> [SAFE_HANDOVER] Syncing JP225 SL to 60878.64086
[2026-05-06 09:50:51,893] INFO:  >> [SAFE_HANDOVER] Syncing JP225 SL to 60881.54086
[2026-05-06 09:50:51,893] INFO:  >> [SAFE_HANDOVER] Syncing JP225 SL to 60876.64086
[2026-05-06 09:50:51,893] INFO:  >> [SAFE_HANDOVER] Syncing JP225 SL to 60873.04086
[2026-05-06 09:50:51,893] INFO:  >> [SAFE_HANDOVER] Syncing JP225 SL to 60875.74086
[2026-05-06 09:50:51,894] INFO:  >> [SAFE_HANDOVER] Syncing JP225 SL to 60869.14086
[2026-05-06 09:50:51,894] INFO:  >> [SAFE_HANDOVER] Syncing JP225 SL to 60875.54086
[2026-05-06 09:50:51,894] INFO:  >> [SAFE_HANDOVER] Syncing JP225 SL to 60878.54086
[2026-05-06 09:50:51,894] INFO:  >> [SAFE_HANDOVER] Syncing JP225 SL to 60875.54086
[2026-05-06 09:50:51,894] INFO:  >> [SAFE_HANDOVER] Syncing JP225 SL to 60884.34086
[2026-05-06 09:50:51,895] INFO:  >> [SAFE_HANDOVER] Syncing JP225 SL to 60886.84086
[2026-05-06 09:50:51,895] INFO:  >> [SAFE_HANDOVER] Syncing JP225 SL to 60891.14086
[2026-05-06 09:50:51,895] INFO:  >> [SAFE_HANDOVER] Syncing JP225 SL to 60891.14086
[2026-05-06 09:50:51,896] INFO:  >> [SAFE_HANDOVER] Syncing JP225 SL to 60891.14086
[2026-05-06 09:50:51,896] INFO:  >> [SAFE_HANDOVER] Syncing JP225 SL to 60884.14086
[2026-05-06 09:50:51,896] INFO:  >> [SAFE_HANDOVER] Syncing JP225 SL to 60881.74086
[2026-05-06 09:50:51,896] INFO:  >> [SAFE_HANDOVER] Syncing JP225 SL to 60885.64086
[2026-05-06 09:50:51,896] INFO:  >> [SAFE_HANDOVER] Syncing JP225 SL to 60885.54086
[2026-05-06 09:50:51,993] INFO: SCANNING: AUDUSD | PRICE: 0.72 | BIAS: BULLISH | ER: 0.73 | VEL: 0.85
[2026-05-06 09:50:51,993] INFO:  >> [GUARD] AUDUSD position already active. Skipping.
[2026-05-06 09:50:51,999] INFO:  >> [HARVESTER] ALPHA is dominating. Scaling in reinforcements...
[2026-05-06 09:51:02,213] INFO:  >> [SAFE_HANDOVER] Syncing JP225 SL to 60829.54086
[2026-05-06 09:51:02,213] INFO:  >> [SAFE_HANDOVER] Syncing JP225 SL to 60825.64086
[2026-05-06 09:51:02,213] INFO:  >> [SAFE_HANDOVER] Syncing JP225 SL to 60831.14086
[2026-05-06 09:51:02,214] INFO:  >> [SAFE_HANDOVER] Syncing JP225 SL to 60833.64086
[2026-05-06 09:51:02,214] INFO:  >> [SAFE_HANDOVER] Syncing JP225 SL to 60828.64086
[2026-05-06 09:51:02,214] INFO:  >> [SAFE_HANDOVER] Syncing JP225 SL to 60828.74086
[2026-05-06 09:51:02,215] INFO:  >> [SAFE_HANDOVER] Syncing JP225 SL to 60831.84086
[2026-05-06 09:51:02,215] INFO:  >> [SAFE_HANDOVER] Syncing JP225 SL to 60846.04086
[2026-05-06 09:51:02,216] INFO:  >> [SAFE_HANDOVER] Syncing JP225 SL to 60848.64086
[2026-05-06 09:51:02,216] INFO:  >> [SAFE_HANDOVER] Syncing JP225 SL to 60855.34086
[2026-05-06 09:51:02,216] INFO:  >> [SAFE_HANDOVER] Syncing JP225 SL to 60858.24086
[2026-05-06 09:51:02,216] INFO:  >> [SAFE_HANDOVER] Syncing JP225 SL to 60855.64086
[2026-05-06 09:51:02,216] INFO:  >> [SAFE_HANDOVER] Syncing JP225 SL to 60860.34086
[2026-05-06 09:51:02,217] INFO:  >> [SAFE_HANDOVER] Syncing JP225 SL to 60861.14086
[2026-05-06 09:51:02,217] INFO:  >> [SAFE_HANDOVER] Syncing JP225 SL to 60868.84086
[2026-05-06 09:51:02,217] INFO:  >> [SAFE_HANDOVER] Syncing JP225 SL to 60875.54086
[2026-05-06 09:51:02,218] INFO:  >> [SAFE_HANDOVER] Syncing JP225 SL to 60875.44086
[2026-05-06 09:51:02,218] INFO:  >> [SAFE_HANDOVER] Syncing JP225 SL to 60869.14086
[2026-05-06 09:51:02,218] INFO:  >> [SAFE_HANDOVER] Syncing JP225 SL to 60866.74086
[2026-05-06 09:51:02,218] INFO:  >> [SAFE_HANDOVER] Syncing JP225 SL to 60883.24086
[2026-05-06 09:51:02,218] INFO:  >> [SAFE_HANDOVER] Syncing JP225 SL to 60888.74086
[2026-05-06 09:51:02,219] INFO:  >> [SAFE_HANDOVER] Syncing JP225 SL to 60888.24086
[2026-05-06 09:51:02,219] INFO:  >> [SAFE_HANDOVER] Syncing JP225 SL to 60891.34086
[2026-05-06 09:51:02,219] INFO:  >> [SAFE_HANDOVER] Syncing JP225 SL to 60893.64086
[2026-05-06 09:51:02,219] INFO:  >> [SAFE_HANDOVER] Syncing JP225 SL to 60883.24086
[2026-05-06 09:51:02,219] INFO:  >> [SAFE_HANDOVER] Syncing JP225 SL to 60879.14086
[2026-05-06 09:51:02,220] INFO:  >> [SAFE_HANDOVER] Syncing JP225 SL to 60880.64086
[2026-05-06 09:51:02,220] INFO:  >> [SAFE_HANDOVER] Syncing JP225 SL to 60880.64086
[2026-05-06 09:51:02,220] INFO:  >> [SAFE_HANDOVER] Syncing JP225 SL to 60871.24086
[2026-05-06 09:51:02,220] INFO:  >> [SAFE_HANDOVER] Syncing JP225 SL to 60878.64086
[2026-05-06 09:51:02,221] INFO:  >> [SAFE_HANDOVER] Syncing JP225 SL to 60881.54086
[2026-05-06 09:51:02,221] INFO:  >> [SAFE_HANDOVER] Syncing JP225 SL to 60876.64086
[2026-05-06 09:51:02,221] INFO:  >> [SAFE_HANDOVER] Syncing JP225 SL to 60873.04086
[2026-05-06 09:51:02,221] INFO:  >> [SAFE_HANDOVER] Syncing JP225 SL to 60875.74086
[2026-05-06 09:51:02,221] INFO:  >> [SAFE_HANDOVER] Syncing JP225 SL to 60869.14086
[2026-05-06 09:51:02,222] INFO:  >> [SAFE_HANDOVER] Syncing JP225 SL to 60875.54086
[2026-05-06 09:51:02,222] INFO:  >> [SAFE_HANDOVER] Syncing JP225 SL to 60878.54086
[2026-05-06 09:51:02,222] INFO:  >> [SAFE_HANDOVER] Syncing JP225 SL to 60875.54086
[2026-05-06 09:51:02,222] INFO:  >> [SAFE_HANDOVER] Syncing JP225 SL to 60884.34086
[2026-05-06 09:51:02,223] INFO:  >> [SAFE_HANDOVER] Syncing JP225 SL to 60886.84086
[2026-05-06 09:51:02,223] INFO:  >> [SAFE_HANDOVER] Syncing JP225 SL to 60891.14086
[2026-05-06 09:51:02,223] INFO:  >> [SAFE_HANDOVER] Syncing JP225 SL to 60891.14086
[2026-05-06 09:51:02,223] INFO:  >> [SAFE_HANDOVER] Syncing JP225 SL to 60891.14086
[2026-05-06 09:51:02,223] INFO:  >> [SAFE_HANDOVER] Syncing JP225 SL to 60884.14086
[2026-05-06 09:51:02,224] INFO:  >> [SAFE_HANDOVER] Syncing JP225 SL to 60881.74086
[2026-05-06 09:51:02,224] INFO:  >> [SAFE_HANDOVER] Syncing JP225 SL to 60885.64086
[2026-05-06 09:51:02,224] INFO:  >> [SAFE_HANDOVER] Syncing JP225 SL to 60885.54086
[2026-05-06 09:51:02,225] INFO:  >> [SAFE_HANDOVER] Syncing JP225 SL to 60888.24086
[2026-05-06 09:51:02,350] INFO: SCANNING: AUDUSD | PRICE: 0.72 | BIAS: BULLISH | ER: 0.73 | VEL: 0.85
[2026-05-06 09:51:02,351] INFO:  >> [GUARD] AUDUSD position already active. Skipping.
[2026-05-06 09:51:02,406] INFO:  >> [HARVESTER] ALPHA is dominating. Scaling in reinforcements...
[2026-05-06 09:51:12,611] INFO:  >> [SAFE_HANDOVER] Syncing JP225 SL to 60829.54086
[2026-05-06 09:51:12,611] INFO:  >> [SAFE_HANDOVER] Syncing JP225 SL to 60825.64086
[2026-05-06 09:51:12,612] INFO:  >> [SAFE_HANDOVER] Syncing JP225 SL to 60831.14086
[2026-05-06 09:51:12,612] INFO:  >> [SAFE_HANDOVER] Syncing JP225 SL to 60833.64086
[2026-05-06 09:51:12,612] INFO:  >> [SAFE_HANDOVER] Syncing JP225 SL to 60828.64086
[2026-05-06 09:51:12,613] INFO:  >> [SAFE_HANDOVER] Syncing JP225 SL to 60828.74086
[2026-05-06 09:51:12,613] INFO:  >> [SAFE_HANDOVER] Syncing JP225 SL to 60831.84086
[2026-05-06 09:51:12,613] INFO:  >> [SAFE_HANDOVER] Syncing JP225 SL to 60846.04086
[2026-05-06 09:51:12,613] INFO:  >> [SAFE_HANDOVER] Syncing JP225 SL to 60848.64086
[2026-05-06 09:51:12,614] INFO:  >> [SAFE_HANDOVER] Syncing JP225 SL to 60855.34086
[2026-05-06 09:51:12,614] INFO:  >> [SAFE_HANDOVER] Syncing JP225 SL to 60858.24086
[2026-05-06 09:51:12,614] INFO:  >> [SAFE_HANDOVER] Syncing JP225 SL to 60855.64086
[2026-05-06 09:51:12,615] INFO:  >> [SAFE_HANDOVER] Syncing JP225 SL to 60860.34086
[2026-05-06 09:51:12,615] INFO:  >> [SAFE_HANDOVER] Syncing JP225 SL to 60861.14086
[2026-05-06 09:51:12,616] INFO:  >> [SAFE_HANDOVER] Syncing JP225 SL to 60868.84086
[2026-05-06 09:51:12,616] INFO:  >> [SAFE_HANDOVER] Syncing JP225 SL to 60875.54086
[2026-05-06 09:51:12,616] INFO:  >> [SAFE_HANDOVER] Syncing JP225 SL to 60875.44086
[2026-05-06 09:51:12,616] INFO:  >> [SAFE_HANDOVER] Syncing JP225 SL to 60869.14086
[2026-05-06 09:51:12,616] INFO:  >> [SAFE_HANDOVER] Syncing JP225 SL to 60866.74086
[2026-05-06 09:51:12,617] INFO:  >> [SAFE_HANDOVER] Syncing JP225 SL to 60883.24086
[2026-05-06 09:51:12,617] INFO:  >> [SAFE_HANDOVER] Syncing JP225 SL to 60888.74086
[2026-05-06 09:51:12,617] INFO:  >> [SAFE_HANDOVER] Syncing JP225 SL to 60888.24086
[2026-05-06 09:51:12,617] INFO:  >> [SAFE_HANDOVER] Syncing JP225 SL to 60891.34086
[2026-05-06 09:51:12,618] INFO:  >> [SAFE_HANDOVER] Syncing JP225 SL to 60893.64086
[2026-05-06 09:51:12,618] INFO:  >> [SAFE_HANDOVER] Syncing JP225 SL to 60883.24086
[2026-05-06 09:51:12,618] INFO:  >> [SAFE_HANDOVER] Syncing JP225 SL to 60879.14086
[2026-05-06 09:51:12,618] INFO:  >> [SAFE_HANDOVER] Syncing JP225 SL to 60880.64086
[2026-05-06 09:51:12,618] INFO:  >> [SAFE_HANDOVER] Syncing JP225 SL to 60880.64086
[2026-05-06 09:51:12,619] INFO:  >> [SAFE_HANDOVER] Syncing JP225 SL to 60871.24086
[2026-05-06 09:51:12,619] INFO:  >> [SAFE_HANDOVER] Syncing JP225 SL to 60878.64086
[2026-05-06 09:51:12,619] INFO:  >> [SAFE_HANDOVER] Syncing JP225 SL to 60881.54086
[2026-05-06 09:51:12,619] INFO:  >> [SAFE_HANDOVER] Syncing JP225 SL to 60876.64086
[2026-05-06 09:51:12,620] INFO:  >> [SAFE_HANDOVER] Syncing JP225 SL to 60873.04086
[2026-05-06 09:51:12,620] INFO:  >> [SAFE_HANDOVER] Syncing JP225 SL to 60875.74086
[2026-05-06 09:51:12,620] INFO:  >> [SAFE_HANDOVER] Syncing JP225 SL to 60869.14086
[2026-05-06 09:51:12,620] INFO:  >> [SAFE_HANDOVER] Syncing JP225 SL to 60875.54086
[2026-05-06 09:51:12,621] INFO:  >> [SAFE_HANDOVER] Syncing JP225 SL to 60878.54086
[2026-05-06 09:51:12,621] INFO:  >> [SAFE_HANDOVER] Syncing JP225 SL to 60875.54086
[2026-05-06 09:51:12,621] INFO:  >> [SAFE_HANDOVER] Syncing JP225 SL to 60884.34086
[2026-05-06 09:51:12,621] INFO:  >> [SAFE_HANDOVER] Syncing JP225 SL to 60886.84086
[2026-05-06 09:51:12,622] INFO:  >> [SAFE_HANDOVER] Syncing JP225 SL to 60891.14086
[2026-05-06 09:51:12,622] INFO:  >> [SAFE_HANDOVER] Syncing JP225 SL to 60891.14086
[2026-05-06 09:51:12,623] INFO:  >> [SAFE_HANDOVER] Syncing JP225 SL to 60891.14086
[2026-05-06 09:51:12,623] INFO:  >> [SAFE_HANDOVER] Syncing JP225 SL to 60884.14086
[2026-05-06 09:51:12,623] INFO:  >> [SAFE_HANDOVER] Syncing JP225 SL to 60881.74086
[2026-05-06 09:51:12,623] INFO:  >> [SAFE_HANDOVER] Syncing JP225 SL to 60885.64086
[2026-05-06 09:51:12,623] INFO:  >> [SAFE_HANDOVER] Syncing JP225 SL to 60885.54086
[2026-05-06 09:51:12,624] INFO:  >> [SAFE_HANDOVER] Syncing JP225 SL to 60888.24086
[2026-05-06 09:51:12,626] INFO:  >> [SAFE_HANDOVER] Syncing JP225 SL to 60886.54086
[2026-05-06 09:51:12,750] INFO: SCANNING: AUDUSD | PRICE: 0.72 | BIAS: BULLISH | ER: 0.73 | VEL: 0.85
[2026-05-06 09:51:12,750] INFO:  >> [GUARD] AUDUSD position already active. Skipping.
[2026-05-06 09:51:12,776] INFO:  >> [HARVESTER] ALPHA is dominating. Scaling in reinforcements...
[2026-05-06 09:51:23,050] INFO:  >> [SAFE_HANDOVER] Syncing JP225 SL to 60829.54086
[2026-05-06 09:51:23,050] INFO:  >> [SAFE_HANDOVER] Syncing JP225 SL to 60825.64086
[2026-05-06 09:51:23,051] INFO:  >> [SAFE_HANDOVER] Syncing JP225 SL to 60831.14086
[2026-05-06 09:51:23,051] INFO:  >> [SAFE_HANDOVER] Syncing JP225 SL to 60833.64086
[2026-05-06 09:51:23,052] INFO:  >> [SAFE_HANDOVER] Syncing JP225 SL to 60828.64086
[2026-05-06 09:51:23,052] INFO:  >> [SAFE_HANDOVER] Syncing JP225 SL to 60828.74086
[2026-05-06 09:51:23,053] INFO:  >> [SAFE_HANDOVER] Syncing JP225 SL to 60831.84086
[2026-05-06 09:51:23,053] INFO:  >> [SAFE_HANDOVER] Syncing JP225 SL to 60846.04086
[2026-05-06 09:51:23,053] INFO:  >> [SAFE_HANDOVER] Syncing JP225 SL to 60848.64086
[2026-05-06 09:51:23,053] INFO:  >> [SAFE_HANDOVER] Syncing JP225 SL to 60855.34086
[2026-05-06 09:51:23,054] INFO:  >> [SAFE_HANDOVER] Syncing JP225 SL to 60858.24086
[2026-05-06 09:51:23,054] INFO:  >> [SAFE_HANDOVER] Syncing JP225 SL to 60855.64086
[2026-05-06 09:51:23,054] INFO:  >> [SAFE_HANDOVER] Syncing JP225 SL to 60860.34086
[2026-05-06 09:51:23,054] INFO:  >> [SAFE_HANDOVER] Syncing JP225 SL to 60861.14086
[2026-05-06 09:51:23,054] INFO:  >> [SAFE_HANDOVER] Syncing JP225 SL to 60868.84086
[2026-05-06 09:51:23,055] INFO:  >> [SAFE_HANDOVER] Syncing JP225 SL to 60875.54086
[2026-05-06 09:51:23,055] INFO:  >> [SAFE_HANDOVER] Syncing JP225 SL to 60875.44086
[2026-05-06 09:51:23,055] INFO:  >> [SAFE_HANDOVER] Syncing JP225 SL to 60869.14086
[2026-05-06 09:51:23,055] INFO:  >> [SAFE_HANDOVER] Syncing JP225 SL to 60866.74086
[2026-05-06 09:51:23,056] INFO:  >> [SAFE_HANDOVER] Syncing JP225 SL to 60883.24086
[2026-05-06 09:51:23,056] INFO:  >> [SAFE_HANDOVER] Syncing JP225 SL to 60888.74086
[2026-05-06 09:51:23,056] INFO:  >> [SAFE_HANDOVER] Syncing JP225 SL to 60888.24086
[2026-05-06 09:51:23,056] INFO:  >> [SAFE_HANDOVER] Syncing JP225 SL to 60891.34086
[2026-05-06 09:51:23,056] INFO:  >> [SAFE_HANDOVER] Syncing JP225 SL to 60893.64086
[2026-05-06 09:51:23,057] INFO:  >> [SAFE_HANDOVER] Syncing JP225 SL to 60883.24086
[2026-05-06 09:51:23,057] INFO:  >> [SAFE_HANDOVER] Syncing JP225 SL to 60879.14086
[2026-05-06 09:51:23,057] INFO:  >> [SAFE_HANDOVER] Syncing JP225 SL to 60880.64086
[2026-05-06 09:51:23,057] INFO:  >> [SAFE_HANDOVER] Syncing JP225 SL to 60880.64086
[2026-05-06 09:51:23,058] INFO:  >> [SAFE_HANDOVER] Syncing JP225 SL to 60871.24086
[2026-05-06 09:51:23,058] INFO:  >> [SAFE_HANDOVER] Syncing JP225 SL to 60878.64086
[2026-05-06 09:51:23,058] INFO:  >> [SAFE_HANDOVER] Syncing JP225 SL to 60881.54086
[2026-05-06 09:51:23,058] INFO:  >> [SAFE_HANDOVER] Syncing JP225 SL to 60876.64086
[2026-05-06 09:51:23,058] INFO:  >> [SAFE_HANDOVER] Syncing JP225 SL to 60873.04086
[2026-05-06 09:51:23,059] INFO:  >> [SAFE_HANDOVER] Syncing JP225 SL to 60875.74086
[2026-05-06 09:51:23,059] INFO:  >> [SAFE_HANDOVER] Syncing JP225 SL to 60869.14086
[2026-05-06 09:51:23,059] INFO:  >> [SAFE_HANDOVER] Syncing JP225 SL to 60875.54086
[2026-05-06 09:51:23,059] INFO:  >> [SAFE_HANDOVER] Syncing JP225 SL to 60878.54086
[2026-05-06 09:51:23,059] INFO:  >> [SAFE_HANDOVER] Syncing JP225 SL to 60875.54086
[2026-05-06 09:51:23,060] INFO:  >> [SAFE_HANDOVER] Syncing JP225 SL to 60884.34086
[2026-05-06 09:51:23,060] INFO:  >> [SAFE_HANDOVER] Syncing JP225 SL to 60886.84086
[2026-05-06 09:51:23,060] INFO:  >> [SAFE_HANDOVER] Syncing JP225 SL to 60891.14086
[2026-05-06 09:51:23,061] INFO:  >> [SAFE_HANDOVER] Syncing JP225 SL to 60891.14086
[2026-05-06 09:51:23,061] INFO:  >> [SAFE_HANDOVER] Syncing JP225 SL to 60891.14086
[2026-05-06 09:51:23,061] INFO:  >> [SAFE_HANDOVER] Syncing JP225 SL to 60884.14086
[2026-05-06 09:51:23,061] INFO:  >> [SAFE_HANDOVER] Syncing JP225 SL to 60881.74086
[2026-05-06 09:51:23,061] INFO:  >> [SAFE_HANDOVER] Syncing JP225 SL to 60885.64086
[2026-05-06 09:51:23,062] INFO:  >> [SAFE_HANDOVER] Syncing JP225 SL to 60885.54086
[2026-05-06 09:51:23,062] INFO:  >> [SAFE_HANDOVER] Syncing JP225 SL to 60888.24086
[2026-05-06 09:51:23,062] INFO:  >> [SAFE_HANDOVER] Syncing JP225 SL to 60886.54086
[2026-05-06 09:51:23,062] INFO:  >> [SAFE_HANDOVER] Syncing JP225 SL to 60886.54086
[2026-05-06 09:51:23,168] INFO: SCANNING: AUDUSD | PRICE: 0.72 | BIAS: BULLISH | ER: 0.73 | VEL: 0.87
[2026-05-06 09:51:23,169] INFO:  >> [GUARD] AUDUSD position already active. Skipping.
[2026-05-06 09:51:23,217] INFO:  >> [HARVESTER] ALPHA is dominating. Scaling in reinforcements...
[2026-05-06 09:51:33,459] INFO:  >> [SAFE_HANDOVER] Syncing JP225 SL to 60829.54086
[2026-05-06 09:51:33,460] INFO:  >> [SAFE_HANDOVER] Syncing JP225 SL to 60825.64086
[2026-05-06 09:51:33,460] INFO:  >> [SAFE_HANDOVER] Syncing JP225 SL to 60831.14086
[2026-05-06 09:51:33,461] INFO:  >> [SAFE_HANDOVER] Syncing JP225 SL to 60833.64086
[2026-05-06 09:51:33,461] INFO:  >> [SAFE_HANDOVER] Syncing JP225 SL to 60828.64086
[2026-05-06 09:51:33,461] INFO:  >> [SAFE_HANDOVER] Syncing JP225 SL to 60828.74086
[2026-05-06 09:51:33,462] INFO:  >> [SAFE_HANDOVER] Syncing JP225 SL to 60831.84086
[2026-05-06 09:51:33,462] INFO:  >> [SAFE_HANDOVER] Syncing JP225 SL to 60846.04086
[2026-05-06 09:51:33,462] INFO:  >> [SAFE_HANDOVER] Syncing JP225 SL to 60848.64086
[2026-05-06 09:51:33,462] INFO:  >> [SAFE_HANDOVER] Syncing JP225 SL to 60855.34086
[2026-05-06 09:51:33,463] INFO:  >> [SAFE_HANDOVER] Syncing JP225 SL to 60858.24086
[2026-05-06 09:51:33,463] INFO:  >> [SAFE_HANDOVER] Syncing JP225 SL to 60855.64086
[2026-05-06 09:51:33,464] INFO:  >> [SAFE_HANDOVER] Syncing JP225 SL to 60860.34086
[2026-05-06 09:51:33,464] INFO:  >> [SAFE_HANDOVER] Syncing JP225 SL to 60861.14086
[2026-05-06 09:51:33,464] INFO:  >> [SAFE_HANDOVER] Syncing JP225 SL to 60868.84086
[2026-05-06 09:51:33,465] INFO:  >> [SAFE_HANDOVER] Syncing JP225 SL to 60875.54086
[2026-05-06 09:51:33,465] INFO:  >> [SAFE_HANDOVER] Syncing JP225 SL to 60875.44086
[2026-05-06 09:51:33,465] INFO:  >> [SAFE_HANDOVER] Syncing JP225 SL to 60869.14086
[2026-05-06 09:51:33,465] INFO:  >> [SAFE_HANDOVER] Syncing JP225 SL to 60866.74086
[2026-05-06 09:51:33,466] INFO:  >> [SAFE_HANDOVER] Syncing JP225 SL to 60883.24086
[2026-05-06 09:51:33,466] INFO:  >> [SAFE_HANDOVER] Syncing JP225 SL to 60888.74086
[2026-05-06 09:51:33,466] INFO:  >> [SAFE_HANDOVER] Syncing JP225 SL to 60888.24086
[2026-05-06 09:51:33,467] INFO:  >> [SAFE_HANDOVER] Syncing JP225 SL to 60891.34086
[2026-05-06 09:51:33,467] INFO:  >> [SAFE_HANDOVER] Syncing JP225 SL to 60893.64086
[2026-05-06 09:51:33,467] INFO:  >> [SAFE_HANDOVER] Syncing JP225 SL to 60883.24086
[2026-05-06 09:51:33,467] INFO:  >> [SAFE_HANDOVER] Syncing JP225 SL to 60879.14086
[2026-05-06 09:51:33,467] INFO:  >> [SAFE_HANDOVER] Syncing JP225 SL to 60880.64086
[2026-05-06 09:51:33,468] INFO:  >> [SAFE_HANDOVER] Syncing JP225 SL to 60880.64086
[2026-05-06 09:51:33,468] INFO:  >> [SAFE_HANDOVER] Syncing JP225 SL to 60871.24086
[2026-05-06 09:51:33,469] INFO:  >> [SAFE_HANDOVER] Syncing JP225 SL to 60878.64086
[2026-05-06 09:51:33,469] INFO:  >> [SAFE_HANDOVER] Syncing JP225 SL to 60881.54086
[2026-05-06 09:51:33,469] INFO:  >> [SAFE_HANDOVER] Syncing JP225 SL to 60876.64086
[2026-05-06 09:51:33,469] INFO:  >> [SAFE_HANDOVER] Syncing JP225 SL to 60873.04086
[2026-05-06 09:51:33,470] INFO:  >> [SAFE_HANDOVER] Syncing JP225 SL to 60875.74086
[2026-05-06 09:51:33,470] INFO:  >> [SAFE_HANDOVER] Syncing JP225 SL to 60869.14086
[2026-05-06 09:51:33,470] INFO:  >> [SAFE_HANDOVER] Syncing JP225 SL to 60875.54086
[2026-05-06 09:51:33,471] INFO:  >> [SAFE_HANDOVER] Syncing JP225 SL to 60878.54086
[2026-05-06 09:51:33,471] INFO:  >> [SAFE_HANDOVER] Syncing JP225 SL to 60875.54086
[2026-05-06 09:51:33,471] INFO:  >> [SAFE_HANDOVER] Syncing JP225 SL to 60884.34086
[2026-05-06 09:51:33,471] INFO:  >> [SAFE_HANDOVER] Syncing JP225 SL to 60886.84086
[2026-05-06 09:51:33,472] INFO:  >> [SAFE_HANDOVER] Syncing JP225 SL to 60891.14086
[2026-05-06 09:51:33,472] INFO:  >> [SAFE_HANDOVER] Syncing JP225 SL to 60891.14086
[2026-05-06 09:51:33,472] INFO:  >> [SAFE_HANDOVER] Syncing JP225 SL to 60891.14086
[2026-05-06 09:51:33,472] INFO:  >> [SAFE_HANDOVER] Syncing JP225 SL to 60884.14086
[2026-05-06 09:51:33,472] INFO:  >> [SAFE_HANDOVER] Syncing JP225 SL to 60881.74086
[2026-05-06 09:51:33,473] INFO:  >> [SAFE_HANDOVER] Syncing JP225 SL to 60885.64086
[2026-05-06 09:51:33,473] INFO:  >> [SAFE_HANDOVER] Syncing JP225 SL to 60885.54086
[2026-05-06 09:51:33,473] INFO:  >> [SAFE_HANDOVER] Syncing JP225 SL to 60888.24086
[2026-05-06 09:51:33,473] INFO:  >> [SAFE_HANDOVER] Syncing JP225 SL to 60886.54086
[2026-05-06 09:51:33,474] INFO:  >> [SAFE_HANDOVER] Syncing JP225 SL to 60886.54086
[2026-05-06 09:51:33,475] INFO:  >> [SAFE_HANDOVER] Syncing JP225 SL to 60884.24086
[2026-05-06 09:51:33,571] INFO: SCANNING: AUDUSD | PRICE: 0.72 | BIAS: BULLISH | ER: 0.73 | VEL: 0.87
[2026-05-06 09:51:33,571] INFO:  >> [GUARD] AUDUSD position already active. Skipping.
[2026-05-06 09:51:33,577] INFO:  >> [HARVESTER] ALPHA is dominating. Scaling in reinforcements...
[2026-05-06 09:51:43,845] INFO:  >> [SAFE_HANDOVER] Syncing JP225 SL to 60829.54086
[2026-05-06 09:51:43,845] INFO:  >> [SAFE_HANDOVER] Syncing JP225 SL to 60825.64086
[2026-05-06 09:51:43,846] INFO:  >> [SAFE_HANDOVER] Syncing JP225 SL to 60831.14086
[2026-05-06 09:51:43,846] INFO:  >> [SAFE_HANDOVER] Syncing JP225 SL to 60833.64086
[2026-05-06 09:51:43,846] INFO:  >> [SAFE_HANDOVER] Syncing JP225 SL to 60828.64086
[2026-05-06 09:51:43,846] INFO:  >> [SAFE_HANDOVER] Syncing JP225 SL to 60828.74086
[2026-05-06 09:51:43,847] INFO:  >> [SAFE_HANDOVER] Syncing JP225 SL to 60831.84086
[2026-05-06 09:51:43,847] INFO:  >> [SAFE_HANDOVER] Syncing JP225 SL to 60846.04086
[2026-05-06 09:51:43,847] INFO:  >> [SAFE_HANDOVER] Syncing JP225 SL to 60848.64086
[2026-05-06 09:51:43,847] INFO:  >> [SAFE_HANDOVER] Syncing JP225 SL to 60855.34086
[2026-05-06 09:51:43,848] INFO:  >> [SAFE_HANDOVER] Syncing JP225 SL to 60858.24086
[2026-05-06 09:51:43,849] INFO:  >> [SAFE_HANDOVER] Syncing JP225 SL to 60855.64086
[2026-05-06 09:51:43,849] INFO:  >> [SAFE_HANDOVER] Syncing JP225 SL to 60860.34086
[2026-05-06 09:51:43,849] INFO:  >> [SAFE_HANDOVER] Syncing JP225 SL to 60861.14086
[2026-05-06 09:51:43,850] INFO:  >> [SAFE_HANDOVER] Syncing JP225 SL to 60868.84086
[2026-05-06 09:51:43,850] INFO:  >> [SAFE_HANDOVER] Syncing JP225 SL to 60875.54086
[2026-05-06 09:51:43,850] INFO:  >> [SAFE_HANDOVER] Syncing JP225 SL to 60875.44086
[2026-05-06 09:51:43,850] INFO:  >> [SAFE_HANDOVER] Syncing JP225 SL to 60869.14086
[2026-05-06 09:51:43,851] INFO:  >> [SAFE_HANDOVER] Syncing JP225 SL to 60866.74086
[2026-05-06 09:51:43,851] INFO:  >> [SAFE_HANDOVER] Syncing JP225 SL to 60883.24086
[2026-05-06 09:51:43,851] INFO:  >> [SAFE_HANDOVER] Syncing JP225 SL to 60888.74086
[2026-05-06 09:51:43,851] INFO:  >> [SAFE_HANDOVER] Syncing JP225 SL to 60888.24086
[2026-05-06 09:51:43,851] INFO:  >> [SAFE_HANDOVER] Syncing JP225 SL to 60891.34086
[2026-05-06 09:51:43,851] INFO:  >> [SAFE_HANDOVER] Syncing JP225 SL to 60893.64086
[2026-05-06 09:51:43,851] INFO:  >> [SAFE_HANDOVER] Syncing JP225 SL to 60883.24086
[2026-05-06 09:51:43,853] INFO:  >> [SAFE_HANDOVER] Syncing JP225 SL to 60879.14086
[2026-05-06 09:51:43,853] INFO:  >> [SAFE_HANDOVER] Syncing JP225 SL to 60880.64086
[2026-05-06 09:51:43,853] INFO:  >> [SAFE_HANDOVER] Syncing JP225 SL to 60880.64086
[2026-05-06 09:51:43,853] INFO:  >> [SAFE_HANDOVER] Syncing JP225 SL to 60871.24086
[2026-05-06 09:51:43,853] INFO:  >> [SAFE_HANDOVER] Syncing JP225 SL to 60878.64086
[2026-05-06 09:51:43,854] INFO:  >> [SAFE_HANDOVER] Syncing JP225 SL to 60881.54086
[2026-05-06 09:51:43,854] INFO:  >> [SAFE_HANDOVER] Syncing JP225 SL to 60876.64086
[2026-05-06 09:51:43,855] INFO:  >> [SAFE_HANDOVER] Syncing JP225 SL to 60873.04086
[2026-05-06 09:51:43,855] INFO:  >> [SAFE_HANDOVER] Syncing JP225 SL to 60875.74086
[2026-05-06 09:51:43,855] INFO:  >> [SAFE_HANDOVER] Syncing JP225 SL to 60869.14086
[2026-05-06 09:51:43,856] INFO:  >> [SAFE_HANDOVER] Syncing JP225 SL to 60875.54086
[2026-05-06 09:51:43,856] INFO:  >> [SAFE_HANDOVER] Syncing JP225 SL to 60878.54086
[2026-05-06 09:51:43,856] INFO:  >> [SAFE_HANDOVER] Syncing JP225 SL to 60875.54086
[2026-05-06 09:51:43,856] INFO:  >> [SAFE_HANDOVER] Syncing JP225 SL to 60884.34086
[2026-05-06 09:51:43,857] INFO:  >> [SAFE_HANDOVER] Syncing JP225 SL to 60886.84086
[2026-05-06 09:51:43,857] INFO:  >> [SAFE_HANDOVER] Syncing JP225 SL to 60891.14086
[2026-05-06 09:51:43,858] INFO:  >> [SAFE_HANDOVER] Syncing JP225 SL to 60891.14086
[2026-05-06 09:51:43,858] INFO:  >> [SAFE_HANDOVER] Syncing JP225 SL to 60891.14086
[2026-05-06 09:51:43,858] INFO:  >> [SAFE_HANDOVER] Syncing JP225 SL to 60884.14086
[2026-05-06 09:51:43,859] INFO:  >> [SAFE_HANDOVER] Syncing JP225 SL to 60881.74086
[2026-05-06 09:51:43,859] INFO:  >> [SAFE_HANDOVER] Syncing JP225 SL to 60885.64086
[2026-05-06 09:51:43,859] INFO:  >> [SAFE_HANDOVER] Syncing JP225 SL to 60885.54086
[2026-05-06 09:51:43,860] INFO:  >> [SAFE_HANDOVER] Syncing JP225 SL to 60888.24086
[2026-05-06 09:51:43,860] INFO:  >> [SAFE_HANDOVER] Syncing JP225 SL to 60886.54086
[2026-05-06 09:51:43,860] INFO:  >> [SAFE_HANDOVER] Syncing JP225 SL to 60886.54086
[2026-05-06 09:51:43,861] INFO:  >> [SAFE_HANDOVER] Syncing JP225 SL to 60884.24086
[2026-05-06 09:51:43,861] INFO:  >> [SAFE_HANDOVER] Syncing JP225 SL to 60881.84086
[2026-05-06 09:51:43,957] INFO: SCANNING: AUDUSD | PRICE: 0.72 | BIAS: BULLISH | ER: 0.73 | VEL: 0.87
[2026-05-06 09:51:43,957] INFO:  >> [GUARD] AUDUSD position already active. Skipping.
[2026-05-06 09:51:43,961] INFO:  >> [HARVESTER] ALPHA is dominating. Scaling in reinforcements...
[2026-05-06 09:51:54,233] INFO:  >> [SAFE_HANDOVER] Syncing JP225 SL to 60829.54086
[2026-05-06 09:51:54,233] INFO:  >> [SAFE_HANDOVER] Syncing JP225 SL to 60825.64086
[2026-05-06 09:51:54,234] INFO:  >> [SAFE_HANDOVER] Syncing JP225 SL to 60831.14086
[2026-05-06 09:51:54,234] INFO:  >> [SAFE_HANDOVER] Syncing JP225 SL to 60833.64086
[2026-05-06 09:51:54,234] INFO:  >> [SAFE_HANDOVER] Syncing JP225 SL to 60828.64086
[2026-05-06 09:51:54,234] INFO:  >> [SAFE_HANDOVER] Syncing JP225 SL to 60828.74086
[2026-05-06 09:51:54,235] INFO:  >> [SAFE_HANDOVER] Syncing JP225 SL to 60831.84086
[2026-05-06 09:51:54,235] INFO:  >> [SAFE_HANDOVER] Syncing JP225 SL to 60846.04086
[2026-05-06 09:51:54,235] INFO:  >> [SAFE_HANDOVER] Syncing JP225 SL to 60848.64086
[2026-05-06 09:51:54,235] INFO:  >> [SAFE_HANDOVER] Syncing JP225 SL to 60855.34086
[2026-05-06 09:51:54,235] INFO:  >> [SAFE_HANDOVER] Syncing JP225 SL to 60858.24086
[2026-05-06 09:51:54,235] INFO:  >> [SAFE_HANDOVER] Syncing JP225 SL to 60855.64086
[2026-05-06 09:51:54,236] INFO:  >> [SAFE_HANDOVER] Syncing JP225 SL to 60860.34086
[2026-05-06 09:51:54,236] INFO:  >> [SAFE_HANDOVER] Syncing JP225 SL to 60861.14086
[2026-05-06 09:51:54,237] INFO:  >> [SAFE_HANDOVER] Syncing JP225 SL to 60868.84086
[2026-05-06 09:51:54,237] INFO:  >> [SAFE_HANDOVER] Syncing JP225 SL to 60875.54086
[2026-05-06 09:51:54,237] INFO:  >> [SAFE_HANDOVER] Syncing JP225 SL to 60875.44086
[2026-05-06 09:51:54,237] INFO:  >> [SAFE_HANDOVER] Syncing JP225 SL to 60869.14086
[2026-05-06 09:51:54,238] INFO:  >> [SAFE_HANDOVER] Syncing JP225 SL to 60866.74086
[2026-05-06 09:51:54,238] INFO:  >> [SAFE_HANDOVER] Syncing JP225 SL to 60883.24086
[2026-05-06 09:51:54,238] INFO:  >> [SAFE_HANDOVER] Syncing JP225 SL to 60888.74086
[2026-05-06 09:51:54,238] INFO:  >> [SAFE_HANDOVER] Syncing JP225 SL to 60888.24086
[2026-05-06 09:51:54,239] INFO:  >> [SAFE_HANDOVER] Syncing JP225 SL to 60891.34086
[2026-05-06 09:51:54,239] INFO:  >> [SAFE_HANDOVER] Syncing JP225 SL to 60893.64086
[2026-05-06 09:51:54,239] INFO:  >> [SAFE_HANDOVER] Syncing JP225 SL to 60883.24086
[2026-05-06 09:51:54,239] INFO:  >> [SAFE_HANDOVER] Syncing JP225 SL to 60879.14086
[2026-05-06 09:51:54,239] INFO:  >> [SAFE_HANDOVER] Syncing JP225 SL to 60880.64086
[2026-05-06 09:51:54,240] INFO:  >> [SAFE_HANDOVER] Syncing JP225 SL to 60880.64086
[2026-05-06 09:51:54,240] INFO:  >> [SAFE_HANDOVER] Syncing JP225 SL to 60871.24086
[2026-05-06 09:51:54,240] INFO:  >> [SAFE_HANDOVER] Syncing JP225 SL to 60878.64086
[2026-05-06 09:51:54,240] INFO:  >> [SAFE_HANDOVER] Syncing JP225 SL to 60881.54086
[2026-05-06 09:51:54,240] INFO:  >> [SAFE_HANDOVER] Syncing JP225 SL to 60876.64086
[2026-05-06 09:51:54,240] INFO:  >> [SAFE_HANDOVER] Syncing JP225 SL to 60873.04086
[2026-05-06 09:51:54,241] INFO:  >> [SAFE_HANDOVER] Syncing JP225 SL to 60875.74086
[2026-05-06 09:51:54,241] INFO:  >> [SAFE_HANDOVER] Syncing JP225 SL to 60869.14086
[2026-05-06 09:51:54,242] INFO:  >> [SAFE_HANDOVER] Syncing JP225 SL to 60875.54086
[2026-05-06 09:51:54,242] INFO:  >> [SAFE_HANDOVER] Syncing JP225 SL to 60878.54086
[2026-05-06 09:51:54,242] INFO:  >> [SAFE_HANDOVER] Syncing JP225 SL to 60875.54086
[2026-05-06 09:51:54,242] INFO:  >> [SAFE_HANDOVER] Syncing JP225 SL to 60884.34086
[2026-05-06 09:51:54,242] INFO:  >> [SAFE_HANDOVER] Syncing JP225 SL to 60886.84086
[2026-05-06 09:51:54,242] INFO:  >> [SAFE_HANDOVER] Syncing JP225 SL to 60891.14086
[2026-05-06 09:51:54,243] INFO:  >> [SAFE_HANDOVER] Syncing JP225 SL to 60891.14086
[2026-05-06 09:51:54,243] INFO:  >> [SAFE_HANDOVER] Syncing JP225 SL to 60891.14086
[2026-05-06 09:51:54,243] INFO:  >> [SAFE_HANDOVER] Syncing JP225 SL to 60884.14086
[2026-05-06 09:51:54,243] INFO:  >> [SAFE_HANDOVER] Syncing JP225 SL to 60881.74086
[2026-05-06 09:51:54,244] INFO:  >> [SAFE_HANDOVER] Syncing JP225 SL to 60885.64086
[2026-05-06 09:51:54,244] INFO:  >> [SAFE_HANDOVER] Syncing JP225 SL to 60885.54086
[2026-05-06 09:51:54,244] INFO:  >> [SAFE_HANDOVER] Syncing JP225 SL to 60888.24086
[2026-05-06 09:51:54,244] INFO:  >> [SAFE_HANDOVER] Syncing JP225 SL to 60886.54086
[2026-05-06 09:51:54,245] INFO:  >> [SAFE_HANDOVER] Syncing JP225 SL to 60886.54086
[2026-05-06 09:51:54,245] INFO:  >> [SAFE_HANDOVER] Syncing JP225 SL to 60884.24086
[2026-05-06 09:51:54,246] INFO:  >> [SAFE_HANDOVER] Syncing JP225 SL to 60881.84086
[2026-05-06 09:51:54,246] INFO:  >> [SAFE_HANDOVER] Syncing JP225 SL to 60883.64086
[2026-05-06 09:51:54,343] INFO: SCANNING: AUDUSD | PRICE: 0.72 | BIAS: BULLISH | ER: 0.73 | VEL: 0.99
[2026-05-06 09:51:54,343] INFO:  >> [GUARD] AUDUSD position already active. Skipping.
[2026-05-06 09:51:54,347] INFO:  >> [HARVESTER] ALPHA is dominating. Scaling in reinforcements...
[2026-05-06 09:52:04,592] INFO:  >> [SAFE_HANDOVER] Syncing JP225 SL to 60829.54086
[2026-05-06 09:52:04,593] INFO:  >> [SAFE_HANDOVER] Syncing JP225 SL to 60825.64086
[2026-05-06 09:52:04,593] INFO:  >> [SAFE_HANDOVER] Syncing JP225 SL to 60831.14086
[2026-05-06 09:52:04,595] INFO:  >> [SAFE_HANDOVER] Syncing JP225 SL to 60833.64086
[2026-05-06 09:52:04,596] INFO:  >> [SAFE_HANDOVER] Syncing JP225 SL to 60828.64086
[2026-05-06 09:52:04,597] INFO:  >> [SAFE_HANDOVER] Syncing JP225 SL to 60828.74086
[2026-05-06 09:52:04,598] INFO:  >> [SAFE_HANDOVER] Syncing JP225 SL to 60831.84086
[2026-05-06 09:52:04,599] INFO:  >> [SAFE_HANDOVER] Syncing JP225 SL to 60846.04086
[2026-05-06 09:52:04,600] INFO:  >> [SAFE_HANDOVER] Syncing JP225 SL to 60848.64086
[2026-05-06 09:52:04,601] INFO:  >> [SAFE_HANDOVER] Syncing JP225 SL to 60855.34086
[2026-05-06 09:52:04,602] INFO:  >> [SAFE_HANDOVER] Syncing JP225 SL to 60858.24086
[2026-05-06 09:52:04,603] INFO:  >> [SAFE_HANDOVER] Syncing JP225 SL to 60855.64086
[2026-05-06 09:52:04,604] INFO:  >> [SAFE_HANDOVER] Syncing JP225 SL to 60860.34086
[2026-05-06 09:52:04,605] INFO:  >> [SAFE_HANDOVER] Syncing JP225 SL to 60861.14086
[2026-05-06 09:52:04,606] INFO:  >> [SAFE_HANDOVER] Syncing JP225 SL to 60868.84086
[2026-05-06 09:52:04,607] INFO:  >> [SAFE_HANDOVER] Syncing JP225 SL to 60875.54086
[2026-05-06 09:52:04,608] INFO:  >> [SAFE_HANDOVER] Syncing JP225 SL to 60875.44086
[2026-05-06 09:52:04,609] INFO:  >> [SAFE_HANDOVER] Syncing JP225 SL to 60869.14086
[2026-05-06 09:52:04,610] INFO:  >> [SAFE_HANDOVER] Syncing JP225 SL to 60866.74086
[2026-05-06 09:52:04,611] INFO:  >> [SAFE_HANDOVER] Syncing JP225 SL to 60883.24086
[2026-05-06 09:52:04,612] INFO:  >> [SAFE_HANDOVER] Syncing JP225 SL to 60888.74086
[2026-05-06 09:52:04,613] INFO:  >> [SAFE_HANDOVER] Syncing JP225 SL to 60888.24086
[2026-05-06 09:52:04,615] INFO:  >> [SAFE_HANDOVER] Syncing JP225 SL to 60891.34086
[2026-05-06 09:52:04,616] INFO:  >> [SAFE_HANDOVER] Syncing JP225 SL to 60893.64086
[2026-05-06 09:52:04,617] INFO:  >> [SAFE_HANDOVER] Syncing JP225 SL to 60883.24086
[2026-05-06 09:52:04,618] INFO:  >> [SAFE_HANDOVER] Syncing JP225 SL to 60879.14086
[2026-05-06 09:52:04,620] INFO:  >> [SAFE_HANDOVER] Syncing JP225 SL to 60880.64086
[2026-05-06 09:52:04,621] INFO:  >> [SAFE_HANDOVER] Syncing JP225 SL to 60880.64086
[2026-05-06 09:52:04,622] INFO:  >> [SAFE_HANDOVER] Syncing JP225 SL to 60871.24086
[2026-05-06 09:52:04,624] INFO:  >> [SAFE_HANDOVER] Syncing JP225 SL to 60878.64086
[2026-05-06 09:52:04,624] INFO:  >> [SAFE_HANDOVER] Syncing JP225 SL to 60881.54086
[2026-05-06 09:52:04,626] INFO:  >> [SAFE_HANDOVER] Syncing JP225 SL to 60876.64086
[2026-05-06 09:52:04,627] INFO:  >> [SAFE_HANDOVER] Syncing JP225 SL to 60873.04086
[2026-05-06 09:52:04,629] INFO:  >> [SAFE_HANDOVER] Syncing JP225 SL to 60875.74086
[2026-05-06 09:52:04,629] INFO:  >> [SAFE_HANDOVER] Syncing JP225 SL to 60869.14086
[2026-05-06 09:52:04,630] INFO:  >> [SAFE_HANDOVER] Syncing JP225 SL to 60875.54086
[2026-05-06 09:52:04,632] INFO:  >> [SAFE_HANDOVER] Syncing JP225 SL to 60878.54086
[2026-05-06 09:52:04,634] INFO:  >> [SAFE_HANDOVER] Syncing JP225 SL to 60875.54086
[2026-05-06 09:52:04,636] INFO:  >> [SAFE_HANDOVER] Syncing JP225 SL to 60884.34086
[2026-05-06 09:52:04,636] INFO:  >> [SAFE_HANDOVER] Syncing JP225 SL to 60886.84086
[2026-05-06 09:52:04,638] INFO:  >> [SAFE_HANDOVER] Syncing JP225 SL to 60891.14086
[2026-05-06 09:52:04,639] INFO:  >> [SAFE_HANDOVER] Syncing JP225 SL to 60891.14086
[2026-05-06 09:52:04,641] INFO:  >> [SAFE_HANDOVER] Syncing JP225 SL to 60891.14086
[2026-05-06 09:52:04,642] INFO:  >> [SAFE_HANDOVER] Syncing JP225 SL to 60884.14086
[2026-05-06 09:52:04,644] INFO:  >> [SAFE_HANDOVER] Syncing JP225 SL to 60881.74086
[2026-05-06 09:52:04,645] INFO:  >> [SAFE_HANDOVER] Syncing JP225 SL to 60885.64086
[2026-05-06 09:52:04,647] INFO:  >> [SAFE_HANDOVER] Syncing JP225 SL to 60885.54086
[2026-05-06 09:52:04,650] INFO:  >> [SAFE_HANDOVER] Syncing JP225 SL to 60888.24086
[2026-05-06 09:52:04,651] INFO:  >> [SAFE_HANDOVER] Syncing JP225 SL to 60886.54086
[2026-05-06 09:52:04,653] INFO:  >> [SAFE_HANDOVER] Syncing JP225 SL to 60886.54086
[2026-05-06 09:52:04,654] INFO:  >> [SAFE_HANDOVER] Syncing JP225 SL to 60884.24086
[2026-05-06 09:52:04,656] INFO:  >> [SAFE_HANDOVER] Syncing JP225 SL to 60881.84086
[2026-05-06 09:52:04,657] INFO:  >> [SAFE_HANDOVER] Syncing JP225 SL to 60883.64086
[2026-05-06 09:52:04,659] INFO:  >> [SAFE_HANDOVER] Syncing JP225 SL to 60895.74086
[2026-05-06 09:52:04,756] INFO: SCANNING: AUDUSD | PRICE: 0.72 | BIAS: BULLISH | ER: 0.73 | VEL: 0.97
[2026-05-06 09:52:04,756] INFO:  >> [GUARD] AUDUSD position already active. Skipping.
[2026-05-06 09:52:04,759] INFO:  >> [HARVESTER] ALPHA is dominating. Scaling in reinforcements...
[2026-05-06 09:52:14,998] INFO:  >> [SAFE_HANDOVER] Syncing JP225 SL to 60829.54086
[2026-05-06 09:52:14,998] INFO:  >> [SAFE_HANDOVER] Syncing JP225 SL to 60825.64086
[2026-05-06 09:52:14,998] INFO:  >> [SAFE_HANDOVER] Syncing JP225 SL to 60831.14086
[2026-05-06 09:52:14,999] INFO:  >> [SAFE_HANDOVER] Syncing JP225 SL to 60833.64086
[2026-05-06 09:52:14,999] INFO:  >> [SAFE_HANDOVER] Syncing JP225 SL to 60828.64086
[2026-05-06 09:52:15,000] INFO:  >> [SAFE_HANDOVER] Syncing JP225 SL to 60828.74086
[2026-05-06 09:52:15,000] INFO:  >> [SAFE_HANDOVER] Syncing JP225 SL to 60831.84086
[2026-05-06 09:52:15,000] INFO:  >> [SAFE_HANDOVER] Syncing JP225 SL to 60846.04086
[2026-05-06 09:52:15,001] INFO:  >> [SAFE_HANDOVER] Syncing JP225 SL to 60848.64086
[2026-05-06 09:52:15,001] INFO:  >> [SAFE_HANDOVER] Syncing JP225 SL to 60855.34086
[2026-05-06 09:52:15,001] INFO:  >> [SAFE_HANDOVER] Syncing JP225 SL to 60858.24086
[2026-05-06 09:52:15,001] INFO:  >> [SAFE_HANDOVER] Syncing JP225 SL to 60855.64086
[2026-05-06 09:52:15,002] INFO:  >> [SAFE_HANDOVER] Syncing JP225 SL to 60860.34086
[2026-05-06 09:52:15,002] INFO:  >> [SAFE_HANDOVER] Syncing JP225 SL to 60861.14086
[2026-05-06 09:52:15,002] INFO:  >> [SAFE_HANDOVER] Syncing JP225 SL to 60868.84086
[2026-05-06 09:52:15,002] INFO:  >> [SAFE_HANDOVER] Syncing JP225 SL to 60875.54086
[2026-05-06 09:52:15,003] INFO:  >> [SAFE_HANDOVER] Syncing JP225 SL to 60875.44086
[2026-05-06 09:52:15,004] INFO:  >> [SAFE_HANDOVER] Syncing JP225 SL to 60869.14086
[2026-05-06 09:52:15,004] INFO:  >> [SAFE_HANDOVER] Syncing JP225 SL to 60866.74086
[2026-05-06 09:52:15,004] INFO:  >> [SAFE_HANDOVER] Syncing JP225 SL to 60883.24086
[2026-05-06 09:52:15,004] INFO:  >> [SAFE_HANDOVER] Syncing JP225 SL to 60888.74086
[2026-05-06 09:52:15,005] INFO:  >> [SAFE_HANDOVER] Syncing JP225 SL to 60888.24086
[2026-05-06 09:52:15,005] INFO:  >> [SAFE_HANDOVER] Syncing JP225 SL to 60891.34086
[2026-05-06 09:52:15,005] INFO:  >> [SAFE_HANDOVER] Syncing JP225 SL to 60893.64086
[2026-05-06 09:52:15,006] INFO:  >> [SAFE_HANDOVER] Syncing JP225 SL to 60883.24086
[2026-05-06 09:52:15,006] INFO:  >> [SAFE_HANDOVER] Syncing JP225 SL to 60879.14086
[2026-05-06 09:52:15,006] INFO:  >> [SAFE_HANDOVER] Syncing JP225 SL to 60880.64086
[2026-05-06 09:52:15,007] INFO:  >> [SAFE_HANDOVER] Syncing JP225 SL to 60880.64086
[2026-05-06 09:52:15,007] INFO:  >> [SAFE_HANDOVER] Syncing JP225 SL to 60871.24086
[2026-05-06 09:52:15,007] INFO:  >> [SAFE_HANDOVER] Syncing JP225 SL to 60878.64086
[2026-05-06 09:52:15,007] INFO:  >> [SAFE_HANDOVER] Syncing JP225 SL to 60881.54086
[2026-05-06 09:52:15,008] INFO:  >> [SAFE_HANDOVER] Syncing JP225 SL to 60876.64086
[2026-05-06 09:52:15,008] INFO:  >> [SAFE_HANDOVER] Syncing JP225 SL to 60873.04086
[2026-05-06 09:52:15,008] INFO:  >> [SAFE_HANDOVER] Syncing JP225 SL to 60875.74086
[2026-05-06 09:52:15,008] INFO:  >> [SAFE_HANDOVER] Syncing JP225 SL to 60869.14086
[2026-05-06 09:52:15,008] INFO:  >> [SAFE_HANDOVER] Syncing JP225 SL to 60875.54086
[2026-05-06 09:52:15,008] INFO:  >> [SAFE_HANDOVER] Syncing JP225 SL to 60878.54086
[2026-05-06 09:52:15,010] INFO:  >> [SAFE_HANDOVER] Syncing JP225 SL to 60875.54086
[2026-05-06 09:52:15,010] INFO:  >> [SAFE_HANDOVER] Syncing JP225 SL to 60884.34086
[2026-05-06 09:52:15,010] INFO:  >> [SAFE_HANDOVER] Syncing JP225 SL to 60886.84086
[2026-05-06 09:52:15,011] INFO:  >> [SAFE_HANDOVER] Syncing JP225 SL to 60891.14086
[2026-05-06 09:52:15,011] INFO:  >> [SAFE_HANDOVER] Syncing JP225 SL to 60891.14086
[2026-05-06 09:52:15,011] INFO:  >> [SAFE_HANDOVER] Syncing JP225 SL to 60891.14086
[2026-05-06 09:52:15,011] INFO:  >> [SAFE_HANDOVER] Syncing JP225 SL to 60884.14086
[2026-05-06 09:52:15,012] INFO:  >> [SAFE_HANDOVER] Syncing JP225 SL to 60881.74086
[2026-05-06 09:52:15,012] INFO:  >> [SAFE_HANDOVER] Syncing JP225 SL to 60885.64086
[2026-05-06 09:52:15,013] INFO:  >> [SAFE_HANDOVER] Syncing JP225 SL to 60885.54086
[2026-05-06 09:52:15,013] INFO:  >> [SAFE_HANDOVER] Syncing JP225 SL to 60888.24086
[2026-05-06 09:52:15,014] INFO:  >> [SAFE_HANDOVER] Syncing JP225 SL to 60886.54086
[2026-05-06 09:52:15,014] INFO:  >> [SAFE_HANDOVER] Syncing JP225 SL to 60886.54086
[2026-05-06 09:52:15,015] INFO:  >> [SAFE_HANDOVER] Syncing JP225 SL to 60884.24086
[2026-05-06 09:52:15,015] INFO:  >> [SAFE_HANDOVER] Syncing JP225 SL to 60881.84086
[2026-05-06 09:52:15,015] INFO:  >> [SAFE_HANDOVER] Syncing JP225 SL to 60883.64086
[2026-05-06 09:52:15,015] INFO:  >> [SAFE_HANDOVER] Syncing JP225 SL to 60895.74086
[2026-05-06 09:52:15,016] INFO:  >> [SAFE_HANDOVER] Syncing JP225 SL to 60903.24086
[2026-05-06 09:52:15,111] INFO: SCANNING: AUDUSD | PRICE: 0.72 | BIAS: BULLISH | ER: 0.73 | VEL: 0.95
[2026-05-06 09:52:15,112] INFO:  >> [GUARD] AUDUSD position already active. Skipping.
[2026-05-06 09:52:15,149] INFO:  >> [HARVESTER] ALPHA is dominating. Scaling in reinforcements...
[2026-05-06 09:52:25,369] INFO:  >> [SAFE_HANDOVER] Syncing DE30 SL to 24231.93171
[2026-05-06 09:52:25,406] INFO:  >> [SAFE_HANDOVER] Syncing XAUUSD SL to 4622.68482
[2026-05-06 09:52:25,435] INFO:  >> [SAFE_HANDOVER] Syncing AUDUSD SL to 0.72254
[2026-05-06 09:52:25,465] INFO:  >> [SAFE_HANDOVER] Syncing JP225 SL to 60873.86371
[2026-05-06 09:52:25,496] INFO:  >> [SAFE_HANDOVER] Syncing JP225 SL to 60869.96371
[2026-05-06 09:52:25,524] INFO:  >> [SAFE_HANDOVER] Syncing JP225 SL to 60875.46371
[2026-05-06 09:52:25,551] INFO:  >> [SAFE_HANDOVER] Syncing JP225 SL to 60877.96371
[2026-05-06 09:52:25,580] INFO:  >> [SAFE_HANDOVER] Syncing JP225 SL to 60872.96371
[2026-05-06 09:52:25,608] INFO:  >> [SAFE_HANDOVER] Syncing JP225 SL to 60873.06371
[2026-05-06 09:52:25,636] INFO:  >> [SAFE_HANDOVER] Syncing JP225 SL to 60876.16371
[2026-05-06 09:52:25,665] INFO:  >> [SAFE_HANDOVER] Syncing JP225 SL to 60890.36371
[2026-05-06 09:52:25,694] INFO:  >> [SAFE_HANDOVER] Syncing JP225 SL to 60892.96371
[2026-05-06 09:52:25,728] INFO:  >> [SAFE_HANDOVER] Syncing JP225 SL to 60899.66371
[2026-05-06 09:52:25,757] INFO:  >> [SAFE_HANDOVER] Syncing JP225 SL to 60902.56371
[2026-05-06 09:52:25,786] INFO:  >> [SAFE_HANDOVER] Syncing JP225 SL to 60899.96371
[2026-05-06 09:52:25,814] INFO:  >> [SAFE_HANDOVER] Syncing JP225 SL to 60904.66371
[2026-05-06 09:52:25,842] INFO:  >> [SAFE_HANDOVER] Syncing JP225 SL to 60905.46371
[2026-05-06 09:52:25,870] INFO:  >> [SAFE_HANDOVER] Syncing JP225 SL to 60913.16371
[2026-05-06 09:52:25,913] INFO:  >> [SAFE_HANDOVER] Syncing JP225 SL to 60919.86371
[2026-05-06 09:52:25,942] INFO:  >> [SAFE_HANDOVER] Syncing JP225 SL to 60919.76371
[2026-05-06 09:52:25,971] INFO:  >> [SAFE_HANDOVER] Syncing JP225 SL to 60913.46371
[2026-05-06 09:52:26,008] INFO:  >> [SAFE_HANDOVER] Syncing JP225 SL to 60911.06371
[2026-05-06 09:52:26,045] INFO:  >> [SAFE_HANDOVER] Syncing JP225 SL to 60927.56371
[2026-05-06 09:52:26,073] INFO:  >> [SAFE_HANDOVER] Syncing JP225 SL to 60933.06371
[2026-05-06 09:52:26,102] INFO:  >> [SAFE_HANDOVER] Syncing JP225 SL to 60932.56371
[2026-05-06 09:52:26,130] INFO:  >> [SAFE_HANDOVER] Syncing JP225 SL to 60935.66371
[2026-05-06 09:52:26,158] INFO:  >> [SAFE_HANDOVER] Syncing JP225 SL to 60937.96371
[2026-05-06 09:52:26,187] INFO:  >> [SAFE_HANDOVER] Syncing JP225 SL to 60927.56371
[2026-05-06 09:52:26,215] INFO:  >> [SAFE_HANDOVER] Syncing JP225 SL to 60923.46371
[2026-05-06 09:52:26,245] INFO:  >> [SAFE_HANDOVER] Syncing JP225 SL to 60924.96371
[2026-05-06 09:52:26,274] INFO:  >> [SAFE_HANDOVER] Syncing JP225 SL to 60924.96371
[2026-05-06 09:52:26,301] INFO:  >> [SAFE_HANDOVER] Syncing JP225 SL to 60915.56371
[2026-05-06 09:52:26,331] INFO:  >> [SAFE_HANDOVER] Syncing JP225 SL to 60922.96371
[2026-05-06 09:52:26,360] INFO:  >> [SAFE_HANDOVER] Syncing JP225 SL to 60925.86371
[2026-05-06 09:52:26,387] INFO:  >> [SAFE_HANDOVER] Syncing JP225 SL to 60920.96371
[2026-05-06 09:52:26,415] INFO:  >> [SAFE_HANDOVER] Syncing JP225 SL to 60917.36371
[2026-05-06 09:52:26,445] INFO:  >> [SAFE_HANDOVER] Syncing JP225 SL to 60920.06371
[2026-05-06 09:52:26,472] INFO:  >> [SAFE_HANDOVER] Syncing JP225 SL to 60913.46371
[2026-05-06 09:52:26,501] INFO:  >> [SAFE_HANDOVER] Syncing JP225 SL to 60919.86371
[2026-05-06 09:52:26,528] INFO:  >> [SAFE_HANDOVER] Syncing JP225 SL to 60922.86371
[2026-05-06 09:52:26,556] INFO:  >> [SAFE_HANDOVER] Syncing JP225 SL to 60919.86371
[2026-05-06 09:52:26,584] INFO:  >> [SAFE_HANDOVER] Syncing JP225 SL to 60928.66371
[2026-05-06 09:52:26,613] INFO:  >> [SAFE_HANDOVER] Syncing JP225 SL to 60931.16371
[2026-05-06 09:52:26,651] INFO:  >> [SAFE_HANDOVER] Syncing JP225 SL to 60935.46371
[2026-05-06 09:52:26,681] INFO:  >> [SAFE_HANDOVER] Syncing JP225 SL to 60935.46371
[2026-05-06 09:52:26,708] INFO:  >> [SAFE_HANDOVER] Syncing JP225 SL to 60935.46371
[2026-05-06 09:52:26,736] INFO:  >> [SAFE_HANDOVER] Syncing JP225 SL to 60928.46371
[2026-05-06 09:52:26,765] INFO:  >> [SAFE_HANDOVER] Syncing JP225 SL to 60926.06371
[2026-05-06 09:52:26,794] INFO:  >> [SAFE_HANDOVER] Syncing JP225 SL to 60929.96371
[2026-05-06 09:52:26,821] INFO:  >> [SAFE_HANDOVER] Syncing JP225 SL to 60929.86371
[2026-05-06 09:52:26,849] INFO:  >> [SAFE_HANDOVER] Syncing JP225 SL to 60932.56371
[2026-05-06 09:52:26,878] INFO:  >> [SAFE_HANDOVER] Syncing JP225 SL to 60930.86371
[2026-05-06 09:52:26,910] INFO:  >> [SAFE_HANDOVER] Syncing JP225 SL to 60930.86371
[2026-05-06 09:52:26,937] INFO:  >> [SAFE_HANDOVER] Syncing JP225 SL to 60928.56371
[2026-05-06 09:52:26,967] INFO:  >> [SAFE_HANDOVER] Syncing JP225 SL to 60926.16371
[2026-05-06 09:52:26,995] INFO:  >> [SAFE_HANDOVER] Syncing JP225 SL to 60927.96371
[2026-05-06 09:52:27,022] INFO:  >> [SAFE_HANDOVER] Syncing JP225 SL to 60940.06371
[2026-05-06 09:52:27,050] INFO:  >> [SAFE_HANDOVER] Syncing JP225 SL to 60947.56371
[2026-05-06 09:52:27,078] INFO:  >> [SAFE_HANDOVER] Syncing JP225 SL to 60945.06371
[2026-05-06 09:52:27,204] INFO: SCANNING: AUDUSD | PRICE: 0.72 | BIAS: BULLISH | ER: 0.73 | VEL: 1.03
[2026-05-06 09:52:27,204] INFO:  >> [GUARD] AUDUSD position already active. Skipping.
[2026-05-06 09:52:27,213] INFO:  >> [HARVESTER] ALPHA is dominating. Scaling in reinforcements...
[2026-05-06 09:52:37,423] INFO:  >> [SAFE_HANDOVER] Syncing DE30 SL to 24231.93171
[2026-05-06 09:52:37,521] INFO:  >> [SAFE_HANDOVER] Syncing JP225 SL to 60947.56371
[2026-05-06 09:52:37,617] INFO: SCANNING: AUDUSD | PRICE: 0.72 | BIAS: BULLISH | ER: 0.73 | VEL: 1.03
[2026-05-06 09:52:37,617] INFO:  >> [GUARD] AUDUSD position already active. Skipping.
[2026-05-06 09:52:37,622] INFO:  >> [HARVESTER] ALPHA is dominating. Scaling in reinforcements...
[2026-05-06 09:52:47,853] INFO:  >> [SAFE_HANDOVER] Syncing DE30 SL to 24231.93171
[2026-05-06 09:52:47,860] INFO:  >> [SAFE_HANDOVER] Syncing JP225 SL to 60950.06371
[2026-05-06 09:52:47,964] INFO: SCANNING: AUDUSD | PRICE: 0.72 | BIAS: BULLISH | ER: 0.74 | VEL: 1.14
[2026-05-06 09:52:47,964] INFO:  >> [GUARD] AUDUSD position already active. Skipping.
[2026-05-06 09:52:47,968] INFO:  >> [HARVESTER] ALPHA is dominating. Scaling in reinforcements...
[2026-05-06 09:52:58,181] INFO:  >> [SAFE_HANDOVER] Syncing DE30 SL to 24231.93171
[2026-05-06 09:52:58,371] INFO: SCANNING: AUDUSD | PRICE: 0.72 | BIAS: BULLISH | ER: 0.73 | VEL: 1.05
[2026-05-06 09:52:58,371] INFO:  >> [GUARD] AUDUSD position already active. Skipping.
[2026-05-06 09:52:58,375] INFO:  >> [HARVESTER] ALPHA is dominating. Scaling in reinforcements...
[2026-05-06 09:53:08,612] INFO:  >> [SAFE_HANDOVER] Syncing DE30 SL to 24231.90686
[2026-05-06 09:53:08,618] INFO:  >> [SAFE_HANDOVER] Syncing JP225 SL to 60936.06371
[2026-05-06 09:53:08,714] INFO: SCANNING: AUDUSD | PRICE: 0.72 | BIAS: BULLISH | ER: 0.73 | VEL: 1.05
[2026-05-06 09:53:08,714] INFO:  >> [GUARD] AUDUSD position already active. Skipping.
[2026-05-06 09:53:08,799] INFO:  >> [HARVESTER] ALPHA is dominating. Scaling in reinforcements...
[2026-05-06 09:53:19,069] INFO:  >> [SAFE_HANDOVER] Syncing DE30 SL to 24231.90686
[2026-05-06 09:53:19,241] INFO:  >> [SAFE_HANDOVER] Syncing JP225 SL to 60931.26371
[2026-05-06 09:53:19,341] INFO: SCANNING: AUDUSD | PRICE: 0.72 | BIAS: BULLISH | ER: 0.73 | VEL: 1.05
[2026-05-06 09:53:19,341] INFO:  >> [GUARD] AUDUSD position already active. Skipping.
[2026-05-06 09:53:19,344] INFO:  >> [HARVESTER] ALPHA is dominating. Scaling in reinforcements...
[2026-05-06 09:53:29,569] INFO:  >> [SAFE_HANDOVER] Syncing DE30 SL to 24231.90271
[2026-05-06 09:53:29,670] INFO: SCANNING: AUDUSD | PRICE: 0.72 | BIAS: BULLISH | ER: 0.73 | VEL: 1.03
[2026-05-06 09:53:29,671] INFO:  >> [GUARD] AUDUSD position already active. Skipping.
[2026-05-06 09:53:29,687] INFO:  >> [HARVESTER] ALPHA is dominating. Scaling in reinforcements...
[2026-05-06 09:53:39,904] INFO:  >> [SAFE_HANDOVER] Syncing JP225 SL to 60938.46371
[2026-05-06 09:53:40,000] INFO: SCANNING: AUDUSD | PRICE: 0.72 | BIAS: BULLISH | ER: 0.73 | VEL: 0.91
[2026-05-06 09:53:40,000] INFO:  >> [GUARD] AUDUSD position already active. Skipping.
[2026-05-06 09:53:40,040] INFO:  >> [HARVESTER] ALPHA is dominating. Scaling in reinforcements...
[2026-05-06 09:53:50,315] INFO:  >> [SAFE_HANDOVER] Syncing JP225 SL to 60937.96371
[2026-05-06 09:53:50,411] INFO: SCANNING: AUDUSD | PRICE: 0.72 | BIAS: BULLISH | ER: 0.73 | VEL: 0.85
[2026-05-06 09:53:50,411] INFO:  >> [GUARD] AUDUSD position already active. Skipping.
[2026-05-06 09:53:50,470] INFO:  >> [HARVESTER] ALPHA is dominating. Scaling in reinforcements...
[2026-05-06 09:54:00,796] INFO: SCANNING: AUDUSD | PRICE: 0.72 | BIAS: BULLISH | ER: 0.73 | VEL: 0.89
[2026-05-06 09:54:00,796] INFO:  >> [GUARD] AUDUSD position already active. Skipping.
[2026-05-06 09:54:00,799] INFO:  >> [HARVESTER] ALPHA is dominating. Scaling in reinforcements...
[2026-05-06 09:54:11,091] INFO:  >> [SAFE_HANDOVER] Syncing JP225 SL to 60932.26371
[2026-05-06 09:54:11,188] INFO: SCANNING: AUDUSD | PRICE: 0.72 | BIAS: BULLISH | ER: 0.73 | VEL: 0.83
[2026-05-06 09:54:11,188] INFO:  >> [GUARD] AUDUSD position already active. Skipping.
[2026-05-06 09:54:11,190] INFO:  >> [HARVESTER] ALPHA is dominating. Scaling in reinforcements...
[2026-05-06 09:54:21,419] INFO:  >> [SAFE_HANDOVER] Syncing JP225 SL to 60928.46371
[2026-05-06 09:54:21,517] INFO: SCANNING: AUDUSD | PRICE: 0.72 | BIAS: BULLISH | ER: 0.73 | VEL: 0.75
[2026-05-06 09:54:21,517] INFO:  >> [GUARD] AUDUSD position already active. Skipping.
[2026-05-06 09:54:21,528] INFO:  >> [HARVESTER] ALPHA is dominating. Scaling in reinforcements...
[2026-05-06 09:54:31,850] INFO: SCANNING: AUDUSD | PRICE: 0.72 | BIAS: BULLISH | ER: 0.73 | VEL: 0.73
[2026-05-06 09:54:31,850] INFO:  >> [GUARD] AUDUSD position already active. Skipping.
[2026-05-06 09:54:31,854] INFO:  >> [HARVESTER] ALPHA is dominating. Scaling in reinforcements...
[2026-05-06 09:54:42,113] INFO:  >> [SAFE_HANDOVER] Syncing JP225 SL to 60928.46371
[2026-05-06 09:54:42,207] INFO: SCANNING: AUDUSD | PRICE: 0.72 | BIAS: BULLISH | ER: 0.73 | VEL: 0.75
[2026-05-06 09:54:42,207] INFO:  >> [GUARD] AUDUSD position already active. Skipping.
[2026-05-06 09:54:42,276] INFO:  >> [HARVESTER] ALPHA is dominating. Scaling in reinforcements...
[2026-05-06 09:54:52,508] INFO:  >> [SAFE_HANDOVER] Syncing JP225 SL to 60929.76371
[2026-05-06 09:54:52,604] INFO: SCANNING: AUDUSD | PRICE: 0.72 | BIAS: BULLISH | ER: 0.73 | VEL: 0.73
[2026-05-06 09:54:52,604] INFO:  >> [GUARD] AUDUSD position already active. Skipping.
[2026-05-06 09:54:52,653] INFO:  >> [HARVESTER] ALPHA is dominating. Scaling in reinforcements...
[2026-05-06 09:55:02,990] INFO: SCANNING: AUDUSD | PRICE: 0.72 | BIAS: BULLISH | ER: 0.73 | VEL: 0.85
[2026-05-06 09:55:02,990] INFO:  >> [GUARD] AUDUSD position already active. Skipping.
[2026-05-06 09:55:02,994] INFO:  >> [HARVESTER] ALPHA is dominating. Scaling in reinforcements...
[2026-05-06 09:55:13,240] INFO:  >> [SAFE_HANDOVER] Syncing JP225 SL to 60932.96371
[2026-05-06 09:55:13,336] INFO: SCANNING: AUDUSD | PRICE: 0.72 | BIAS: BULLISH | ER: 0.73 | VEL: 0.85
[2026-05-06 09:55:13,336] INFO:  >> [GUARD] AUDUSD position already active. Skipping.
[2026-05-06 09:55:13,378] INFO:  >> [HARVESTER] ALPHA is dominating. Scaling in reinforcements...
[2026-05-06 09:55:23,633] INFO:  >> [SAFE_HANDOVER] Syncing JP225 SL to 60935.46371
[2026-05-06 09:55:23,728] INFO: SCANNING: AUDUSD | PRICE: 0.72 | BIAS: BULLISH | ER: 0.73 | VEL: 0.89
[2026-05-06 09:55:23,729] INFO:  >> [GUARD] AUDUSD position already active. Skipping.
[2026-05-06 09:55:23,762] INFO:  >> [HARVESTER] ALPHA is dominating. Scaling in reinforcements...
[2026-05-06 09:55:34,096] INFO: SCANNING: AUDUSD | PRICE: 0.72 | BIAS: BULLISH | ER: 0.73 | VEL: 1.03
[2026-05-06 09:55:34,096] INFO:  >> [GUARD] AUDUSD position already active. Skipping.
[2026-05-06 09:55:34,099] INFO:  >> [HARVESTER] ALPHA is dominating. Scaling in reinforcements...
[2026-05-06 09:55:44,371] INFO:  >> [SAFE_HANDOVER] Syncing JP225 SL to 60930.56371
[2026-05-06 09:55:44,467] INFO: SCANNING: AUDUSD | PRICE: 0.72 | BIAS: BULLISH | ER: 0.73 | VEL: 0.95
[2026-05-06 09:55:44,467] INFO:  >> [GUARD] AUDUSD position already active. Skipping.
[2026-05-06 09:55:44,472] INFO:  >> [HARVESTER] ALPHA is dominating. Scaling in reinforcements...
[2026-05-06 09:55:54,707] INFO:  >> [SAFE_HANDOVER] Syncing JP225 SL to 60932.56371
[2026-05-06 09:55:54,804] INFO: SCANNING: AUDUSD | PRICE: 0.72 | BIAS: BULLISH | ER: 0.73 | VEL: 0.97
[2026-05-06 09:55:54,804] INFO:  >> [GUARD] AUDUSD position already active. Skipping.
[2026-05-06 09:55:54,807] INFO:  >> [HARVESTER] ALPHA is dominating. Scaling in reinforcements...
[2026-05-06 09:56:05,050] INFO:  >> [SAFE_HANDOVER] Syncing JP225 SL to 60930.66371
[2026-05-06 09:56:05,189] INFO: SCANNING: AUDUSD | PRICE: 0.72 | BIAS: BULLISH | ER: 0.73 | VEL: 0.97
[2026-05-06 09:56:05,189] INFO:  >> [GUARD] AUDUSD position already active. Skipping.
[2026-05-06 09:56:05,198] INFO:  >> [HARVESTER] ALPHA is dominating. Scaling in reinforcements...
[2026-05-06 09:56:15,429] INFO:  >> [SAFE_HANDOVER] Syncing JP225 SL to 60930.56371
[2026-05-06 09:56:15,555] INFO: SCANNING: AUDUSD | PRICE: 0.72 | BIAS: BULLISH | ER: 0.73 | VEL: 0.95
[2026-05-06 09:56:15,556] INFO:  >> [GUARD] AUDUSD position already active. Skipping.
[2026-05-06 09:56:15,562] INFO:  >> [HARVESTER] ALPHA is dominating. Scaling in reinforcements...
[2026-05-06 09:56:25,879] INFO: SCANNING: AUDUSD | PRICE: 0.72 | BIAS: BULLISH | ER: 0.73 | VEL: 0.95
[2026-05-06 09:56:25,879] INFO:  >> [GUARD] AUDUSD position already active. Skipping.
[2026-05-06 09:56:25,885] INFO:  >> [HARVESTER] ALPHA is dominating. Scaling in reinforcements...
[2026-05-06 09:56:36,101] INFO:  >> [SAFE_HANDOVER] Syncing JP225 SL to 60926.36371
[2026-05-06 09:56:36,232] INFO: SCANNING: AUDUSD | PRICE: 0.72 | BIAS: BULLISH | ER: 0.73 | VEL: 1.05
[2026-05-06 09:56:36,233] INFO:  >> [GUARD] AUDUSD position already active. Skipping.
[2026-05-06 09:56:36,236] INFO:  >> [HARVESTER] ALPHA is dominating. Scaling in reinforcements...
[2026-05-06 09:56:46,477] INFO:  >> [SAFE_HANDOVER] Syncing JP225 SL to 60929.66371
[2026-05-06 09:56:46,603] INFO: SCANNING: AUDUSD | PRICE: 0.72 | BIAS: BULLISH | ER: 0.73 | VEL: 1.05
[2026-05-06 09:56:46,603] INFO:  >> [GUARD] AUDUSD position already active. Skipping.
[2026-05-06 09:56:46,618] INFO:  >> [HARVESTER] ALPHA is dominating. Scaling in reinforcements...
[2026-05-06 09:56:56,975] INFO: SCANNING: AUDUSD | PRICE: 0.72 | BIAS: BULLISH | ER: 0.74 | VEL: 1.23
[2026-05-06 09:56:56,976] INFO:  >> [GUARD] AUDUSD position already active. Skipping.
[2026-05-06 09:56:56,996] INFO:  >> [HARVESTER] ALPHA is dominating. Scaling in reinforcements...
[2026-05-06 09:57:07,263] INFO:  >> [SAFE_HANDOVER] Syncing JP225 SL to 60935.76371
[2026-05-06 09:57:07,389] INFO: SCANNING: AUDUSD | PRICE: 0.72 | BIAS: BULLISH | ER: 0.74 | VEL: 1.21
[2026-05-06 09:57:07,391] INFO:  >> [GUARD] AUDUSD position already active. Skipping.
[2026-05-06 09:57:07,407] INFO:  >> [HARVESTER] ALPHA is dominating. Scaling in reinforcements...
[2026-05-06 09:57:17,642] INFO:  >> [SAFE_HANDOVER] Syncing JP225 SL to 60935.86371
[2026-05-06 09:57:17,768] INFO: SCANNING: AUDUSD | PRICE: 0.72 | BIAS: BULLISH | ER: 0.74 | VEL: 1.11
[2026-05-06 09:57:17,768] INFO:  >> [GUARD] AUDUSD position already active. Skipping.
[2026-05-06 09:57:17,772] INFO:  >> [HARVESTER] ALPHA is dominating. Scaling in reinforcements...
[2026-05-06 09:57:28,153] INFO: SCANNING: AUDUSD | PRICE: 0.72 | BIAS: BULLISH | ER: 0.74 | VEL: 1.13
[2026-05-06 09:57:28,153] INFO:  >> [GUARD] AUDUSD position already active. Skipping.
[2026-05-06 09:57:28,157] INFO:  >> [HARVESTER] ALPHA is dominating. Scaling in reinforcements...
[2026-05-06 09:57:38,376] INFO:  >> [SAFE_HANDOVER] Syncing JP225 SL to 60934.96371
[2026-05-06 09:57:38,501] INFO: SCANNING: AUDUSD | PRICE: 0.72 | BIAS: BULLISH | ER: 0.73 | VEL: 1.03
[2026-05-06 09:57:38,501] INFO:  >> [GUARD] AUDUSD position already active. Skipping.
[2026-05-06 09:57:38,505] INFO:  >> [HARVESTER] ALPHA is dominating. Scaling in reinforcements...
[2026-05-06 09:57:48,752] INFO:  >> [SAFE_HANDOVER] Syncing JP225 SL to 60936.06371
[2026-05-06 09:57:48,877] INFO: SCANNING: AUDUSD | PRICE: 0.72 | BIAS: BULLISH | ER: 0.74 | VEL: 1.11
[2026-05-06 09:57:48,877] INFO:  >> [GUARD] AUDUSD position already active. Skipping.
[2026-05-06 09:57:48,881] INFO:  >> [HARVESTER] ALPHA is dominating. Scaling in reinforcements...
[2026-05-06 09:57:59,210] INFO: SCANNING: AUDUSD | PRICE: 0.72 | BIAS: BULLISH | ER: 0.73 | VEL: 1.01
[2026-05-06 09:57:59,210] INFO:  >> [GUARD] AUDUSD position already active. Skipping.
[2026-05-06 09:57:59,226] INFO:  >> [HARVESTER] ALPHA is dominating. Scaling in reinforcements...
[2026-05-06 09:58:09,448] INFO:  >> [SAFE_HANDOVER] Syncing JP225 SL to 60930.06371
[2026-05-06 09:58:09,571] INFO: SCANNING: AUDUSD | PRICE: 0.72 | BIAS: BULLISH | ER: 0.73 | VEL: 0.91
[2026-05-06 09:58:09,571] INFO:  >> [GUARD] AUDUSD position already active. Skipping.
[2026-05-06 09:58:09,576] INFO:  >> [HARVESTER] ALPHA is dominating. Scaling in reinforcements...
[2026-05-06 09:58:19,800] INFO:  >> [SAFE_HANDOVER] Syncing JP225 SL to 60924.96371
[2026-05-06 09:58:19,925] INFO: SCANNING: AUDUSD | PRICE: 0.72 | BIAS: BULLISH | ER: 0.73 | VEL: 0.95
[2026-05-06 09:58:19,925] INFO:  >> [GUARD] AUDUSD position already active. Skipping.
[2026-05-06 09:58:19,931] INFO:  >> [HARVESTER] ALPHA is dominating. Scaling in reinforcements...
[2026-05-06 09:58:30,266] INFO: SCANNING: AUDUSD | PRICE: 0.72 | BIAS: BULLISH | ER: 0.73 | VEL: 0.91
[2026-05-06 09:58:30,266] INFO:  >> [GUARD] AUDUSD position already active. Skipping.
[2026-05-06 09:58:30,272] INFO:  >> [HARVESTER] ALPHA is dominating. Scaling in reinforcements...
[2026-05-06 09:58:40,497] INFO:  >> [SAFE_HANDOVER] Syncing JP225 SL to 60928.46371
[2026-05-06 09:58:40,621] INFO: SCANNING: AUDUSD | PRICE: 0.72 | BIAS: BULLISH | ER: 0.73 | VEL: 0.89
[2026-05-06 09:58:40,622] INFO:  >> [GUARD] AUDUSD position already active. Skipping.
[2026-05-06 09:58:40,627] INFO:  >> [HARVESTER] ALPHA is dominating. Scaling in reinforcements...
[2026-05-06 09:58:50,864] INFO:  >> [SAFE_HANDOVER] Syncing JP225 SL to 60927.96371
[2026-05-06 09:58:50,999] INFO: SCANNING: AUDUSD | PRICE: 0.72 | BIAS: BULLISH | ER: 0.73 | VEL: 1.09
[2026-05-06 09:58:50,999] INFO:  >> [GUARD] AUDUSD position already active. Skipping.
[2026-05-06 09:58:51,004] INFO:  >> [HARVESTER] ALPHA is dominating. Scaling in reinforcements...
[2026-05-06 09:59:01,331] INFO: SCANNING: AUDUSD | PRICE: 0.72 | BIAS: BULLISH | ER: 0.73 | VEL: 1.03
[2026-05-06 09:59:01,331] INFO:  >> [GUARD] AUDUSD position already active. Skipping.
[2026-05-06 09:59:01,337] INFO:  >> [HARVESTER] ALPHA is dominating. Scaling in reinforcements...
[2026-05-06 09:59:11,554] INFO:  >> [SAFE_HANDOVER] Syncing JP225 SL to 60930.66371
[2026-05-06 09:59:11,680] INFO: SCANNING: AUDUSD | PRICE: 0.72 | BIAS: BULLISH | ER: 0.73 | VEL: 1.03
[2026-05-06 09:59:11,680] INFO:  >> [GUARD] AUDUSD position already active. Skipping.
[2026-05-06 09:59:11,694] INFO:  >> [HARVESTER] ALPHA is dominating. Scaling in reinforcements...
[2026-05-06 09:59:21,979] INFO:  >> [SAFE_HANDOVER] Syncing JP225 SL to 60932.56371
[2026-05-06 09:59:22,102] INFO: SCANNING: AUDUSD | PRICE: 0.72 | BIAS: BULLISH | ER: 0.74 | VEL: 1.11
[2026-05-06 09:59:22,102] INFO:  >> [GUARD] AUDUSD position already active. Skipping.
[2026-05-06 09:59:22,141] INFO:  >> [HARVESTER] ALPHA is dominating. Scaling in reinforcements...
[2026-05-06 09:59:32,520] INFO: SCANNING: AUDUSD | PRICE: 0.72 | BIAS: BULLISH | ER: 0.74 | VEL: 1.15
[2026-05-06 09:59:32,520] INFO:  >> [GUARD] AUDUSD position already active. Skipping.
[2026-05-06 09:59:32,582] INFO:  >> [HARVESTER] ALPHA is dominating. Scaling in reinforcements...
[2026-05-06 09:59:42,861] INFO:  >> [SAFE_HANDOVER] Syncing JP225 SL to 60932.56371
[2026-05-06 09:59:42,957] INFO: SCANNING: AUDUSD | PRICE: 0.72 | BIAS: BULLISH | ER: 0.73 | VEL: 1.07
[2026-05-06 09:59:42,957] INFO:  >> [GUARD] AUDUSD position already active. Skipping.
[2026-05-06 09:59:43,026] INFO:  >> [HARVESTER] ALPHA is dominating. Scaling in reinforcements...
[2026-05-06 09:59:53,276] INFO:  >> [SAFE_HANDOVER] Syncing JP225 SL to 60921.06371
[2026-05-06 09:59:53,372] INFO: SCANNING: AUDUSD | PRICE: 0.72 | BIAS: BULLISH | ER: 0.73 | VEL: 1.05
[2026-05-06 09:59:53,372] INFO:  >> [GUARD] AUDUSD position already active. Skipping.
[2026-05-06 09:59:53,383] INFO:  >> [HARVESTER] ALPHA is dominating. Scaling in reinforcements...
[2026-05-06 10:00:03,642] INFO:  >> [SAFE_HANDOVER] Syncing DE30 SL to 24235.768
[2026-05-06 10:00:03,678] INFO:  >> [SAFE_HANDOVER] Syncing XAUUSD SL to 4623.36152
[2026-05-06 10:00:03,711] INFO:  >> [SAFE_HANDOVER] Syncing AUDUSD SL to 0.72258
[2026-05-06 10:00:03,746] INFO:  >> [SAFE_HANDOVER] Syncing JP225 SL to 60882.80814
[2026-05-06 10:00:03,774] INFO:  >> [SAFE_HANDOVER] Syncing JP225 SL to 60878.90814
[2026-05-06 10:00:03,803] INFO:  >> [SAFE_HANDOVER] Syncing JP225 SL to 60884.40814
[2026-05-06 10:00:03,838] INFO:  >> [SAFE_HANDOVER] Syncing JP225 SL to 60886.90814
[2026-05-06 10:00:03,870] INFO:  >> [SAFE_HANDOVER] Syncing JP225 SL to 60881.90814
[2026-05-06 10:00:03,904] INFO:  >> [SAFE_HANDOVER] Syncing JP225 SL to 60882.00814
[2026-05-06 10:00:03,933] INFO:  >> [SAFE_HANDOVER] Syncing JP225 SL to 60885.10814
[2026-05-06 10:00:03,961] INFO:  >> [SAFE_HANDOVER] Syncing JP225 SL to 60899.30814
[2026-05-06 10:00:03,990] INFO:  >> [SAFE_HANDOVER] Syncing JP225 SL to 60901.90814
[2026-05-06 10:00:04,023] INFO:  >> [SAFE_HANDOVER] Syncing JP225 SL to 60908.60814
[2026-05-06 10:00:04,052] INFO:  >> [SAFE_HANDOVER] Syncing JP225 SL to 60911.50814
[2026-05-06 10:00:04,082] INFO:  >> [SAFE_HANDOVER] Syncing JP225 SL to 60908.90814
[2026-05-06 10:00:04,111] INFO:  >> [SAFE_HANDOVER] Syncing JP225 SL to 60913.60814
[2026-05-06 10:00:04,140] INFO:  >> [SAFE_HANDOVER] Syncing JP225 SL to 60914.40814
[2026-05-06 10:00:04,169] INFO:  >> [SAFE_HANDOVER] Syncing JP225 SL to 60922.10814
[2026-05-06 10:00:04,198] INFO:  >> [SAFE_HANDOVER] Syncing JP225 SL to 60928.80814
[2026-05-06 10:00:04,227] INFO:  >> [SAFE_HANDOVER] Syncing JP225 SL to 60928.70814
[2026-05-06 10:00:04,257] INFO:  >> [SAFE_HANDOVER] Syncing JP225 SL to 60922.40814
[2026-05-06 10:00:04,285] INFO:  >> [SAFE_HANDOVER] Syncing JP225 SL to 60920.00814
[2026-05-06 10:00:04,314] INFO:  >> [SAFE_HANDOVER] Syncing JP225 SL to 60936.50814
[2026-05-06 10:00:04,350] INFO:  >> [SAFE_HANDOVER] Syncing JP225 SL to 60942.00814
[2026-05-06 10:00:04,383] INFO:  >> [SAFE_HANDOVER] Syncing JP225 SL to 60941.50814
[2026-05-06 10:00:04,411] INFO:  >> [SAFE_HANDOVER] Syncing JP225 SL to 60944.60814
[2026-05-06 10:00:04,438] INFO:  >> [SAFE_HANDOVER] Syncing JP225 SL to 60946.90814
[2026-05-06 10:00:04,474] INFO:  >> [SAFE_HANDOVER] Syncing JP225 SL to 60936.50814
[2026-05-06 10:00:04,504] INFO:  >> [SAFE_HANDOVER] Syncing JP225 SL to 60932.40814
[2026-05-06 10:00:04,532] INFO:  >> [SAFE_HANDOVER] Syncing JP225 SL to 60933.90814
[2026-05-06 10:00:04,560] INFO:  >> [SAFE_HANDOVER] Syncing JP225 SL to 60933.90814
[2026-05-06 10:00:04,589] INFO:  >> [SAFE_HANDOVER] Syncing JP225 SL to 60924.50814
[2026-05-06 10:00:04,617] INFO:  >> [SAFE_HANDOVER] Syncing JP225 SL to 60931.90814
[2026-05-06 10:00:04,645] INFO:  >> [SAFE_HANDOVER] Syncing JP225 SL to 60934.80814
[2026-05-06 10:00:04,673] INFO:  >> [SAFE_HANDOVER] Syncing JP225 SL to 60929.90814
[2026-05-06 10:00:04,703] INFO:  >> [SAFE_HANDOVER] Syncing JP225 SL to 60926.30814
[2026-05-06 10:00:04,731] INFO:  >> [SAFE_HANDOVER] Syncing JP225 SL to 60929.00814
[2026-05-06 10:00:04,759] INFO:  >> [SAFE_HANDOVER] Syncing JP225 SL to 60922.40814
[2026-05-06 10:00:04,787] INFO:  >> [SAFE_HANDOVER] Syncing JP225 SL to 60928.80814
[2026-05-06 10:00:04,816] INFO:  >> [SAFE_HANDOVER] Syncing JP225 SL to 60931.80814
[2026-05-06 10:00:04,844] INFO:  >> [SAFE_HANDOVER] Syncing JP225 SL to 60928.80814
[2026-05-06 10:00:04,873] INFO:  >> [SAFE_HANDOVER] Syncing JP225 SL to 60937.60814
[2026-05-06 10:00:04,901] INFO:  >> [SAFE_HANDOVER] Syncing JP225 SL to 60940.10814
[2026-05-06 10:00:04,930] INFO:  >> [SAFE_HANDOVER] Syncing JP225 SL to 60944.40814
[2026-05-06 10:00:04,958] INFO:  >> [SAFE_HANDOVER] Syncing JP225 SL to 60944.40814
[2026-05-06 10:00:04,989] INFO:  >> [SAFE_HANDOVER] Syncing JP225 SL to 60944.40814
[2026-05-06 10:00:05,018] INFO:  >> [SAFE_HANDOVER] Syncing JP225 SL to 60937.40814
[2026-05-06 10:00:05,045] INFO:  >> [SAFE_HANDOVER] Syncing JP225 SL to 60935.00814
[2026-05-06 10:00:05,075] INFO:  >> [SAFE_HANDOVER] Syncing JP225 SL to 60938.90814
[2026-05-06 10:00:05,103] INFO:  >> [SAFE_HANDOVER] Syncing JP225 SL to 60938.80814
[2026-05-06 10:00:05,132] INFO:  >> [SAFE_HANDOVER] Syncing JP225 SL to 60941.50814
[2026-05-06 10:00:05,161] INFO:  >> [SAFE_HANDOVER] Syncing JP225 SL to 60939.80814
[2026-05-06 10:00:05,194] INFO:  >> [SAFE_HANDOVER] Syncing JP225 SL to 60939.80814
[2026-05-06 10:00:05,223] INFO:  >> [SAFE_HANDOVER] Syncing JP225 SL to 60937.50814
[2026-05-06 10:00:05,251] INFO:  >> [SAFE_HANDOVER] Syncing JP225 SL to 60935.10814
[2026-05-06 10:00:05,279] INFO:  >> [SAFE_HANDOVER] Syncing JP225 SL to 60936.90814
[2026-05-06 10:00:05,308] INFO:  >> [SAFE_HANDOVER] Syncing JP225 SL to 60949.00814
[2026-05-06 10:00:05,338] INFO:  >> [SAFE_HANDOVER] Syncing JP225 SL to 60956.50814
[2026-05-06 10:00:05,366] INFO:  >> [SAFE_HANDOVER] Syncing JP225 SL to 60954.00814
[2026-05-06 10:00:05,394] INFO:  >> [SAFE_HANDOVER] Syncing JP225 SL to 60956.50814
[2026-05-06 10:00:05,421] INFO:  >> [SAFE_HANDOVER] Syncing JP225 SL to 60959.00814
[2026-05-06 10:00:05,450] INFO:  >> [SAFE_HANDOVER] Syncing JP225 SL to 60963.80814
[2026-05-06 10:00:05,485] INFO:  >> [SAFE_HANDOVER] Syncing JP225 SL to 60945.00814
[2026-05-06 10:00:05,513] INFO:  >> [SAFE_HANDOVER] Syncing JP225 SL to 60940.20814
[2026-05-06 10:00:05,542] INFO:  >> [SAFE_HANDOVER] Syncing JP225 SL to 60946.80814
[2026-05-06 10:00:05,571] INFO:  >> [SAFE_HANDOVER] Syncing JP225 SL to 60947.40814
[2026-05-06 10:00:05,618] INFO:  >> [SAFE_HANDOVER] Syncing JP225 SL to 60946.90814
[2026-05-06 10:00:05,647] INFO:  >> [SAFE_HANDOVER] Syncing JP225 SL to 60944.70814
[2026-05-06 10:00:05,675] INFO:  >> [SAFE_HANDOVER] Syncing JP225 SL to 60941.20814
[2026-05-06 10:00:05,703] INFO:  >> [SAFE_HANDOVER] Syncing JP225 SL to 60937.40814
[2026-05-06 10:00:05,731] INFO:  >> [SAFE_HANDOVER] Syncing JP225 SL to 60936.90814
[2026-05-06 10:00:05,760] INFO:  >> [SAFE_HANDOVER] Syncing JP225 SL to 60937.40814
[2026-05-06 10:00:05,790] INFO:  >> [SAFE_HANDOVER] Syncing JP225 SL to 60938.70814
[2026-05-06 10:00:05,818] INFO:  >> [SAFE_HANDOVER] Syncing JP225 SL to 60935.20814
[2026-05-06 10:00:05,845] INFO:  >> [SAFE_HANDOVER] Syncing JP225 SL to 60941.90814
[2026-05-06 10:00:05,874] INFO:  >> [SAFE_HANDOVER] Syncing JP225 SL to 60944.40814
[2026-05-06 10:00:05,902] INFO:  >> [SAFE_HANDOVER] Syncing JP225 SL to 60944.40814
[2026-05-06 10:00:05,930] INFO:  >> [SAFE_HANDOVER] Syncing JP225 SL to 60939.50814
[2026-05-06 10:00:05,957] INFO:  >> [SAFE_HANDOVER] Syncing JP225 SL to 60941.50814
[2026-05-06 10:00:05,986] INFO:  >> [SAFE_HANDOVER] Syncing JP225 SL to 60939.60814
[2026-05-06 10:00:06,015] INFO:  >> [SAFE_HANDOVER] Syncing JP225 SL to 60939.50814
[2026-05-06 10:00:06,044] INFO:  >> [SAFE_HANDOVER] Syncing JP225 SL to 60939.50814
[2026-05-06 10:00:06,072] INFO:  >> [SAFE_HANDOVER] Syncing JP225 SL to 60935.30814
[2026-05-06 10:00:06,100] INFO:  >> [SAFE_HANDOVER] Syncing JP225 SL to 60938.60814
[2026-05-06 10:00:06,129] INFO:  >> [SAFE_HANDOVER] Syncing JP225 SL to 60938.80814
[2026-05-06 10:00:06,159] INFO:  >> [SAFE_HANDOVER] Syncing JP225 SL to 60944.70814
[2026-05-06 10:00:06,187] INFO:  >> [SAFE_HANDOVER] Syncing JP225 SL to 60944.80814
[2026-05-06 10:00:06,221] INFO:  >> [SAFE_HANDOVER] Syncing JP225 SL to 60941.60814
[2026-05-06 10:00:06,250] INFO:  >> [SAFE_HANDOVER] Syncing JP225 SL to 60943.90814
[2026-05-06 10:00:06,278] INFO:  >> [SAFE_HANDOVER] Syncing JP225 SL to 60945.00814
[2026-05-06 10:00:06,306] INFO:  >> [SAFE_HANDOVER] Syncing JP225 SL to 60941.50814
[2026-05-06 10:00:06,337] INFO:  >> [SAFE_HANDOVER] Syncing JP225 SL to 60939.00814
[2026-05-06 10:00:06,373] INFO:  >> [SAFE_HANDOVER] Syncing JP225 SL to 60933.90814
[2026-05-06 10:00:06,402] INFO:  >> [SAFE_HANDOVER] Syncing JP225 SL to 60937.40814
[2026-05-06 10:00:06,432] INFO:  >> [SAFE_HANDOVER] Syncing JP225 SL to 60937.40814
[2026-05-06 10:00:06,461] INFO:  >> [SAFE_HANDOVER] Syncing JP225 SL to 60936.90814
[2026-05-06 10:00:06,489] INFO:  >> [SAFE_HANDOVER] Syncing JP225 SL to 60943.90814
[2026-05-06 10:00:06,522] INFO:  >> [SAFE_HANDOVER] Syncing JP225 SL to 60939.60814
[2026-05-06 10:00:06,551] INFO:  >> [SAFE_HANDOVER] Syncing JP225 SL to 60941.50814
[2026-05-06 10:00:06,578] INFO:  >> [SAFE_HANDOVER] Syncing JP225 SL to 60937.10814
[2026-05-06 10:00:06,607] INFO:  >> [SAFE_HANDOVER] Syncing JP225 SL to 60941.50814
[2026-05-06 10:00:06,635] INFO:  >> [SAFE_HANDOVER] Syncing JP225 SL to 60930.00814
[2026-05-06 10:00:06,664] INFO:  >> [SAFE_HANDOVER] Syncing JP225 SL to 60917.40814
[2026-05-06 10:00:06,788] INFO: SCANNING: AUDUSD | PRICE: 0.72 | BIAS: BULLISH | ER: 0.73 | VEL: 1.3
[2026-05-06 10:00:06,788] INFO:  >> [GUARD] AUDUSD position already active. Skipping.
[2026-05-06 10:00:06,861] INFO:  >> [HARVESTER] ALPHA is dominating. Scaling in reinforcements...
[2026-05-06 10:00:17,341] INFO:  >> [SAFE_HANDOVER] Syncing JP225 SL to 60924.311
[2026-05-06 10:00:17,441] INFO: SCANNING: AUDUSD | PRICE: 0.72 | BIAS: BULLISH | ER: 0.72 | VEL: 1.26
[2026-05-06 10:00:17,441] INFO:  >> [GUARD] AUDUSD position already active. Skipping.
[2026-05-06 10:00:17,451] INFO:  >> [HARVESTER] ALPHA is dominating. Scaling in reinforcements...
[2026-05-06 10:00:27,771] INFO:  >> [SAFE_HANDOVER] Syncing JP225 SL to 60924.311
[2026-05-06 10:00:27,771] INFO:  >> [SAFE_HANDOVER] Syncing JP225 SL to 60938.311
[2026-05-06 10:00:27,867] INFO: SCANNING: AUDUSD | PRICE: 0.72 | BIAS: BULLISH | ER: 0.73 | VEL: 1.47
[2026-05-06 10:00:27,867] INFO:  >> [GUARD] AUDUSD position already active. Skipping.
[2026-05-06 10:00:27,939] INFO:  >> [HARVESTER] ALPHA is dominating. Scaling in reinforcements...
[2026-05-06 10:00:38,231] INFO:  >> [SAFE_HANDOVER] Syncing JP225 SL to 60924.311
[2026-05-06 10:00:38,231] INFO:  >> [SAFE_HANDOVER] Syncing JP225 SL to 60938.311
[2026-05-06 10:00:38,231] INFO:  >> [SAFE_HANDOVER] Syncing JP225 SL to 60936.311
[2026-05-06 10:00:38,363] INFO: SCANNING: AUDUSD | PRICE: 0.72 | BIAS: BULLISH | ER: 0.73 | VEL: 1.51
[2026-05-06 10:00:38,363] INFO:  >> [GUARD] AUDUSD position already active. Skipping.
[2026-05-06 10:00:38,367] INFO:  >> [HARVESTER] ALPHA is dominating. Scaling in reinforcements...
[2026-05-06 10:00:48,735] INFO: SCANNING: AUDUSD | PRICE: 0.72 | BIAS: BULLISH | ER: 0.73 | VEL: 1.49
[2026-05-06 10:00:48,735] INFO:  >> [GUARD] AUDUSD position already active. Skipping.
[2026-05-06 10:00:48,746] INFO:  >> [HARVESTER] ALPHA is dominating. Scaling in reinforcements...
[2026-05-06 10:00:59,117] INFO: SCANNING: AUDUSD | PRICE: 0.72 | BIAS: BULLISH | ER: 0.73 | VEL: 1.43
[2026-05-06 10:00:59,117] INFO:  >> [GUARD] AUDUSD position already active. Skipping.
[2026-05-06 10:00:59,156] INFO:  >> [HARVESTER] ALPHA is dominating. Scaling in reinforcements...
[2026-05-06 10:01:09,541] INFO: SCANNING: AUDUSD | PRICE: 0.72 | BIAS: BULLISH | ER: 0.73 | VEL: 1.43
[2026-05-06 10:01:09,541] INFO:  >> [GUARD] AUDUSD position already active. Skipping.
[2026-05-06 10:01:09,593] INFO:  >> [HARVESTER] ALPHA is dominating. Scaling in reinforcements...
[2026-05-06 10:01:19,942] INFO: SCANNING: AUDUSD | PRICE: 0.72 | BIAS: BULLISH | ER: 0.74 | VEL: 1.8
[2026-05-06 10:01:19,943] INFO:  >> [GUARD] AUDUSD position already active. Skipping.
[2026-05-06 10:01:20,011] INFO:  >> [HARVESTER] ALPHA is dominating. Scaling in reinforcements...
[2026-05-06 10:01:30,365] INFO: SCANNING: AUDUSD | PRICE: 0.72 | BIAS: BULLISH | ER: 0.73 | VEL: 1.61
[2026-05-06 10:01:30,367] INFO:  >> [GUARD] AUDUSD position already active. Skipping.
[2026-05-06 10:01:30,371] INFO:  >> [HARVESTER] ALPHA is dominating. Scaling in reinforcements...
[2026-05-06 10:01:40,604] INFO:  >> [SAFE_HANDOVER] Syncing JP225 SL to 60938.78257
[2026-05-06 10:01:40,702] INFO: SCANNING: AUDUSD | PRICE: 0.72 | BIAS: BULLISH | ER: 0.74 | VEL: 1.8
[2026-05-06 10:01:40,703] INFO:  >> [GUARD] AUDUSD position already active. Skipping.
[2026-05-06 10:01:40,707] INFO:  >> [HARVESTER] ALPHA is dominating. Scaling in reinforcements...
[2026-05-06 10:01:50,940] INFO:  >> [SAFE_HANDOVER] Syncing JP225 SL to 60939.608
[2026-05-06 10:01:51,035] INFO: SCANNING: AUDUSD | PRICE: 0.72 | BIAS: BULLISH | ER: 0.74 | VEL: 1.78
[2026-05-06 10:01:51,036] INFO:  >> [GUARD] AUDUSD position already active. Skipping.
[2026-05-06 10:01:51,039] INFO:  >> [HARVESTER] ALPHA is dominating. Scaling in reinforcements...
[2026-05-06 10:02:01,285] INFO:  >> [SAFE_HANDOVER] Syncing JP225 SL to 60939.608
[2026-05-06 10:02:01,285] INFO:  >> [SAFE_HANDOVER] Syncing JP225 SL to 60941.708
[2026-05-06 10:02:01,382] INFO: SCANNING: AUDUSD | PRICE: 0.72 | BIAS: BULLISH | ER: 0.74 | VEL: 1.85
[2026-05-06 10:02:01,383] INFO:  >> [GUARD] AUDUSD position already active. Skipping.
[2026-05-06 10:02:01,388] INFO:  >> [HARVESTER] ALPHA is dominating. Scaling in reinforcements...
[2026-05-06 10:02:11,617] INFO:  >> [SAFE_HANDOVER] Syncing JP225 SL to 60939.10443
[2026-05-06 10:02:11,713] INFO: SCANNING: AUDUSD | PRICE: 0.72 | BIAS: BULLISH | ER: 0.74 | VEL: 2.05
[2026-05-06 10:02:11,713] INFO:  >> [GUARD] AUDUSD position already active. Skipping.
[2026-05-06 10:02:11,716] INFO:  >> [HARVESTER] ALPHA is dominating. Scaling in reinforcements...
[2026-05-06 10:02:21,970] INFO:  >> [SAFE_HANDOVER] Syncing JP225 SL to 60939.10443
[2026-05-06 10:02:21,970] INFO:  >> [SAFE_HANDOVER] Syncing JP225 SL to 60939.80443
[2026-05-06 10:02:22,076] INFO: SCANNING: AUDUSD | PRICE: 0.72 | BIAS: BULLISH | ER: 0.74 | VEL: 2.05
[2026-05-06 10:02:22,078] INFO:  >> [GUARD] AUDUSD position already active. Skipping.
[2026-05-06 10:02:22,082] INFO:  >> [HARVESTER] ALPHA is dominating. Scaling in reinforcements...
[2026-05-06 10:02:32,337] INFO:  >> [SAFE_HANDOVER] Syncing DE30 SL to 24247.72586
[2026-05-06 10:02:32,366] INFO:  >> [SAFE_HANDOVER] Syncing XAUUSD SL to 4626.63637
[2026-05-06 10:02:32,394] INFO:  >> [SAFE_HANDOVER] Syncing AUDUSD SL to 0.72276
[2026-05-06 10:02:32,422] INFO:  >> [SAFE_HANDOVER] Syncing JP225 SL to 60923.52014
[2026-05-06 10:02:32,450] INFO:  >> [SAFE_HANDOVER] Syncing JP225 SL to 60919.62014
[2026-05-06 10:02:32,477] INFO:  >> [SAFE_HANDOVER] Syncing JP225 SL to 60925.12014
[2026-05-06 10:02:32,508] INFO:  >> [SAFE_HANDOVER] Syncing JP225 SL to 60927.62014
[2026-05-06 10:02:32,535] INFO:  >> [SAFE_HANDOVER] Syncing JP225 SL to 60922.62014
[2026-05-06 10:02:32,564] INFO:  >> [SAFE_HANDOVER] Syncing JP225 SL to 60922.72014
[2026-05-06 10:02:32,592] INFO:  >> [SAFE_HANDOVER] Syncing JP225 SL to 60925.82014
[2026-05-06 10:02:32,620] INFO:  >> [SAFE_HANDOVER] Syncing JP225 SL to 60940.02014
[2026-05-06 10:02:32,650] INFO:  >> [SAFE_HANDOVER] Syncing JP225 SL to 60942.62014
[2026-05-06 10:02:32,678] INFO:  >> [SAFE_HANDOVER] Syncing JP225 SL to 60949.32014
[2026-05-06 10:02:32,707] INFO:  >> [SAFE_HANDOVER] Syncing JP225 SL to 60952.22014
[2026-05-06 10:02:32,736] INFO:  >> [SAFE_HANDOVER] Syncing JP225 SL to 60949.62014
[2026-05-06 10:02:32,764] INFO:  >> [SAFE_HANDOVER] Syncing JP225 SL to 60954.32014
[2026-05-06 10:02:32,794] INFO:  >> [SAFE_HANDOVER] Syncing JP225 SL to 60955.12014
[2026-05-06 10:02:32,822] INFO:  >> [SAFE_HANDOVER] Syncing JP225 SL to 60962.82014
[2026-05-06 10:02:32,850] INFO:  >> [SAFE_HANDOVER] Syncing JP225 SL to 60969.52014
[2026-05-06 10:02:32,878] INFO:  >> [SAFE_HANDOVER] Syncing JP225 SL to 60969.42014
[2026-05-06 10:02:32,906] INFO:  >> [SAFE_HANDOVER] Syncing JP225 SL to 60963.12014
[2026-05-06 10:02:32,935] INFO:  >> [SAFE_HANDOVER] Syncing JP225 SL to 60960.72014
[2026-05-06 10:02:32,963] INFO:  >> [SAFE_HANDOVER] Syncing JP225 SL to 60977.22014
[2026-05-06 10:02:32,990] INFO:  >> [SAFE_HANDOVER] Syncing JP225 SL to 60982.72014
[2026-05-06 10:02:33,020] INFO:  >> [SAFE_HANDOVER] Syncing JP225 SL to 60982.22014
[2026-05-06 10:02:33,050] INFO:  >> [SAFE_HANDOVER] Syncing JP225 SL to 60985.32014
[2026-05-06 10:02:33,078] INFO:  >> [SAFE_HANDOVER] Syncing JP225 SL to 60987.62014
[2026-05-06 10:02:33,116] INFO:  >> [SAFE_HANDOVER] Syncing JP225 SL to 60977.22014
[2026-05-06 10:02:33,144] INFO:  >> [SAFE_HANDOVER] Syncing JP225 SL to 60973.12014
[2026-05-06 10:02:33,172] INFO:  >> [SAFE_HANDOVER] Syncing JP225 SL to 60974.62014
[2026-05-06 10:02:33,201] INFO:  >> [SAFE_HANDOVER] Syncing JP225 SL to 60974.62014
[2026-05-06 10:02:33,237] INFO:  >> [SAFE_HANDOVER] Syncing JP225 SL to 60965.22014
[2026-05-06 10:02:33,265] INFO:  >> [SAFE_HANDOVER] Syncing JP225 SL to 60972.62014
[2026-05-06 10:02:33,293] INFO:  >> [SAFE_HANDOVER] Syncing JP225 SL to 60975.52014
[2026-05-06 10:02:33,321] INFO:  >> [SAFE_HANDOVER] Syncing JP225 SL to 60970.62014
[2026-05-06 10:02:33,349] INFO:  >> [SAFE_HANDOVER] Syncing JP225 SL to 60967.02014
[2026-05-06 10:02:33,377] INFO:  >> [SAFE_HANDOVER] Syncing JP225 SL to 60969.72014
[2026-05-06 10:02:33,404] INFO:  >> [SAFE_HANDOVER] Syncing JP225 SL to 60963.12014
[2026-05-06 10:02:33,434] INFO:  >> [SAFE_HANDOVER] Syncing JP225 SL to 60969.52014
[2026-05-06 10:02:33,463] INFO:  >> [SAFE_HANDOVER] Syncing JP225 SL to 60972.52014
[2026-05-06 10:02:33,491] INFO:  >> [SAFE_HANDOVER] Syncing JP225 SL to 60969.52014
[2026-05-06 10:02:33,530] INFO:  >> [SAFE_HANDOVER] Syncing JP225 SL to 60978.32014
[2026-05-06 10:02:33,530] INFO:  >> [SAFE_HANDOVER] Syncing JP225 SL to 60980.82014
[2026-05-06 10:02:33,562] INFO:  >> [SAFE_HANDOVER] Syncing JP225 SL to 60985.12014
[2026-05-06 10:02:33,589] INFO:  >> [SAFE_HANDOVER] Syncing JP225 SL to 60985.12014
[2026-05-06 10:02:33,617] INFO:  >> [SAFE_HANDOVER] Syncing JP225 SL to 60985.12014
[2026-05-06 10:02:33,647] INFO:  >> [SAFE_HANDOVER] Syncing JP225 SL to 60978.12014
[2026-05-06 10:02:33,675] INFO:  >> [SAFE_HANDOVER] Syncing JP225 SL to 60975.72014
[2026-05-06 10:02:33,703] INFO:  >> [SAFE_HANDOVER] Syncing JP225 SL to 60979.62014
[2026-05-06 10:02:33,730] INFO:  >> [SAFE_HANDOVER] Syncing JP225 SL to 60979.52014
[2026-05-06 10:02:33,758] INFO:  >> [SAFE_HANDOVER] Syncing JP225 SL to 60982.22014
[2026-05-06 10:02:33,787] INFO:  >> [SAFE_HANDOVER] Syncing JP225 SL to 60980.52014
[2026-05-06 10:02:33,816] INFO:  >> [SAFE_HANDOVER] Syncing JP225 SL to 60980.52014
[2026-05-06 10:02:33,843] INFO:  >> [SAFE_HANDOVER] Syncing JP225 SL to 60978.22014
[2026-05-06 10:02:33,871] INFO:  >> [SAFE_HANDOVER] Syncing JP225 SL to 60975.82014
[2026-05-06 10:02:33,901] INFO:  >> [SAFE_HANDOVER] Syncing JP225 SL to 60977.62014
[2026-05-06 10:02:33,929] INFO:  >> [SAFE_HANDOVER] Syncing JP225 SL to 60989.72014
[2026-05-06 10:02:33,958] INFO:  >> [SAFE_HANDOVER] Syncing JP225 SL to 60997.22014
[2026-05-06 10:02:33,987] INFO:  >> [SAFE_HANDOVER] Syncing JP225 SL to 60994.72014
[2026-05-06 10:02:34,017] INFO:  >> [SAFE_HANDOVER] Syncing JP225 SL to 60997.22014
[2026-05-06 10:02:34,045] INFO:  >> [SAFE_HANDOVER] Syncing JP225 SL to 60999.72014
[2026-05-06 10:02:34,074] INFO:  >> [SAFE_HANDOVER] Syncing JP225 SL to 61004.52014
[2026-05-06 10:02:34,104] INFO:  >> [SAFE_HANDOVER] Syncing JP225 SL to 60985.72014
[2026-05-06 10:02:34,132] INFO:  >> [SAFE_HANDOVER] Syncing JP225 SL to 60980.92014
[2026-05-06 10:02:34,160] INFO:  >> [SAFE_HANDOVER] Syncing JP225 SL to 60987.52014
[2026-05-06 10:02:34,189] INFO:  >> [SAFE_HANDOVER] Syncing JP225 SL to 60988.12014
[2026-05-06 10:02:34,217] INFO:  >> [SAFE_HANDOVER] Syncing JP225 SL to 60987.62014
[2026-05-06 10:02:34,250] INFO:  >> [SAFE_HANDOVER] Syncing JP225 SL to 60985.42014
[2026-05-06 10:02:34,277] INFO:  >> [SAFE_HANDOVER] Syncing JP225 SL to 60981.92014
[2026-05-06 10:02:34,306] INFO:  >> [SAFE_HANDOVER] Syncing JP225 SL to 60978.12014
[2026-05-06 10:02:34,335] INFO:  >> [SAFE_HANDOVER] Syncing JP225 SL to 60977.62014
[2026-05-06 10:02:34,364] INFO:  >> [SAFE_HANDOVER] Syncing JP225 SL to 60978.12014
[2026-05-06 10:02:34,393] INFO:  >> [SAFE_HANDOVER] Syncing JP225 SL to 60979.42014
[2026-05-06 10:02:34,421] INFO:  >> [SAFE_HANDOVER] Syncing JP225 SL to 60975.92014
[2026-05-06 10:02:34,454] INFO:  >> [SAFE_HANDOVER] Syncing JP225 SL to 60982.62014
[2026-05-06 10:02:34,485] INFO:  >> [SAFE_HANDOVER] Syncing JP225 SL to 60985.12014
[2026-05-06 10:02:34,513] INFO:  >> [SAFE_HANDOVER] Syncing JP225 SL to 60985.12014
[2026-05-06 10:02:34,541] INFO:  >> [SAFE_HANDOVER] Syncing JP225 SL to 60980.22014
[2026-05-06 10:02:34,571] INFO:  >> [SAFE_HANDOVER] Syncing JP225 SL to 60982.22014
[2026-05-06 10:02:34,599] INFO:  >> [SAFE_HANDOVER] Syncing JP225 SL to 60980.32014
[2026-05-06 10:02:34,627] INFO:  >> [SAFE_HANDOVER] Syncing JP225 SL to 60980.22014
[2026-05-06 10:02:34,654] INFO:  >> [SAFE_HANDOVER] Syncing JP225 SL to 60980.22014
[2026-05-06 10:02:34,683] INFO:  >> [SAFE_HANDOVER] Syncing JP225 SL to 60976.02014
[2026-05-06 10:02:34,711] INFO:  >> [SAFE_HANDOVER] Syncing JP225 SL to 60979.32014
[2026-05-06 10:02:34,738] INFO:  >> [SAFE_HANDOVER] Syncing JP225 SL to 60979.52014
[2026-05-06 10:02:34,767] INFO:  >> [SAFE_HANDOVER] Syncing JP225 SL to 60985.42014
[2026-05-06 10:02:34,795] INFO:  >> [SAFE_HANDOVER] Syncing JP225 SL to 60985.52014
[2026-05-06 10:02:34,823] INFO:  >> [SAFE_HANDOVER] Syncing JP225 SL to 60982.32014
[2026-05-06 10:02:34,853] INFO:  >> [SAFE_HANDOVER] Syncing JP225 SL to 60984.62014
[2026-05-06 10:02:34,883] INFO:  >> [SAFE_HANDOVER] Syncing JP225 SL to 60985.72014
[2026-05-06 10:02:34,911] INFO:  >> [SAFE_HANDOVER] Syncing JP225 SL to 60982.22014
[2026-05-06 10:02:34,938] INFO:  >> [SAFE_HANDOVER] Syncing JP225 SL to 60979.72014
[2026-05-06 10:02:34,967] INFO:  >> [SAFE_HANDOVER] Syncing JP225 SL to 60974.62014
[2026-05-06 10:02:34,999] INFO:  >> [SAFE_HANDOVER] Syncing JP225 SL to 60978.12014
[2026-05-06 10:02:35,027] INFO:  >> [SAFE_HANDOVER] Syncing JP225 SL to 60978.12014
[2026-05-06 10:02:35,055] INFO:  >> [SAFE_HANDOVER] Syncing JP225 SL to 60977.62014
[2026-05-06 10:02:35,084] INFO:  >> [SAFE_HANDOVER] Syncing JP225 SL to 60984.62014
[2026-05-06 10:02:35,111] INFO:  >> [SAFE_HANDOVER] Syncing JP225 SL to 60980.32014
[2026-05-06 10:02:35,139] INFO:  >> [SAFE_HANDOVER] Syncing JP225 SL to 60982.22014
[2026-05-06 10:02:35,167] INFO:  >> [SAFE_HANDOVER] Syncing JP225 SL to 60977.82014
[2026-05-06 10:02:35,195] INFO:  >> [SAFE_HANDOVER] Syncing JP225 SL to 60982.22014
[2026-05-06 10:02:35,226] INFO:  >> [SAFE_HANDOVER] Syncing JP225 SL to 60970.72014
[2026-05-06 10:02:35,267] INFO:  >> [SAFE_HANDOVER] Syncing JP225 SL to 60958.12014
[2026-05-06 10:02:35,296] INFO:  >> [SAFE_HANDOVER] Syncing JP225 SL to 60965.52014
[2026-05-06 10:02:35,328] INFO:  >> [SAFE_HANDOVER] Syncing JP225 SL to 60979.52014
[2026-05-06 10:02:35,356] INFO:  >> [SAFE_HANDOVER] Syncing JP225 SL to 60977.52014
[2026-05-06 10:02:35,384] INFO:  >> [SAFE_HANDOVER] Syncing JP225 SL to 60978.12014
[2026-05-06 10:02:35,415] INFO:  >> [SAFE_HANDOVER] Syncing JP225 SL to 60982.22014
[2026-05-06 10:02:35,443] INFO:  >> [SAFE_HANDOVER] Syncing JP225 SL to 60974.92014
[2026-05-06 10:02:35,472] INFO:  >> [SAFE_HANDOVER] Syncing JP225 SL to 60970.62014
[2026-05-06 10:02:35,500] INFO:  >> [SAFE_HANDOVER] Syncing JP225 SL to 60975.72014
[2026-05-06 10:02:35,529] INFO:  >> [SAFE_HANDOVER] Syncing JP225 SL to 60980.12014
[2026-05-06 10:02:35,556] INFO:  >> [SAFE_HANDOVER] Syncing JP225 SL to 60981.02014
[2026-05-06 10:02:35,585] INFO:  >> [SAFE_HANDOVER] Syncing JP225 SL to 60983.12014
[2026-05-06 10:02:35,616] INFO:  >> [SAFE_HANDOVER] Syncing JP225 SL to 60980.62014
[2026-05-06 10:02:35,644] INFO:  >> [SAFE_HANDOVER] Syncing JP225 SL to 60981.32014
[2026-05-06 10:02:35,684] INFO:  >> [SAFE_HANDOVER] Syncing JP225 SL to 60978.02014
[2026-05-06 10:02:35,815] INFO: SCANNING: AUDUSD | PRICE: 0.72 | BIAS: BULLISH | ER: 0.74 | VEL: 2.0
[2026-05-06 10:02:35,815] INFO:  >> [GUARD] AUDUSD position already active. Skipping.
[2026-05-06 10:02:35,819] INFO:  >> [HARVESTER] ALPHA is dominating. Scaling in reinforcements...
[2026-05-06 10:02:46,058] INFO:  >> [SAFE_HANDOVER] Syncing DE30 SL to 24247.72586
[2026-05-06 10:02:46,061] INFO:  >> [SAFE_HANDOVER] Syncing XAUUSD SL to 4626.63637
[2026-05-06 10:02:46,169] INFO: SCANNING: AUDUSD | PRICE: 0.72 | BIAS: BULLISH | ER: 0.74 | VEL: 1.93
[2026-05-06 10:02:46,169] INFO:  >> [GUARD] AUDUSD position already active. Skipping.
[2026-05-06 10:02:46,213] INFO:  >> [HARVESTER] ALPHA is dominating. Scaling in reinforcements...
[2026-05-06 10:02:56,476] INFO:  >> [SAFE_HANDOVER] Syncing DE30 SL to 24247.72586
[2026-05-06 10:02:56,587] INFO: SCANNING: AUDUSD | PRICE: 0.72 | BIAS: BULLISH | ER: 0.75 | VEL: 2.09
[2026-05-06 10:02:56,587] INFO:  >> [GUARD] AUDUSD position already active. Skipping.
[2026-05-06 10:02:56,591] INFO:  >> [HARVESTER] ALPHA is dominating. Scaling in reinforcements...
[2026-05-06 10:03:07,108] INFO: SCANNING: AUDUSD | PRICE: 0.72 | BIAS: BULLISH | ER: 0.75 | VEL: 2.13
[2026-05-06 10:03:07,108] INFO:  >> [GUARD] AUDUSD position already active. Skipping.
[2026-05-06 10:03:07,112] INFO:  >> [HARVESTER] ALPHA is dominating. Scaling in reinforcements...
[2026-05-06 10:03:17,436] INFO: SCANNING: AUDUSD | PRICE: 0.72 | BIAS: BULLISH | ER: 0.75 | VEL: 2.33
[2026-05-06 10:03:17,437] INFO:  >> [GUARD] AUDUSD position already active. Skipping.
[2026-05-06 10:03:17,440] INFO:  >> [HARVESTER] ALPHA is dominating. Scaling in reinforcements...
[2026-05-06 10:03:27,764] INFO: SCANNING: AUDUSD | PRICE: 0.72 | BIAS: BULLISH | ER: 0.75 | VEL: 2.35
[2026-05-06 10:03:27,765] INFO:  >> [GUARD] AUDUSD position already active. Skipping.
[2026-05-06 10:03:27,768] INFO:  >> [HARVESTER] ALPHA is dominating. Scaling in reinforcements...
[2026-05-06 10:03:38,100] INFO: SCANNING: AUDUSD | PRICE: 0.72 | BIAS: BULLISH | ER: 0.75 | VEL: 2.31
[2026-05-06 10:03:38,100] INFO:  >> [GUARD] AUDUSD position already active. Skipping.
[2026-05-06 10:03:38,104] INFO:  >> [HARVESTER] ALPHA is dominating. Scaling in reinforcements...
[2026-05-06 10:03:48,436] INFO: SCANNING: AUDUSD | PRICE: 0.72 | BIAS: BULLISH | ER: 0.75 | VEL: 2.31
[2026-05-06 10:03:48,436] INFO:  >> [GUARD] AUDUSD position already active. Skipping.
[2026-05-06 10:03:48,478] INFO:  >> [HARVESTER] ALPHA is dominating. Scaling in reinforcements...
[2026-05-06 10:03:58,817] INFO: SCANNING: AUDUSD | PRICE: 0.72 | BIAS: BULLISH | ER: 0.75 | VEL: 2.35
[2026-05-06 10:03:58,817] INFO:  >> [GUARD] AUDUSD position already active. Skipping.
[2026-05-06 10:03:58,830] INFO:  >> [HARVESTER] ALPHA is dominating. Scaling in reinforcements...
[2026-05-06 10:04:09,353] INFO: SCANNING: AUDUSD | PRICE: 0.72 | BIAS: BULLISH | ER: 0.75 | VEL: 2.42
[2026-05-06 10:04:09,353] INFO:  >> [GUARD] AUDUSD position already active. Skipping.
[2026-05-06 10:04:09,357] INFO:  >> [HARVESTER] ALPHA is dominating. Scaling in reinforcements...
[2026-05-06 10:04:19,677] INFO: SCANNING: AUDUSD | PRICE: 0.72 | BIAS: BULLISH | ER: 0.75 | VEL: 2.41
[2026-05-06 10:04:19,677] INFO:  >> [GUARD] AUDUSD position already active. Skipping.
[2026-05-06 10:04:19,682] INFO:  >> [HARVESTER] ALPHA is dominating. Scaling in reinforcements...
[2026-05-06 10:04:30,033] INFO: SCANNING: AUDUSD | PRICE: 0.72 | BIAS: BULLISH | ER: 0.75 | VEL: 2.37
[2026-05-06 10:04:30,033] INFO:  >> [GUARD] AUDUSD position already active. Skipping.
[2026-05-06 10:04:30,038] INFO:  >> [HARVESTER] ALPHA is dominating. Scaling in reinforcements...
[2026-05-06 10:04:40,359] INFO: SCANNING: AUDUSD | PRICE: 0.72 | BIAS: BULLISH | ER: 0.75 | VEL: 2.29
[2026-05-06 10:04:40,359] INFO:  >> [GUARD] AUDUSD position already active. Skipping.
[2026-05-06 10:04:40,373] INFO:  >> [HARVESTER] ALPHA is dominating. Scaling in reinforcements...
[2026-05-06 10:04:50,693] INFO: SCANNING: AUDUSD | PRICE: 0.72 | BIAS: BULLISH | ER: 0.75 | VEL: 2.33
[2026-05-06 10:04:50,693] INFO:  >> [GUARD] AUDUSD position already active. Skipping.
[2026-05-06 10:04:50,731] INFO:  >> [HARVESTER] ALPHA is dominating. Scaling in reinforcements...
[2026-05-06 10:05:01,070] INFO: SCANNING: AUDUSD | PRICE: 0.72 | BIAS: BULLISH | ER: 0.75 | VEL: 2.29
[2026-05-06 10:05:01,070] INFO:  >> [GUARD] AUDUSD position already active. Skipping.
[2026-05-06 10:05:01,075] INFO:  >> [HARVESTER] ALPHA is dominating. Scaling in reinforcements...
[2026-05-06 10:05:11,394] INFO: SCANNING: AUDUSD | PRICE: 0.72 | BIAS: BULLISH | ER: 0.75 | VEL: 2.33
[2026-05-06 10:05:11,395] INFO:  >> [GUARD] AUDUSD position already active. Skipping.
[2026-05-06 10:05:11,400] INFO:  >> [HARVESTER] ALPHA is dominating. Scaling in reinforcements...
[2026-05-06 10:05:21,728] INFO: SCANNING: AUDUSD | PRICE: 0.72 | BIAS: BULLISH | ER: 0.75 | VEL: 2.39
[2026-05-06 10:05:21,728] INFO:  >> [GUARD] AUDUSD position already active. Skipping.
[2026-05-06 10:05:21,741] INFO:  >> [HARVESTER] ALPHA is dominating. Scaling in reinforcements...
[2026-05-06 10:05:32,059] INFO: SCANNING: AUDUSD | PRICE: 0.72 | BIAS: BULLISH | ER: 0.75 | VEL: 2.35
[2026-05-06 10:05:32,059] INFO:  >> [GUARD] AUDUSD position already active. Skipping.
[2026-05-06 10:05:32,062] INFO:  >> [HARVESTER] ALPHA is dominating. Scaling in reinforcements...
[2026-05-06 10:05:42,386] INFO: SCANNING: AUDUSD | PRICE: 0.72 | BIAS: BULLISH | ER: 0.75 | VEL: 2.29
[2026-05-06 10:05:42,386] INFO:  >> [GUARD] AUDUSD position already active. Skipping.
[2026-05-06 10:05:42,391] INFO:  >> [HARVESTER] ALPHA is dominating. Scaling in reinforcements...
[2026-05-06 10:05:52,723] INFO: SCANNING: AUDUSD | PRICE: 0.72 | BIAS: BULLISH | ER: 0.75 | VEL: 2.37
[2026-05-06 10:05:52,725] INFO:  >> [GUARD] AUDUSD position already active. Skipping.
[2026-05-06 10:05:52,735] INFO:  >> [HARVESTER] ALPHA is dominating. Scaling in reinforcements...
[2026-05-06 10:06:03,062] INFO: SCANNING: AUDUSD | PRICE: 0.72 | BIAS: BULLISH | ER: 0.75 | VEL: 2.33
[2026-05-06 10:06:03,062] INFO:  >> [GUARD] AUDUSD position already active. Skipping.
[2026-05-06 10:06:03,066] INFO:  >> [HARVESTER] ALPHA is dominating. Scaling in reinforcements...
[2026-05-06 10:06:13,387] INFO: SCANNING: AUDUSD | PRICE: 0.72 | BIAS: BULLISH | ER: 0.75 | VEL: 2.39
[2026-05-06 10:06:13,387] INFO:  >> [GUARD] AUDUSD position already active. Skipping.
[2026-05-06 10:06:13,392] INFO:  >> [HARVESTER] ALPHA is dominating. Scaling in reinforcements...
[2026-05-06 10:06:23,713] INFO: SCANNING: AUDUSD | PRICE: 0.72 | BIAS: BULLISH | ER: 0.75 | VEL: 2.35
[2026-05-06 10:06:23,714] INFO:  >> [GUARD] AUDUSD position already active. Skipping.
[2026-05-06 10:06:23,717] INFO:  >> [HARVESTER] ALPHA is dominating. Scaling in reinforcements...
[2026-05-06 10:06:34,040] INFO: SCANNING: AUDUSD | PRICE: 0.72 | BIAS: BULLISH | ER: 0.76 | VEL: 2.42
[2026-05-06 10:06:34,040] INFO:  >> [GUARD] AUDUSD position already active. Skipping.
[2026-05-06 10:06:34,044] INFO:  >> [HARVESTER] ALPHA is dominating. Scaling in reinforcements...
[2026-05-06 10:06:44,372] INFO: SCANNING: AUDUSD | PRICE: 0.72 | BIAS: BULLISH | ER: 0.76 | VEL: 2.42
[2026-05-06 10:06:44,372] INFO:  >> [GUARD] AUDUSD position already active. Skipping.
[2026-05-06 10:06:44,396] INFO:  >> [HARVESTER] ALPHA is dominating. Scaling in reinforcements...
[2026-05-06 10:06:54,899] INFO: SCANNING: AUDUSD | PRICE: 0.72 | BIAS: BULLISH | ER: 0.76 | VEL: 2.53
[2026-05-06 10:06:54,899] INFO:  >> [GUARD] AUDUSD position already active. Skipping.
[2026-05-06 10:06:54,902] INFO:  >> [HARVESTER] ALPHA is dominating. Scaling in reinforcements...
[2026-05-06 10:07:05,228] INFO: SCANNING: AUDUSD | PRICE: 0.72 | BIAS: BULLISH | ER: 0.76 | VEL: 2.49
[2026-05-06 10:07:05,228] INFO:  >> [GUARD] AUDUSD position already active. Skipping.
[2026-05-06 10:07:05,232] INFO:  >> [HARVESTER] ALPHA is dominating. Scaling in reinforcements...
[2026-05-06 10:07:15,563] INFO: SCANNING: AUDUSD | PRICE: 0.72 | BIAS: BULLISH | ER: 0.76 | VEL: 2.45
[2026-05-06 10:07:15,563] INFO:  >> [GUARD] AUDUSD position already active. Skipping.
[2026-05-06 10:07:15,568] INFO:  >> [HARVESTER] ALPHA is dominating. Scaling in reinforcements...
[2026-05-06 10:07:25,902] INFO: SCANNING: AUDUSD | PRICE: 0.72 | BIAS: BULLISH | ER: 0.76 | VEL: 2.47
[2026-05-06 10:07:25,902] INFO:  >> [GUARD] AUDUSD position already active. Skipping.
[2026-05-06 10:07:25,906] INFO:  >> [HARVESTER] ALPHA is dominating. Scaling in reinforcements...
[2026-05-06 10:07:36,222] INFO: SCANNING: AUDUSD | PRICE: 0.72 | BIAS: BULLISH | ER: 0.76 | VEL: 2.55
[2026-05-06 10:07:36,222] INFO:  >> [GUARD] AUDUSD position already active. Skipping.
[2026-05-06 10:07:36,226] INFO:  >> [HARVESTER] ALPHA is dominating. Scaling in reinforcements...
[2026-05-06 10:07:46,554] INFO: SCANNING: AUDUSD | PRICE: 0.72 | BIAS: BULLISH | ER: 0.76 | VEL: 2.51
[2026-05-06 10:07:46,554] INFO:  >> [GUARD] AUDUSD position already active. Skipping.
[2026-05-06 10:07:46,559] INFO:  >> [HARVESTER] ALPHA is dominating. Scaling in reinforcements...
[2026-05-06 10:07:56,874] INFO: SCANNING: AUDUSD | PRICE: 0.72 | BIAS: BULLISH | ER: 0.76 | VEL: 2.51
[2026-05-06 10:07:56,875] INFO:  >> [GUARD] AUDUSD position already active. Skipping.
[2026-05-06 10:07:56,879] INFO:  >> [HARVESTER] ALPHA is dominating. Scaling in reinforcements...
[2026-05-06 10:08:07,215] INFO: SCANNING: AUDUSD | PRICE: 0.72 | BIAS: BULLISH | ER: 0.76 | VEL: 2.37
[2026-05-06 10:08:07,215] INFO:  >> [GUARD] AUDUSD position already active. Skipping.
[2026-05-06 10:08:07,219] INFO:  >> [HARVESTER] ALPHA is dominating. Scaling in reinforcements...
[2026-05-06 10:08:17,577] INFO: SCANNING: AUDUSD | PRICE: 0.72 | BIAS: BULLISH | ER: 0.75 | VEL: 2.23
[2026-05-06 10:08:17,577] INFO:  >> [GUARD] AUDUSD position already active. Skipping.
[2026-05-06 10:08:17,581] INFO:  >> [HARVESTER] ALPHA is dominating. Scaling in reinforcements...
[2026-05-06 10:08:27,911] INFO: SCANNING: AUDUSD | PRICE: 0.72 | BIAS: BULLISH | ER: 0.76 | VEL: 2.35
[2026-05-06 10:08:27,911] INFO:  >> [GUARD] AUDUSD position already active. Skipping.
[2026-05-06 10:08:27,915] INFO:  >> [HARVESTER] ALPHA is dominating. Scaling in reinforcements...
[2026-05-06 10:08:38,228] INFO: SCANNING: AUDUSD | PRICE: 0.72 | BIAS: BULLISH | ER: 0.75 | VEL: 2.27
[2026-05-06 10:08:38,228] INFO:  >> [GUARD] AUDUSD position already active. Skipping.
[2026-05-06 10:08:38,274] INFO:  >> [HARVESTER] ALPHA is dominating. Scaling in reinforcements...
[2026-05-06 10:08:48,591] INFO: SCANNING: AUDUSD | PRICE: 0.72 | BIAS: BULLISH | ER: 0.75 | VEL: 2.31
[2026-05-06 10:08:48,591] INFO:  >> [GUARD] AUDUSD position already active. Skipping.
[2026-05-06 10:08:48,596] INFO:  >> [HARVESTER] ALPHA is dominating. Scaling in reinforcements...
[2026-05-06 10:08:58,922] INFO: SCANNING: AUDUSD | PRICE: 0.72 | BIAS: BULLISH | ER: 0.76 | VEL: 2.33
[2026-05-06 10:08:58,923] INFO:  >> [GUARD] AUDUSD position already active. Skipping.
[2026-05-06 10:08:58,959] INFO:  >> [HARVESTER] ALPHA is dominating. Scaling in reinforcements...
[2026-05-06 10:09:09,277] INFO: SCANNING: AUDUSD | PRICE: 0.72 | BIAS: BULLISH | ER: 0.76 | VEL: 2.45
[2026-05-06 10:09:09,277] INFO:  >> [GUARD] AUDUSD position already active. Skipping.
[2026-05-06 10:09:09,280] INFO:  >> [HARVESTER] ALPHA is dominating. Scaling in reinforcements...
[2026-05-06 10:09:19,609] INFO: SCANNING: AUDUSD | PRICE: 0.72 | BIAS: BULLISH | ER: 0.76 | VEL: 2.33
[2026-05-06 10:09:19,609] INFO:  >> [GUARD] AUDUSD position already active. Skipping.
[2026-05-06 10:09:19,648] INFO:  >> [HARVESTER] ALPHA is dominating. Scaling in reinforcements...
[2026-05-06 10:09:29,966] INFO: SCANNING: AUDUSD | PRICE: 0.72 | BIAS: BULLISH | ER: 0.76 | VEL: 2.35
[2026-05-06 10:09:29,966] INFO:  >> [GUARD] AUDUSD position already active. Skipping.
[2026-05-06 10:09:29,969] INFO:  >> [HARVESTER] ALPHA is dominating. Scaling in reinforcements...
[2026-05-06 10:09:40,286] INFO: SCANNING: AUDUSD | PRICE: 0.72 | BIAS: BULLISH | ER: 0.75 | VEL: 2.25
[2026-05-06 10:09:40,286] INFO:  >> [GUARD] AUDUSD position already active. Skipping.
[2026-05-06 10:09:40,290] INFO:  >> [HARVESTER] ALPHA is dominating. Scaling in reinforcements...
[2026-05-06 10:09:50,617] INFO: SCANNING: AUDUSD | PRICE: 0.72 | BIAS: BULLISH | ER: 0.75 | VEL: 2.25
[2026-05-06 10:09:50,617] INFO:  >> [GUARD] AUDUSD position already active. Skipping.
[2026-05-06 10:09:50,644] INFO:  >> [HARVESTER] ALPHA is dominating. Scaling in reinforcements...
[2026-05-06 10:10:01,036] INFO: SCANNING: AUDUSD | PRICE: 0.72 | BIAS: BULLISH | ER: 0.75 | VEL: 2.23
[2026-05-06 10:10:01,037] INFO:  >> [GUARD] AUDUSD position already active. Skipping.
[2026-05-06 10:10:01,041] INFO:  >> [HARVESTER] ALPHA is dominating. Scaling in reinforcements...
[2026-05-06 10:10:11,357] INFO: SCANNING: AUDUSD | PRICE: 0.72 | BIAS: BULLISH | ER: 0.75 | VEL: 2.25
[2026-05-06 10:10:11,357] INFO:  >> [GUARD] AUDUSD position already active. Skipping.
[2026-05-06 10:10:11,402] INFO:  >> [HARVESTER] ALPHA is dominating. Scaling in reinforcements...
[2026-05-06 10:10:21,731] INFO: SCANNING: AUDUSD | PRICE: 0.72 | BIAS: BULLISH | ER: 0.75 | VEL: 2.21
[2026-05-06 10:10:21,731] INFO:  >> [GUARD] AUDUSD position already active. Skipping.
[2026-05-06 10:10:21,737] INFO:  >> [HARVESTER] ALPHA is dominating. Scaling in reinforcements...
[2026-05-06 10:10:32,057] INFO: SCANNING: AUDUSD | PRICE: 0.72 | BIAS: BULLISH | ER: 0.75 | VEL: 2.17
[2026-05-06 10:10:32,057] INFO:  >> [GUARD] AUDUSD position already active. Skipping.
[2026-05-06 10:10:32,109] INFO:  >> [HARVESTER] ALPHA is dominating. Scaling in reinforcements...
[2026-05-06 10:10:42,431] INFO: SCANNING: AUDUSD | PRICE: 0.72 | BIAS: BULLISH | ER: 0.75 | VEL: 2.19
[2026-05-06 10:10:42,431] INFO:  >> [GUARD] AUDUSD position already active. Skipping.
[2026-05-06 10:10:42,434] INFO:  >> [HARVESTER] ALPHA is dominating. Scaling in reinforcements...
[2026-05-06 10:10:52,788] INFO: SCANNING: AUDUSD | PRICE: 0.72 | BIAS: BULLISH | ER: 0.75 | VEL: 2.17
[2026-05-06 10:10:52,788] INFO:  >> [GUARD] AUDUSD position already active. Skipping.
[2026-05-06 10:10:52,789] INFO:  >> [HARVESTER] ALPHA is dominating. Scaling in reinforcements...
[2026-05-06 10:11:03,165] INFO: SCANNING: AUDUSD | PRICE: 0.72 | BIAS: BULLISH | ER: 0.75 | VEL: 2.03
[2026-05-06 10:11:03,165] INFO:  >> [GUARD] AUDUSD position already active. Skipping.
[2026-05-06 10:11:03,175] INFO:  >> [HARVESTER] ALPHA is dominating. Scaling in reinforcements...
[2026-05-06 10:11:13,535] INFO: SCANNING: AUDUSD | PRICE: 0.72 | BIAS: BULLISH | ER: 0.75 | VEL: 2.05
[2026-05-06 10:11:13,535] INFO:  >> [GUARD] AUDUSD position already active. Skipping.
[2026-05-06 10:11:13,576] INFO:  >> [HARVESTER] ALPHA is dominating. Scaling in reinforcements...
[2026-05-06 10:11:23,950] INFO: SCANNING: AUDUSD | PRICE: 0.72 | BIAS: BULLISH | ER: 0.75 | VEL: 1.93
[2026-05-06 10:11:23,950] INFO:  >> [GUARD] AUDUSD position already active. Skipping.
[2026-05-06 10:11:24,002] INFO:  >> [HARVESTER] ALPHA is dominating. Scaling in reinforcements...
[2026-05-06 10:11:34,318] INFO: SCANNING: AUDUSD | PRICE: 0.72 | BIAS: BULLISH | ER: 0.75 | VEL: 1.89
[2026-05-06 10:11:34,318] INFO:  >> [GUARD] AUDUSD position already active. Skipping.
[2026-05-06 10:11:34,323] INFO:  >> [HARVESTER] ALPHA is dominating. Scaling in reinforcements...
[2026-05-06 10:11:44,684] INFO: SCANNING: AUDUSD | PRICE: 0.72 | BIAS: BULLISH | ER: 0.75 | VEL: 1.89
[2026-05-06 10:11:44,684] INFO:  >> [GUARD] AUDUSD position already active. Skipping.
[2026-05-06 10:11:44,687] INFO:  >> [HARVESTER] ALPHA is dominating. Scaling in reinforcements...
[2026-05-06 10:11:55,020] INFO: SCANNING: AUDUSD | PRICE: 0.72 | BIAS: BULLISH | ER: 0.75 | VEL: 1.99
[2026-05-06 10:11:55,020] INFO:  >> [GUARD] AUDUSD position already active. Skipping.
[2026-05-06 10:11:55,026] INFO:  >> [HARVESTER] ALPHA is dominating. Scaling in reinforcements...
[2026-05-06 10:12:05,414] INFO: SCANNING: AUDUSD | PRICE: 0.72 | BIAS: BULLISH | ER: 0.75 | VEL: 1.87
[2026-05-06 10:12:05,415] INFO:  >> [GUARD] AUDUSD position already active. Skipping.
[2026-05-06 10:12:05,425] INFO:  >> [HARVESTER] ALPHA is dominating. Scaling in reinforcements...
[2026-05-06 10:12:15,777] INFO: SCANNING: AUDUSD | PRICE: 0.72 | BIAS: BULLISH | ER: 0.75 | VEL: 1.93
[2026-05-06 10:12:15,777] INFO:  >> [GUARD] AUDUSD position already active. Skipping.
[2026-05-06 10:12:15,782] INFO:  >> [HARVESTER] ALPHA is dominating. Scaling in reinforcements...
[2026-05-06 10:12:26,142] INFO: SCANNING: AUDUSD | PRICE: 0.72 | BIAS: BULLISH | ER: 0.75 | VEL: 1.89
[2026-05-06 10:12:26,142] INFO:  >> [GUARD] AUDUSD position already active. Skipping.
[2026-05-06 10:12:26,190] INFO:  >> [HARVESTER] ALPHA is dominating. Scaling in reinforcements...
[2026-05-06 10:12:36,511] INFO: SCANNING: AUDUSD | PRICE: 0.72 | BIAS: BULLISH | ER: 0.75 | VEL: 1.86
[2026-05-06 10:12:36,512] INFO:  >> [GUARD] AUDUSD position already active. Skipping.
[2026-05-06 10:12:36,567] INFO:  >> [HARVESTER] ALPHA is dominating. Scaling in reinforcements...
[2026-05-06 10:12:46,941] INFO: SCANNING: AUDUSD | PRICE: 0.72 | BIAS: BULLISH | ER: 0.75 | VEL: 1.86
[2026-05-06 10:12:46,941] INFO:  >> [GUARD] AUDUSD position already active. Skipping.
[2026-05-06 10:12:46,945] INFO:  >> [HARVESTER] ALPHA is dominating. Scaling in reinforcements...
[2026-05-06 10:12:57,278] INFO: SCANNING: AUDUSD | PRICE: 0.72 | BIAS: BULLISH | ER: 0.75 | VEL: 1.89
[2026-05-06 10:12:57,278] INFO:  >> [GUARD] AUDUSD position already active. Skipping.
[2026-05-06 10:12:57,319] INFO:  >> [HARVESTER] ALPHA is dominating. Scaling in reinforcements...
[2026-05-06 10:13:07,656] INFO: SCANNING: AUDUSD | PRICE: 0.72 | BIAS: BULLISH | ER: 0.75 | VEL: 1.93
[2026-05-06 10:13:07,656] INFO:  >> [GUARD] AUDUSD position already active. Skipping.
[2026-05-06 10:13:07,698] INFO:  >> [HARVESTER] ALPHA is dominating. Scaling in reinforcements...
[2026-05-06 10:13:18,064] INFO: SCANNING: AUDUSD | PRICE: 0.72 | BIAS: BULLISH | ER: 0.75 | VEL: 1.87
[2026-05-06 10:13:18,064] INFO:  >> [GUARD] AUDUSD position already active. Skipping.
[2026-05-06 10:13:18,065] INFO: SCANNING: XAUUSD | PRICE: 4645.11 | BIAS: BULLISH | ER: 0.63 | VEL: 2.54
[2026-05-06 10:13:18,065] INFO:  >> [GUARD] XAUUSD position already active. Skipping.
[2026-05-06 10:13:18,104] INFO:  >> [HARVESTER] ALPHA is dominating. Scaling in reinforcements...
[2026-05-06 10:13:18,104] ERROR:  !! [HARVESTER_ERR] cannot access local variable 'lot' where it is not associated with a value
[2026-05-06 10:13:28,445] INFO: SCANNING: AUDUSD | PRICE: 0.72 | BIAS: BULLISH | ER: 0.75 | VEL: 1.84
[2026-05-06 10:13:28,445] INFO:  >> [GUARD] AUDUSD position already active. Skipping.
[2026-05-06 10:13:28,445] INFO: SCANNING: XAUUSD | PRICE: 4644.94 | BIAS: BULLISH | ER: 0.63 | VEL: 2.51
[2026-05-06 10:13:28,446] INFO:  >> [GUARD] XAUUSD position already active. Skipping.
[2026-05-06 10:13:28,453] INFO:  >> [HARVESTER] ALPHA is dominating. Scaling in reinforcements...
[2026-05-06 10:13:28,453] ERROR:  !! [HARVESTER_ERR] cannot access local variable 'lot' where it is not associated with a value
[2026-05-06 10:13:38,776] INFO: SCANNING: AUDUSD | PRICE: 0.72 | BIAS: BULLISH | ER: 0.74 | VEL: 1.66
[2026-05-06 10:13:38,776] INFO:  >> [GUARD] AUDUSD position already active. Skipping.
[2026-05-06 10:13:38,776] INFO: SCANNING: XAUUSD | PRICE: 4645.34 | BIAS: BULLISH | ER: 0.64 | VEL: 2.57
[2026-05-06 10:13:38,776] INFO:  >> [GUARD] XAUUSD position already active. Skipping.
[2026-05-06 10:13:38,816] INFO:  >> [HARVESTER] ALPHA is dominating. Scaling in reinforcements...
[2026-05-06 10:13:38,816] ERROR:  !! [HARVESTER_ERR] cannot access local variable 'lot' where it is not associated with a value
[2026-05-06 10:13:49,181] INFO: SCANNING: AUDUSD | PRICE: 0.72 | BIAS: BULLISH | ER: 0.74 | VEL: 1.72
[2026-05-06 10:13:49,181] INFO:  >> [GUARD] AUDUSD position already active. Skipping.
[2026-05-06 10:13:49,182] INFO: SCANNING: XAUUSD | PRICE: 4645.76 | BIAS: BULLISH | ER: 0.64 | VEL: 2.62
[2026-05-06 10:13:49,183] INFO:  >> [GUARD] XAUUSD position already active. Skipping.
[2026-05-06 10:13:49,192] INFO:  >> [HARVESTER] ALPHA is dominating. Scaling in reinforcements...
[2026-05-06 10:13:49,192] ERROR:  !! [HARVESTER_ERR] cannot access local variable 'lot' where it is not associated with a value
[2026-05-06 10:13:59,513] INFO: SCANNING: AUDUSD | PRICE: 0.72 | BIAS: BULLISH | ER: 0.74 | VEL: 1.8
[2026-05-06 10:13:59,514] INFO:  >> [GUARD] AUDUSD position already active. Skipping.
[2026-05-06 10:13:59,515] INFO: SCANNING: XAUUSD | PRICE: 4645.95 | BIAS: BULLISH | ER: 0.64 | VEL: 2.65
[2026-05-06 10:13:59,515] INFO:  >> [GUARD] XAUUSD position already active. Skipping.
[2026-05-06 10:13:59,560] INFO:  >> [HARVESTER] ALPHA is dominating. Scaling in reinforcements...
[2026-05-06 10:13:59,560] ERROR:  !! [HARVESTER_ERR] cannot access local variable 'lot' where it is not associated with a value
[2026-05-06 10:14:09,883] INFO: SCANNING: AUDUSD | PRICE: 0.72 | BIAS: BULLISH | ER: 0.75 | VEL: 2.01
[2026-05-06 10:14:09,883] INFO:  >> [GUARD] AUDUSD position already active. Skipping.
[2026-05-06 10:14:09,883] INFO: SCANNING: XAUUSD | PRICE: 4649.96 | BIAS: BULLISH | ER: 0.65 | VEL: 2.93
[2026-05-06 10:14:09,883] INFO:  >> [GUARD] XAUUSD position already active. Skipping.
[2026-05-06 10:14:09,923] INFO:  >> [HARVESTER] ALPHA is dominating. Scaling in reinforcements...
[2026-05-06 10:14:09,923] ERROR:  !! [HARVESTER_ERR] cannot access local variable 'lot' where it is not associated with a value
[2026-05-06 10:14:20,253] INFO: SCANNING: AUDUSD | PRICE: 0.72 | BIAS: BULLISH | ER: 0.75 | VEL: 1.99
[2026-05-06 10:14:20,253] INFO:  >> [GUARD] AUDUSD position already active. Skipping.
[2026-05-06 10:14:20,253] INFO: SCANNING: XAUUSD | PRICE: 4649.72 | BIAS: BULLISH | ER: 0.65 | VEL: 2.87
[2026-05-06 10:14:20,254] INFO:  >> [GUARD] XAUUSD position already active. Skipping.
[2026-05-06 10:14:20,258] INFO:  >> [HARVESTER] ALPHA is dominating. Scaling in reinforcements...
[2026-05-06 10:14:20,258] ERROR:  !! [HARVESTER_ERR] cannot access local variable 'lot' where it is not associated with a value
[2026-05-06 10:14:30,583] INFO: SCANNING: AUDUSD | PRICE: 0.72 | BIAS: BULLISH | ER: 0.75 | VEL: 1.87
[2026-05-06 10:14:30,584] INFO:  >> [GUARD] AUDUSD position already active. Skipping.
[2026-05-06 10:14:30,584] INFO: SCANNING: XAUUSD | PRICE: 4649.45 | BIAS: BULLISH | ER: 0.65 | VEL: 2.84
[2026-05-06 10:14:30,584] INFO:  >> [GUARD] XAUUSD position already active. Skipping.
[2026-05-06 10:14:30,589] INFO:  >> [HARVESTER] ALPHA is dominating. Scaling in reinforcements...
[2026-05-06 10:14:30,589] ERROR:  !! [HARVESTER_ERR] cannot access local variable 'lot' where it is not associated with a value
[2026-05-06 10:14:40,921] INFO: SCANNING: AUDUSD | PRICE: 0.72 | BIAS: BULLISH | ER: 0.74 | VEL: 1.8
[2026-05-06 10:14:40,923] INFO:  >> [GUARD] AUDUSD position already active. Skipping.
[2026-05-06 10:14:40,923] INFO: SCANNING: XAUUSD | PRICE: 4648.27 | BIAS: BULLISH | ER: 0.64 | VEL: 2.69
[2026-05-06 10:14:40,923] INFO:  >> [GUARD] XAUUSD position already active. Skipping.
[2026-05-06 10:14:40,928] INFO:  >> [HARVESTER] ALPHA is dominating. Scaling in reinforcements...
[2026-05-06 10:14:40,928] ERROR:  !! [HARVESTER_ERR] cannot access local variable 'lot' where it is not associated with a value
[2026-05-06 10:14:51,241] INFO: SCANNING: AUDUSD | PRICE: 0.72 | BIAS: BULLISH | ER: 0.74 | VEL: 1.76
[2026-05-06 10:14:51,241] INFO:  >> [GUARD] AUDUSD position already active. Skipping.
[2026-05-06 10:14:51,241] INFO: SCANNING: XAUUSD | PRICE: 4647.93 | BIAS: BULLISH | ER: 0.64 | VEL: 2.65
[2026-05-06 10:14:51,243] INFO:  >> [GUARD] XAUUSD position already active. Skipping.
[2026-05-06 10:14:51,246] INFO:  >> [HARVESTER] ALPHA is dominating. Scaling in reinforcements...
[2026-05-06 10:14:51,247] ERROR:  !! [HARVESTER_ERR] cannot access local variable 'lot' where it is not associated with a value
[2026-05-06 10:15:01,623] INFO: SCANNING: AUDUSD | PRICE: 0.72 | BIAS: BULLISH | ER: 0.76 | VEL: 1.96
[2026-05-06 10:15:01,623] INFO:  >> [GUARD] AUDUSD position already active. Skipping.
[2026-05-06 10:15:01,623] INFO: SCANNING: XAUUSD | PRICE: 4647.73 | BIAS: BULLISH | ER: 0.62 | VEL: 1.93
[2026-05-06 10:15:01,623] INFO:  >> [GUARD] XAUUSD position already active. Skipping.
[2026-05-06 10:15:01,628] INFO:  >> [HARVESTER] ALPHA is dominating. Scaling in reinforcements...
[2026-05-06 10:15:01,628] ERROR:  !! [HARVESTER_ERR] cannot access local variable 'lot' where it is not associated with a value
[2026-05-06 10:15:11,945] INFO: SCANNING: AUDUSD | PRICE: 0.72 | BIAS: BULLISH | ER: 0.76 | VEL: 1.95
[2026-05-06 10:15:11,945] INFO:  >> [GUARD] AUDUSD position already active. Skipping.
[2026-05-06 10:15:11,945] INFO: SCANNING: XAUUSD | PRICE: 4647.22 | BIAS: BULLISH | ER: 0.62 | VEL: 1.83
[2026-05-06 10:15:11,945] INFO:  >> [GUARD] XAUUSD position already active. Skipping.
[2026-05-06 10:15:11,951] INFO:  >> [HARVESTER] ALPHA is dominating. Scaling in reinforcements...
[2026-05-06 10:15:11,951] ERROR:  !! [HARVESTER_ERR] cannot access local variable 'lot' where it is not associated with a value
[2026-05-06 10:15:22,278] INFO: SCANNING: AUDUSD | PRICE: 0.72 | BIAS: BULLISH | ER: 0.76 | VEL: 1.9
[2026-05-06 10:15:22,279] INFO:  >> [GUARD] AUDUSD position already active. Skipping.
[2026-05-06 10:15:22,279] INFO: SCANNING: XAUUSD | PRICE: 4647.34 | BIAS: BULLISH | ER: 0.62 | VEL: 1.85
[2026-05-06 10:15:22,279] INFO:  >> [GUARD] XAUUSD position already active. Skipping.
[2026-05-06 10:15:22,285] INFO:  >> [HARVESTER] ALPHA is dominating. Scaling in reinforcements...
[2026-05-06 10:15:22,285] ERROR:  !! [HARVESTER_ERR] cannot access local variable 'lot' where it is not associated with a value
[2026-05-06 10:15:32,606] INFO: SCANNING: AUDUSD | PRICE: 0.72 | BIAS: BULLISH | ER: 0.76 | VEL: 1.94
[2026-05-06 10:15:32,606] INFO:  >> [GUARD] AUDUSD position already active. Skipping.
[2026-05-06 10:15:32,607] INFO: SCANNING: XAUUSD | PRICE: 4647.59 | BIAS: BULLISH | ER: 0.62 | VEL: 1.88
[2026-05-06 10:15:32,607] INFO:  >> [GUARD] XAUUSD position already active. Skipping.
[2026-05-06 10:15:32,612] INFO:  >> [HARVESTER] ALPHA is dominating. Scaling in reinforcements...
[2026-05-06 10:15:32,612] ERROR:  !! [HARVESTER_ERR] cannot access local variable 'lot' where it is not associated with a value
[2026-05-06 10:15:42,951] INFO: SCANNING: AUDUSD | PRICE: 0.72 | BIAS: BULLISH | ER: 0.75 | VEL: 1.8
[2026-05-06 10:15:42,953] INFO:  >> [GUARD] AUDUSD position already active. Skipping.
[2026-05-06 10:15:42,954] INFO: SCANNING: XAUUSD | PRICE: 4647.32 | BIAS: BULLISH | ER: 0.62 | VEL: 1.85
[2026-05-06 10:15:42,954] INFO:  >> [GUARD] XAUUSD position already active. Skipping.
[2026-05-06 10:15:42,959] INFO:  >> [HARVESTER] ALPHA is dominating. Scaling in reinforcements...
[2026-05-06 10:15:42,959] ERROR:  !! [HARVESTER_ERR] cannot access local variable 'lot' where it is not associated with a value
[2026-05-06 10:15:53,277] INFO: SCANNING: AUDUSD | PRICE: 0.72 | BIAS: BULLISH | ER: 0.75 | VEL: 1.83
[2026-05-06 10:15:53,278] INFO:  >> [GUARD] AUDUSD position already active. Skipping.
[2026-05-06 10:15:53,278] INFO: SCANNING: XAUUSD | PRICE: 4647.28 | BIAS: BULLISH | ER: 0.62 | VEL: 1.84
[2026-05-06 10:15:53,279] INFO:  >> [GUARD] XAUUSD position already active. Skipping.
[2026-05-06 10:15:53,283] INFO:  >> [HARVESTER] ALPHA is dominating. Scaling in reinforcements...
[2026-05-06 10:15:53,283] ERROR:  !! [HARVESTER_ERR] cannot access local variable 'lot' where it is not associated with a value
[2026-05-06 10:16:03,640] INFO: SCANNING: AUDUSD | PRICE: 0.72 | BIAS: BULLISH | ER: 0.75 | VEL: 1.78
[2026-05-06 10:16:03,640] INFO:  >> [GUARD] AUDUSD position already active. Skipping.
[2026-05-06 10:16:03,640] INFO: SCANNING: XAUUSD | PRICE: 4648.86 | BIAS: BULLISH | ER: 0.63 | VEL: 1.99
[2026-05-06 10:16:03,640] INFO:  >> [GUARD] XAUUSD position already active. Skipping.
[2026-05-06 10:16:03,645] INFO:  >> [HARVESTER] ALPHA is dominating. Scaling in reinforcements...
[2026-05-06 10:16:03,645] ERROR:  !! [HARVESTER_ERR] cannot access local variable 'lot' where it is not associated with a value
[2026-05-06 10:16:13,965] INFO: SCANNING: AUDUSD | PRICE: 0.72 | BIAS: BULLISH | ER: 0.77 | VEL: 2.02
[2026-05-06 10:16:13,965] INFO:  >> [GUARD] AUDUSD position already active. Skipping.
[2026-05-06 10:16:13,966] INFO: SCANNING: XAUUSD | PRICE: 4648.63 | BIAS: BULLISH | ER: 0.63 | VEL: 1.97
[2026-05-06 10:16:13,966] INFO:  >> [GUARD] XAUUSD position already active. Skipping.
[2026-05-06 10:16:13,970] INFO:  >> [HARVESTER] ALPHA is dominating. Scaling in reinforcements...
[2026-05-06 10:16:13,971] ERROR:  !! [HARVESTER_ERR] cannot access local variable 'lot' where it is not associated with a value
[2026-05-06 10:16:24,321] INFO: SCANNING: AUDUSD | PRICE: 0.72 | BIAS: BULLISH | ER: 0.76 | VEL: 1.88
[2026-05-06 10:16:24,321] INFO:  >> [GUARD] AUDUSD position already active. Skipping.
[2026-05-06 10:16:24,321] INFO: SCANNING: XAUUSD | PRICE: 4647.75 | BIAS: BULLISH | ER: 0.62 | VEL: 1.85
[2026-05-06 10:16:24,323] INFO:  >> [GUARD] XAUUSD position already active. Skipping.
[2026-05-06 10:16:24,327] INFO:  >> [HARVESTER] ALPHA is dominating. Scaling in reinforcements...
[2026-05-06 10:16:24,327] ERROR:  !! [HARVESTER_ERR] cannot access local variable 'lot' where it is not associated with a value
[2026-05-06 10:16:34,679] INFO: SCANNING: AUDUSD | PRICE: 0.72 | BIAS: BULLISH | ER: 0.75 | VEL: 1.83
[2026-05-06 10:16:34,681] INFO:  >> [GUARD] AUDUSD position already active. Skipping.
[2026-05-06 10:16:34,681] INFO: SCANNING: XAUUSD | PRICE: 4647.53 | BIAS: BULLISH | ER: 0.62 | VEL: 1.82
[2026-05-06 10:16:34,681] INFO:  >> [GUARD] XAUUSD position already active. Skipping.
[2026-05-06 10:16:34,686] INFO:  >> [HARVESTER] ALPHA is dominating. Scaling in reinforcements...
[2026-05-06 10:16:34,686] ERROR:  !! [HARVESTER_ERR] cannot access local variable 'lot' where it is not associated with a value
[2026-05-06 10:16:45,040] INFO: SCANNING: AUDUSD | PRICE: 0.72 | BIAS: BULLISH | ER: 0.75 | VEL: 1.78
[2026-05-06 10:16:45,040] INFO:  >> [GUARD] AUDUSD position already active. Skipping.
[2026-05-06 10:16:45,040] INFO: SCANNING: XAUUSD | PRICE: 4646.49 | BIAS: BULLISH | ER: 0.61 | VEL: 1.67
[2026-05-06 10:16:45,040] INFO:  >> [GUARD] XAUUSD position already active. Skipping.
[2026-05-06 10:16:45,097] INFO:  >> [HARVESTER] ALPHA is dominating. Scaling in reinforcements...
[2026-05-06 10:16:45,098] ERROR:  !! [HARVESTER_ERR] cannot access local variable 'lot' where it is not associated with a value
[2026-05-06 10:16:55,424] INFO: SCANNING: AUDUSD | PRICE: 0.72 | BIAS: BULLISH | ER: 0.74 | VEL: 1.71
[2026-05-06 10:16:55,424] INFO:  >> [GUARD] AUDUSD position already active. Skipping.
[2026-05-06 10:16:55,426] INFO: SCANNING: XAUUSD | PRICE: 4647.61 | BIAS: BULLISH | ER: 0.62 | VEL: 1.81
[2026-05-06 10:16:55,426] INFO:  >> [GUARD] XAUUSD position already active. Skipping.
[2026-05-06 10:16:55,430] INFO:  >> [HARVESTER] ALPHA is dominating. Scaling in reinforcements...
[2026-05-06 10:16:55,430] ERROR:  !! [HARVESTER_ERR] cannot access local variable 'lot' where it is not associated with a value
[2026-05-06 10:17:05,753] INFO: SCANNING: AUDUSD | PRICE: 0.72 | BIAS: BULLISH | ER: 0.74 | VEL: 1.7
[2026-05-06 10:17:05,753] INFO:  >> [GUARD] AUDUSD position already active. Skipping.
[2026-05-06 10:17:05,754] INFO: SCANNING: XAUUSD | PRICE: 4647.26 | BIAS: BULLISH | ER: 0.62 | VEL: 1.76
[2026-05-06 10:17:05,754] INFO:  >> [GUARD] XAUUSD position already active. Skipping.
[2026-05-06 10:17:05,759] INFO:  >> [HARVESTER] ALPHA is dominating. Scaling in reinforcements...
[2026-05-06 10:17:05,759] ERROR:  !! [HARVESTER_ERR] cannot access local variable 'lot' where it is not associated with a value
[2026-05-06 10:17:16,088] INFO: SCANNING: AUDUSD | PRICE: 0.72 | BIAS: BULLISH | ER: 0.74 | VEL: 1.65
[2026-05-06 10:17:16,088] INFO:  >> [GUARD] AUDUSD position already active. Skipping.
[2026-05-06 10:17:16,088] INFO: SCANNING: XAUUSD | PRICE: 4646.98 | BIAS: BULLISH | ER: 0.62 | VEL: 1.73
[2026-05-06 10:17:16,088] INFO:  >> [GUARD] XAUUSD position already active. Skipping.
[2026-05-06 10:17:16,128] INFO:  >> [HARVESTER] ALPHA is dominating. Scaling in reinforcements...
[2026-05-06 10:17:16,128] ERROR:  !! [HARVESTER_ERR] cannot access local variable 'lot' where it is not associated with a value
[2026-05-06 10:17:26,486] INFO: SCANNING: AUDUSD | PRICE: 0.72 | BIAS: BULLISH | ER: 0.76 | VEL: 1.83
[2026-05-06 10:17:26,486] INFO:  >> [GUARD] AUDUSD position already active. Skipping.
[2026-05-06 10:17:26,487] INFO: SCANNING: XAUUSD | PRICE: 4646.84 | BIAS: BULLISH | ER: 0.61 | VEL: 1.71
[2026-05-06 10:17:26,487] INFO:  >> [GUARD] XAUUSD position already active. Skipping.
[2026-05-06 10:17:26,527] INFO:  >> [HARVESTER] ALPHA is dominating. Scaling in reinforcements...
[2026-05-06 10:17:26,527] ERROR:  !! [HARVESTER_ERR] cannot access local variable 'lot' where it is not associated with a value
[2026-05-06 10:17:36,876] INFO: SCANNING: AUDUSD | PRICE: 0.72 | BIAS: BULLISH | ER: 0.76 | VEL: 1.83
[2026-05-06 10:17:36,877] INFO:  >> [GUARD] AUDUSD position already active. Skipping.
[2026-05-06 10:17:36,877] INFO: SCANNING: XAUUSD | PRICE: 4647.23 | BIAS: BULLISH | ER: 0.62 | VEL: 1.76
[2026-05-06 10:17:36,877] INFO:  >> [GUARD] XAUUSD position already active. Skipping.
[2026-05-06 10:17:36,882] INFO:  >> [HARVESTER] ALPHA is dominating. Scaling in reinforcements...
[2026-05-06 10:17:36,882] ERROR:  !! [HARVESTER_ERR] cannot access local variable 'lot' where it is not associated with a value
[2026-05-06 10:17:47,202] INFO: SCANNING: AUDUSD | PRICE: 0.72 | BIAS: BULLISH | ER: 0.75 | VEL: 1.81
[2026-05-06 10:17:47,202] INFO:  >> [GUARD] AUDUSD position already active. Skipping.
[2026-05-06 10:17:47,204] INFO: SCANNING: XAUUSD | PRICE: 4647.36 | BIAS: BULLISH | ER: 0.62 | VEL: 1.78
[2026-05-06 10:17:47,205] INFO:  >> [GUARD] XAUUSD position already active. Skipping.
[2026-05-06 10:17:47,251] INFO:  >> [HARVESTER] ALPHA is dominating. Scaling in reinforcements...
[2026-05-06 10:17:47,251] ERROR:  !! [HARVESTER_ERR] cannot access local variable 'lot' where it is not associated with a value
[2026-05-06 10:17:57,571] INFO: SCANNING: AUDUSD | PRICE: 0.72 | BIAS: BULLISH | ER: 0.75 | VEL: 1.74
[2026-05-06 10:17:57,571] INFO:  >> [GUARD] AUDUSD position already active. Skipping.
[2026-05-06 10:17:57,571] INFO: SCANNING: XAUUSD | PRICE: 4647.78 | BIAS: BULLISH | ER: 0.63 | VEL: 1.83
[2026-05-06 10:17:57,571] INFO:  >> [GUARD] XAUUSD position already active. Skipping.
[2026-05-06 10:17:57,578] INFO:  >> [HARVESTER] ALPHA is dominating. Scaling in reinforcements...
[2026-05-06 10:17:57,578] ERROR:  !! [HARVESTER_ERR] cannot access local variable 'lot' where it is not associated with a value
[2026-05-06 10:18:07,936] INFO: SCANNING: AUDUSD | PRICE: 0.72 | BIAS: BULLISH | ER: 0.76 | VEL: 1.9
[2026-05-06 10:18:07,936] INFO:  >> [GUARD] AUDUSD position already active. Skipping.
[2026-05-06 10:18:07,937] INFO: SCANNING: XAUUSD | PRICE: 4647.62 | BIAS: BULLISH | ER: 0.62 | VEL: 1.81
[2026-05-06 10:18:07,937] INFO:  >> [GUARD] XAUUSD position already active. Skipping.
[2026-05-06 10:18:07,947] INFO:  >> [HARVESTER] ALPHA is dominating. Scaling in reinforcements...
[2026-05-06 10:18:07,948] ERROR:  !! [HARVESTER_ERR] cannot access local variable 'lot' where it is not associated with a value
[2026-05-06 10:18:18,300] INFO: SCANNING: AUDUSD | PRICE: 0.72 | BIAS: BULLISH | ER: 0.76 | VEL: 1.85
[2026-05-06 10:18:18,301] INFO:  >> [GUARD] AUDUSD position already active. Skipping.
[2026-05-06 10:18:18,301] INFO: SCANNING: XAUUSD | PRICE: 4648.24 | BIAS: BULLISH | ER: 0.63 | VEL: 1.89
[2026-05-06 10:18:18,301] INFO:  >> [GUARD] XAUUSD position already active. Skipping.
[2026-05-06 10:18:18,339] INFO:  >> [HARVESTER] ALPHA is dominating. Scaling in reinforcements...
[2026-05-06 10:18:18,340] ERROR:  !! [HARVESTER_ERR] cannot access local variable 'lot' where it is not associated with a value
[2026-05-06 10:18:28,692] INFO: SCANNING: AUDUSD | PRICE: 0.72 | BIAS: BULLISH | ER: 0.76 | VEL: 1.88
[2026-05-06 10:18:28,693] INFO:  >> [GUARD] AUDUSD position already active. Skipping.
[2026-05-06 10:18:28,693] INFO: SCANNING: XAUUSD | PRICE: 4648.69 | BIAS: BULLISH | ER: 0.63 | VEL: 1.95
[2026-05-06 10:18:28,693] INFO:  >> [GUARD] XAUUSD position already active. Skipping.
[2026-05-06 10:18:28,700] INFO:  >> [HARVESTER] ALPHA is dominating. Scaling in reinforcements...
[2026-05-06 10:18:28,700] ERROR:  !! [HARVESTER_ERR] cannot access local variable 'lot' where it is not associated with a value
[2026-05-06 10:18:39,069] INFO: SCANNING: AUDUSD | PRICE: 0.72 | BIAS: BULLISH | ER: 0.76 | VEL: 1.9
[2026-05-06 10:18:39,070] INFO:  >> [GUARD] AUDUSD position already active. Skipping.
[2026-05-06 10:18:39,070] INFO: SCANNING: XAUUSD | PRICE: 4649.12 | BIAS: BULLISH | ER: 0.63 | VEL: 2.0
[2026-05-06 10:18:39,070] INFO:  >> [GUARD] XAUUSD position already active. Skipping.
[2026-05-06 10:18:39,115] INFO:  >> [HARVESTER] ALPHA is dominating. Scaling in reinforcements...
[2026-05-06 10:18:39,115] ERROR:  !! [HARVESTER_ERR] cannot access local variable 'lot' where it is not associated with a value
[2026-05-06 10:18:49,441] INFO: SCANNING: AUDUSD | PRICE: 0.72 | BIAS: BULLISH | ER: 0.77 | VEL: 1.92
[2026-05-06 10:18:49,442] INFO:  >> [GUARD] AUDUSD position already active. Skipping.
[2026-05-06 10:18:49,442] INFO: SCANNING: XAUUSD | PRICE: 4650.19 | BIAS: BULLISH | ER: 0.63 | VEL: 2.08
[2026-05-06 10:18:49,442] INFO:  >> [GUARD] XAUUSD position already active. Skipping.
[2026-05-06 10:18:49,473] INFO:  >> [HARVESTER] ALPHA is dominating. Scaling in reinforcements...
[2026-05-06 10:18:49,474] ERROR:  !! [HARVESTER_ERR] cannot access local variable 'lot' where it is not associated with a value
[2026-05-06 10:18:59,831] INFO: SCANNING: AUDUSD | PRICE: 0.72 | BIAS: BULLISH | ER: 0.77 | VEL: 1.97
[2026-05-06 10:18:59,831] INFO:  >> [GUARD] AUDUSD position already active. Skipping.
[2026-05-06 10:18:59,832] INFO: SCANNING: XAUUSD | PRICE: 4649.50 | BIAS: BULLISH | ER: 0.63 | VEL: 2.0
[2026-05-06 10:18:59,832] INFO:  >> [GUARD] XAUUSD position already active. Skipping.
[2026-05-06 10:18:59,835] INFO:  >> [HARVESTER] ALPHA is dominating. Scaling in reinforcements...
[2026-05-06 10:18:59,835] ERROR:  !! [HARVESTER_ERR] cannot access local variable 'lot' where it is not associated with a value
[2026-05-06 10:19:10,157] INFO: SCANNING: AUDUSD | PRICE: 0.72 | BIAS: BULLISH | ER: 0.77 | VEL: 1.97
[2026-05-06 10:19:10,157] INFO:  >> [GUARD] AUDUSD position already active. Skipping.
[2026-05-06 10:19:10,157] INFO: SCANNING: XAUUSD | PRICE: 4649.56 | BIAS: BULLISH | ER: 0.63 | VEL: 2.0
[2026-05-06 10:19:10,158] INFO:  >> [GUARD] XAUUSD position already active. Skipping.
[2026-05-06 10:19:10,161] INFO:  >> [HARVESTER] ALPHA is dominating. Scaling in reinforcements...
[2026-05-06 10:19:10,161] ERROR:  !! [HARVESTER_ERR] cannot access local variable 'lot' where it is not associated with a value
[2026-05-06 10:19:20,474] INFO: SCANNING: AUDUSD | PRICE: 0.72 | BIAS: BULLISH | ER: 0.77 | VEL: 1.97
[2026-05-06 10:19:20,474] INFO:  >> [GUARD] AUDUSD position already active. Skipping.
[2026-05-06 10:19:20,476] INFO: SCANNING: XAUUSD | PRICE: 4649.85 | BIAS: BULLISH | ER: 0.63 | VEL: 2.04
[2026-05-06 10:19:20,476] INFO:  >> [GUARD] XAUUSD position already active. Skipping.
[2026-05-06 10:19:20,525] INFO:  >> [HARVESTER] ALPHA is dominating. Scaling in reinforcements...
[2026-05-06 10:19:20,526] ERROR:  !! [HARVESTER_ERR] cannot access local variable 'lot' where it is not associated with a value
[2026-05-06 10:19:30,839] INFO: SCANNING: AUDUSD | PRICE: 0.72 | BIAS: BULLISH | ER: 0.77 | VEL: 1.95
[2026-05-06 10:19:30,839] INFO:  >> [GUARD] AUDUSD position already active. Skipping.
[2026-05-06 10:19:30,840] INFO: SCANNING: XAUUSD | PRICE: 4649.84 | BIAS: BULLISH | ER: 0.63 | VEL: 2.04
[2026-05-06 10:19:30,840] INFO:  >> [GUARD] XAUUSD position already active. Skipping.
[2026-05-06 10:19:30,845] INFO:  >> [HARVESTER] ALPHA is dominating. Scaling in reinforcements...
[2026-05-06 10:19:30,845] ERROR:  !! [HARVESTER_ERR] cannot access local variable 'lot' where it is not associated with a value
[2026-05-06 10:19:41,164] INFO: SCANNING: AUDUSD | PRICE: 0.72 | BIAS: BULLISH | ER: 0.77 | VEL: 1.97
[2026-05-06 10:19:41,165] INFO:  >> [GUARD] AUDUSD position already active. Skipping.
[2026-05-06 10:19:41,166] INFO: SCANNING: XAUUSD | PRICE: 4650.10 | BIAS: BULLISH | ER: 0.63 | VEL: 2.07
[2026-05-06 10:19:41,166] INFO:  >> [GUARD] XAUUSD position already active. Skipping.
[2026-05-06 10:19:41,182] INFO:  >> [HARVESTER] ALPHA is dominating. Scaling in reinforcements...
[2026-05-06 10:19:41,183] ERROR:  !! [HARVESTER_ERR] cannot access local variable 'lot' where it is not associated with a value
[2026-05-06 10:19:51,549] INFO: SCANNING: AUDUSD | PRICE: 0.72 | BIAS: BULLISH | ER: 0.77 | VEL: 1.95
[2026-05-06 10:19:51,549] INFO:  >> [GUARD] AUDUSD position already active. Skipping.
[2026-05-06 10:19:51,549] INFO: SCANNING: XAUUSD | PRICE: 4649.65 | BIAS: BULLISH | ER: 0.63 | VEL: 2.02
[2026-05-06 10:19:51,550] INFO:  >> [GUARD] XAUUSD position already active. Skipping.
[2026-05-06 10:19:51,565] INFO:  >> [HARVESTER] ALPHA is dominating. Scaling in reinforcements...
[2026-05-06 10:19:51,565] ERROR:  !! [HARVESTER_ERR] cannot access local variable 'lot' where it is not associated with a value
[2026-05-06 10:20:01,893] INFO: SCANNING: AUDUSD | PRICE: 0.72 | BIAS: BULLISH | ER: 0.77 | VEL: 2.04
[2026-05-06 10:20:01,893] INFO:  >> [GUARD] AUDUSD position already active. Skipping.
[2026-05-06 10:20:01,893] INFO: SCANNING: XAUUSD | PRICE: 4649.78 | BIAS: BULLISH | ER: 0.63 | VEL: 2.03
[2026-05-06 10:20:01,894] INFO:  >> [GUARD] XAUUSD position already active. Skipping.
[2026-05-06 10:20:01,897] INFO:  >> [HARVESTER] ALPHA is dominating. Scaling in reinforcements...
[2026-05-06 10:20:01,898] ERROR:  !! [HARVESTER_ERR] cannot access local variable 'lot' where it is not associated with a value
[2026-05-06 10:20:12,261] INFO: SCANNING: AUDUSD | PRICE: 0.72 | BIAS: BULLISH | ER: 0.77 | VEL: 2.11
[2026-05-06 10:20:12,261] INFO:  >> [GUARD] AUDUSD position already active. Skipping.
[2026-05-06 10:20:12,261] INFO: SCANNING: XAUUSD | PRICE: 4651.29 | BIAS: BULLISH | ER: 0.64 | VEL: 2.19
[2026-05-06 10:20:12,261] INFO:  >> [GUARD] XAUUSD position already active. Skipping.
[2026-05-06 10:20:12,268] INFO:  >> [HARVESTER] ALPHA is dominating. Scaling in reinforcements...
[2026-05-06 10:20:12,268] ERROR:  !! [HARVESTER_ERR] cannot access local variable 'lot' where it is not associated with a value
[2026-05-06 10:20:22,595] INFO: SCANNING: AUDUSD | PRICE: 0.72 | BIAS: BULLISH | ER: 0.77 | VEL: 2.13
[2026-05-06 10:20:22,595] INFO:  >> [GUARD] AUDUSD position already active. Skipping.
[2026-05-06 10:20:22,595] INFO: SCANNING: XAUUSD | PRICE: 4649.80 | BIAS: BULLISH | ER: 0.63 | VEL: 2.0
[2026-05-06 10:20:22,596] INFO:  >> [GUARD] XAUUSD position already active. Skipping.
[2026-05-06 10:20:22,688] INFO:  >> [HARVESTER] ALPHA is dominating. Scaling in reinforcements...
[2026-05-06 10:20:22,689] ERROR:  !! [HARVESTER_ERR] cannot access local variable 'lot' where it is not associated with a value
[2026-05-06 10:20:33,038] INFO: SCANNING: AUDUSD | PRICE: 0.72 | BIAS: BULLISH | ER: 0.77 | VEL: 2.14
[2026-05-06 10:20:33,038] INFO:  >> [GUARD] AUDUSD position already active. Skipping.
[2026-05-06 10:20:33,038] INFO: SCANNING: XAUUSD | PRICE: 4649.96 | BIAS: BULLISH | ER: 0.63 | VEL: 2.02
[2026-05-06 10:20:33,039] INFO:  >> [GUARD] XAUUSD position already active. Skipping.
[2026-05-06 10:20:33,079] INFO:  >> [HARVESTER] ALPHA is dominating. Scaling in reinforcements...
[2026-05-06 10:20:33,079] ERROR:  !! [HARVESTER_ERR] cannot access local variable 'lot' where it is not associated with a value
[2026-05-06 10:20:43,458] INFO: SCANNING: AUDUSD | PRICE: 0.72 | BIAS: BULLISH | ER: 0.77 | VEL: 2.12
[2026-05-06 10:20:43,458] INFO:  >> [GUARD] AUDUSD position already active. Skipping.
[2026-05-06 10:20:43,459] INFO: SCANNING: XAUUSD | PRICE: 4649.44 | BIAS: BULLISH | ER: 0.63 | VEL: 1.96
[2026-05-06 10:20:43,460] INFO:  >> [GUARD] XAUUSD position already active. Skipping.
[2026-05-06 10:20:43,466] INFO:  >> [HARVESTER] ALPHA is dominating. Scaling in reinforcements...
[2026-05-06 10:20:43,466] ERROR:  !! [HARVESTER_ERR] cannot access local variable 'lot' where it is not associated with a value
[2026-05-06 10:20:53,786] INFO: SCANNING: AUDUSD | PRICE: 0.72 | BIAS: BULLISH | ER: 0.77 | VEL: 2.12
[2026-05-06 10:20:53,787] INFO:  >> [GUARD] AUDUSD position already active. Skipping.
[2026-05-06 10:20:53,787] INFO: SCANNING: XAUUSD | PRICE: 4649.60 | BIAS: BULLISH | ER: 0.63 | VEL: 1.98
[2026-05-06 10:20:53,787] INFO:  >> [GUARD] XAUUSD position already active. Skipping.
[2026-05-06 10:20:53,861] INFO:  >> [HARVESTER] ALPHA is dominating. Scaling in reinforcements...
[2026-05-06 10:20:53,861] ERROR:  !! [HARVESTER_ERR] cannot access local variable 'lot' where it is not associated with a value
[2026-05-06 10:21:04,226] INFO: SCANNING: AUDUSD | PRICE: 0.72 | BIAS: BULLISH | ER: 0.77 | VEL: 2.01
[2026-05-06 10:21:04,226] INFO:  >> [GUARD] AUDUSD position already active. Skipping.
[2026-05-06 10:21:04,227] INFO: SCANNING: XAUUSD | PRICE: 4649.35 | BIAS: BULLISH | ER: 0.63 | VEL: 1.95
[2026-05-06 10:21:04,227] INFO:  >> [GUARD] XAUUSD position already active. Skipping.
[2026-05-06 10:21:04,230] INFO:  >> [HARVESTER] ALPHA is dominating. Scaling in reinforcements...
[2026-05-06 10:21:04,230] ERROR:  !! [HARVESTER_ERR] cannot access local variable 'lot' where it is not associated with a value
[2026-05-06 10:21:14,607] INFO: SCANNING: AUDUSD | PRICE: 0.72 | BIAS: BULLISH | ER: 0.77 | VEL: 2.05
[2026-05-06 10:21:14,607] INFO:  >> [GUARD] AUDUSD position already active. Skipping.
[2026-05-06 10:21:14,608] INFO: SCANNING: XAUUSD | PRICE: 4649.10 | BIAS: BULLISH | ER: 0.63 | VEL: 1.92
[2026-05-06 10:21:14,608] INFO:  >> [GUARD] XAUUSD position already active. Skipping.
[2026-05-06 10:21:14,612] INFO:  >> [HARVESTER] ALPHA is dominating. Scaling in reinforcements...
[2026-05-06 10:21:14,612] ERROR:  !! [HARVESTER_ERR] cannot access local variable 'lot' where it is not associated with a value
[2026-05-06 10:21:24,926] INFO: SCANNING: AUDUSD | PRICE: 0.72 | BIAS: BULLISH | ER: 0.77 | VEL: 2.03
[2026-05-06 10:21:24,926] INFO:  >> [GUARD] AUDUSD position already active. Skipping.
[2026-05-06 10:21:24,926] INFO: SCANNING: XAUUSD | PRICE: 4648.67 | BIAS: BULLISH | ER: 0.63 | VEL: 1.86
[2026-05-06 10:21:24,927] INFO:  >> [GUARD] XAUUSD position already active. Skipping.
[2026-05-06 10:21:24,930] INFO:  >> [HARVESTER] ALPHA is dominating. Scaling in reinforcements...
[2026-05-06 10:21:24,931] ERROR:  !! [HARVESTER_ERR] cannot access local variable 'lot' where it is not associated with a value
[2026-05-06 10:21:35,282] INFO: SCANNING: AUDUSD | PRICE: 0.72 | BIAS: BULLISH | ER: 0.77 | VEL: 1.99
[2026-05-06 10:21:35,282] INFO:  >> [GUARD] AUDUSD position already active. Skipping.
[2026-05-06 10:21:35,284] INFO: SCANNING: XAUUSD | PRICE: 4648.67 | BIAS: BULLISH | ER: 0.63 | VEL: 1.87
[2026-05-06 10:21:35,284] INFO:  >> [GUARD] XAUUSD position already active. Skipping.
[2026-05-06 10:21:35,287] INFO:  >> [HARVESTER] ALPHA is dominating. Scaling in reinforcements...
[2026-05-06 10:21:35,287] ERROR:  !! [HARVESTER_ERR] cannot access local variable 'lot' where it is not associated with a value
[2026-05-06 10:21:45,630] INFO: SCANNING: AUDUSD | PRICE: 0.72 | BIAS: BULLISH | ER: 0.77 | VEL: 2.01
[2026-05-06 10:21:45,630] INFO:  >> [GUARD] AUDUSD position already active. Skipping.
[2026-05-06 10:21:45,632] INFO: SCANNING: XAUUSD | PRICE: 4648.61 | BIAS: BULLISH | ER: 0.63 | VEL: 1.86
[2026-05-06 10:21:45,632] INFO:  >> [GUARD] XAUUSD position already active. Skipping.
[2026-05-06 10:21:45,636] INFO:  >> [HARVESTER] ALPHA is dominating. Scaling in reinforcements...
[2026-05-06 10:21:45,636] ERROR:  !! [HARVESTER_ERR] cannot access local variable 'lot' where it is not associated with a value
[2026-05-06 10:21:55,981] INFO: SCANNING: AUDUSD | PRICE: 0.72 | BIAS: BULLISH | ER: 0.77 | VEL: 2.05
[2026-05-06 10:21:55,981] INFO:  >> [GUARD] AUDUSD position already active. Skipping.
[2026-05-06 10:21:55,981] INFO: SCANNING: XAUUSD | PRICE: 4647.95 | BIAS: BULLISH | ER: 0.63 | VEL: 1.78
[2026-05-06 10:21:55,983] INFO:  >> [GUARD] XAUUSD position already active. Skipping.
[2026-05-06 10:21:55,986] INFO:  >> [HARVESTER] ALPHA is dominating. Scaling in reinforcements...
[2026-05-06 10:21:55,986] ERROR:  !! [HARVESTER_ERR] cannot access local variable 'lot' where it is not associated with a value
[2026-05-06 10:22:06,339] INFO: SCANNING: AUDUSD | PRICE: 0.72 | BIAS: BULLISH | ER: 0.77 | VEL: 1.96
[2026-05-06 10:22:06,339] INFO:  >> [GUARD] AUDUSD position already active. Skipping.
[2026-05-06 10:22:06,339] INFO: SCANNING: XAUUSD | PRICE: 4647.17 | BIAS: BULLISH | ER: 0.62 | VEL: 1.68
[2026-05-06 10:22:06,339] INFO:  >> [GUARD] XAUUSD position already active. Skipping.
[2026-05-06 10:22:06,383] INFO:  >> [HARVESTER] ALPHA is dominating. Scaling in reinforcements...
[2026-05-06 10:22:06,383] ERROR:  !! [HARVESTER_ERR] cannot access local variable 'lot' where it is not associated with a value
[2026-05-06 10:22:16,696] INFO: SCANNING: AUDUSD | PRICE: 0.72 | BIAS: BULLISH | ER: 0.77 | VEL: 1.9
[2026-05-06 10:22:16,696] INFO:  >> [GUARD] AUDUSD position already active. Skipping.
[2026-05-06 10:22:16,698] INFO: SCANNING: XAUUSD | PRICE: 4646.41 | BIAS: BULLISH | ER: 0.61 | VEL: 1.59
[2026-05-06 10:22:16,699] INFO:  >> [GUARD] XAUUSD position already active. Skipping.
[2026-05-06 10:22:16,706] INFO:  >> [HARVESTER] ALPHA is dominating. Scaling in reinforcements...
[2026-05-06 10:22:16,706] ERROR:  !! [HARVESTER_ERR] cannot access local variable 'lot' where it is not associated with a value
[2026-05-06 10:22:27,021] INFO: SCANNING: AUDUSD | PRICE: 0.72 | BIAS: BULLISH | ER: 0.77 | VEL: 1.87
[2026-05-06 10:22:27,021] INFO:  >> [GUARD] AUDUSD position already active. Skipping.
[2026-05-06 10:22:27,022] INFO: SCANNING: XAUUSD | PRICE: 4646.95 | BIAS: BULLISH | ER: 0.62 | VEL: 1.65
[2026-05-06 10:22:27,022] INFO:  >> [GUARD] XAUUSD position already active. Skipping.
[2026-05-06 10:22:27,028] INFO:  >> [HARVESTER] ALPHA is dominating. Scaling in reinforcements...
[2026-05-06 10:22:27,028] ERROR:  !! [HARVESTER_ERR] cannot access local variable 'lot' where it is not associated with a value
[2026-05-06 10:22:37,345] INFO: SCANNING: AUDUSD | PRICE: 0.72 | BIAS: BULLISH | ER: 0.77 | VEL: 1.92
[2026-05-06 10:22:37,347] INFO:  >> [GUARD] AUDUSD position already active. Skipping.
[2026-05-06 10:22:37,349] INFO: SCANNING: XAUUSD | PRICE: 4647.07 | BIAS: BULLISH | ER: 0.62 | VEL: 1.66
[2026-05-06 10:22:37,349] INFO:  >> [GUARD] XAUUSD position already active. Skipping.
[2026-05-06 10:22:37,399] INFO:  >> [HARVESTER] ALPHA is dominating. Scaling in reinforcements...
[2026-05-06 10:22:37,399] ERROR:  !! [HARVESTER_ERR] cannot access local variable 'lot' where it is not associated with a value
[2026-05-06 10:22:47,730] INFO: SCANNING: AUDUSD | PRICE: 0.72 | BIAS: BULLISH | ER: 0.77 | VEL: 1.9
[2026-05-06 10:22:47,730] INFO:  >> [GUARD] AUDUSD position already active. Skipping.
[2026-05-06 10:22:47,730] INFO: SCANNING: XAUUSD | PRICE: 4647.11 | BIAS: BULLISH | ER: 0.62 | VEL: 1.67
[2026-05-06 10:22:47,732] INFO:  >> [GUARD] XAUUSD position already active. Skipping.
[2026-05-06 10:22:47,736] INFO:  >> [HARVESTER] ALPHA is dominating. Scaling in reinforcements...
[2026-05-06 10:22:47,737] ERROR:  !! [HARVESTER_ERR] cannot access local variable 'lot' where it is not associated with a value
[2026-05-06 10:22:58,055] INFO: SCANNING: AUDUSD | PRICE: 0.72 | BIAS: BULLISH | ER: 0.77 | VEL: 1.99
[2026-05-06 10:22:58,055] INFO:  >> [GUARD] AUDUSD position already active. Skipping.
[2026-05-06 10:22:58,057] INFO: SCANNING: XAUUSD | PRICE: 4647.20 | BIAS: BULLISH | ER: 0.62 | VEL: 1.68
[2026-05-06 10:22:58,057] INFO:  >> [GUARD] XAUUSD position already active. Skipping.
[2026-05-06 10:22:58,100] INFO:  >> [HARVESTER] ALPHA is dominating. Scaling in reinforcements...
[2026-05-06 10:22:58,100] ERROR:  !! [HARVESTER_ERR] cannot access local variable 'lot' where it is not associated with a value
[2026-05-06 10:23:08,429] INFO: SCANNING: AUDUSD | PRICE: 0.72 | BIAS: BULLISH | ER: 0.77 | VEL: 1.99
[2026-05-06 10:23:08,429] INFO:  >> [GUARD] AUDUSD position already active. Skipping.
[2026-05-06 10:23:08,429] INFO: SCANNING: XAUUSD | PRICE: 4646.01 | BIAS: BULLISH | ER: 0.6 | VEL: 1.52
[2026-05-06 10:23:08,429] INFO:  >> [GUARD] XAUUSD position already active. Skipping.
[2026-05-06 10:23:08,447] INFO:  >> [HARVESTER] ALPHA is dominating. Scaling in reinforcements...
[2026-05-06 10:23:08,447] ERROR:  !! [HARVESTER_ERR] cannot access local variable 'lot' where it is not associated with a value
[2026-05-06 10:23:18,808] INFO: SCANNING: AUDUSD | PRICE: 0.72 | BIAS: BULLISH | ER: 0.77 | VEL: 2.01
[2026-05-06 10:23:18,808] INFO:  >> [GUARD] AUDUSD position already active. Skipping.
[2026-05-06 10:23:18,809] INFO: SCANNING: XAUUSD | PRICE: 4645.48 | BIAS: BULLISH | ER: 0.6 | VEL: 1.44
[2026-05-06 10:23:18,809] INFO:  >> [GUARD] XAUUSD position already active. Skipping.
[2026-05-06 10:23:18,876] INFO:  >> [HARVESTER] ALPHA is dominating. Scaling in reinforcements...
[2026-05-06 10:23:18,876] ERROR:  !! [HARVESTER_ERR] cannot access local variable 'lot' where it is not associated with a value
[2026-05-06 10:23:29,387] INFO: SCANNING: AUDUSD | PRICE: 0.72 | BIAS: BULLISH | ER: 0.77 | VEL: 2.01
[2026-05-06 10:23:29,388] INFO:  >> [GUARD] AUDUSD position already active. Skipping.
[2026-05-06 10:23:29,388] INFO: SCANNING: XAUUSD | PRICE: 4645.61 | BIAS: BULLISH | ER: 0.6 | VEL: 1.45
[2026-05-06 10:23:29,389] INFO:  >> [GUARD] XAUUSD position already active. Skipping.
[2026-05-06 10:23:29,393] INFO:  >> [HARVESTER] ALPHA is dominating. Scaling in reinforcements...
[2026-05-06 10:23:29,393] ERROR:  !! [HARVESTER_ERR] cannot access local variable 'lot' where it is not associated with a value
[2026-05-06 10:23:39,711] INFO: SCANNING: AUDUSD | PRICE: 0.72 | BIAS: BULLISH | ER: 0.77 | VEL: 2.01
[2026-05-06 10:23:39,711] INFO:  >> [GUARD] AUDUSD position already active. Skipping.
[2026-05-06 10:23:39,712] INFO: SCANNING: XAUUSD | PRICE: 4645.41 | BIAS: BULLISH | ER: 0.6 | VEL: 1.42
[2026-05-06 10:23:39,712] INFO:  >> [GUARD] XAUUSD position already active. Skipping.
[2026-05-06 10:23:39,716] INFO:  >> [HARVESTER] ALPHA is dominating. Scaling in reinforcements...
[2026-05-06 10:23:39,716] ERROR:  !! [HARVESTER_ERR] cannot access local variable 'lot' where it is not associated with a value
[2026-05-06 10:23:50,045] INFO: SCANNING: AUDUSD | PRICE: 0.72 | BIAS: BULLISH | ER: 0.77 | VEL: 1.92
[2026-05-06 10:23:50,045] INFO:  >> [GUARD] AUDUSD position already active. Skipping.
[2026-05-06 10:23:50,045] INFO: SCANNING: XAUUSD | PRICE: 4646.04 | BIAS: BULLISH | ER: 0.61 | VEL: 1.5
[2026-05-06 10:23:50,046] INFO:  >> [GUARD] XAUUSD position already active. Skipping.
[2026-05-06 10:23:50,049] INFO:  >> [HARVESTER] ALPHA is dominating. Scaling in reinforcements...
[2026-05-06 10:23:50,049] ERROR:  !! [HARVESTER_ERR] cannot access local variable 'lot' where it is not associated with a value
[2026-05-06 10:24:00,373] INFO: SCANNING: AUDUSD | PRICE: 0.72 | BIAS: BULLISH | ER: 0.77 | VEL: 1.92
[2026-05-06 10:24:00,373] INFO:  >> [GUARD] AUDUSD position already active. Skipping.
[2026-05-06 10:24:00,374] INFO: SCANNING: XAUUSD | PRICE: 4646.94 | BIAS: BULLISH | ER: 0.62 | VEL: 1.61
[2026-05-06 10:24:00,374] INFO:  >> [GUARD] XAUUSD position already active. Skipping.
[2026-05-06 10:24:00,378] INFO:  >> [HARVESTER] ALPHA is dominating. Scaling in reinforcements...
[2026-05-06 10:24:00,378] ERROR:  !! [HARVESTER_ERR] cannot access local variable 'lot' where it is not associated with a value
[2026-05-06 10:24:10,695] INFO: SCANNING: AUDUSD | PRICE: 0.72 | BIAS: BULLISH | ER: 0.77 | VEL: 1.92
[2026-05-06 10:24:10,696] INFO:  >> [GUARD] AUDUSD position already active. Skipping.
[2026-05-06 10:24:10,696] INFO: SCANNING: XAUUSD | PRICE: 4646.58 | BIAS: BULLISH | ER: 0.61 | VEL: 1.56
[2026-05-06 10:24:10,696] INFO:  >> [GUARD] XAUUSD position already active. Skipping.
[2026-05-06 10:24:10,702] INFO:  >> [HARVESTER] ALPHA is dominating. Scaling in reinforcements...
[2026-05-06 10:24:10,702] ERROR:  !! [HARVESTER_ERR] cannot access local variable 'lot' where it is not associated with a value
[2026-05-06 10:24:21,026] INFO: SCANNING: AUDUSD | PRICE: 0.72 | BIAS: BULLISH | ER: 0.77 | VEL: 1.94
[2026-05-06 10:24:21,026] INFO:  >> [GUARD] AUDUSD position already active. Skipping.
[2026-05-06 10:24:21,026] INFO: SCANNING: XAUUSD | PRICE: 4646.32 | BIAS: BULLISH | ER: 0.61 | VEL: 1.53
[2026-05-06 10:24:21,027] INFO:  >> [GUARD] XAUUSD position already active. Skipping.
[2026-05-06 10:24:21,030] INFO:  >> [HARVESTER] ALPHA is dominating. Scaling in reinforcements...
[2026-05-06 10:24:21,031] ERROR:  !! [HARVESTER_ERR] cannot access local variable 'lot' where it is not associated with a value
[2026-05-06 10:24:31,358] INFO: SCANNING: AUDUSD | PRICE: 0.72 | BIAS: BULLISH | ER: 0.76 | VEL: 1.79
[2026-05-06 10:24:31,358] INFO:  >> [GUARD] AUDUSD position already active. Skipping.
[2026-05-06 10:24:31,360] INFO: SCANNING: XAUUSD | PRICE: 4645.72 | BIAS: BULLISH | ER: 0.6 | VEL: 1.46
[2026-05-06 10:24:31,360] INFO:  >> [GUARD] XAUUSD position already active. Skipping.
[2026-05-06 10:24:31,364] INFO:  >> [HARVESTER] ALPHA is dominating. Scaling in reinforcements...
[2026-05-06 10:24:31,364] ERROR:  !! [HARVESTER_ERR] cannot access local variable 'lot' where it is not associated with a value
[2026-05-06 10:24:41,689] INFO: SCANNING: AUDUSD | PRICE: 0.72 | BIAS: BULLISH | ER: 0.76 | VEL: 1.81
[2026-05-06 10:24:41,689] INFO:  >> [GUARD] AUDUSD position already active. Skipping.
[2026-05-06 10:24:41,691] INFO: SCANNING: XAUUSD | PRICE: 4645.94 | BIAS: BULLISH | ER: 0.6 | VEL: 1.49
[2026-05-06 10:24:41,692] INFO:  >> [GUARD] XAUUSD position already active. Skipping.
[2026-05-06 10:24:41,695] INFO:  >> [HARVESTER] ALPHA is dominating. Scaling in reinforcements...
[2026-05-06 10:24:41,695] ERROR:  !! [HARVESTER_ERR] cannot access local variable 'lot' where it is not associated with a value
[2026-05-06 10:24:52,022] INFO: SCANNING: AUDUSD | PRICE: 0.72 | BIAS: BULLISH | ER: 0.77 | VEL: 1.85
[2026-05-06 10:24:52,023] INFO:  >> [GUARD] AUDUSD position already active. Skipping.
[2026-05-06 10:24:52,023] INFO: SCANNING: XAUUSD | PRICE: 4646.01 | BIAS: BULLISH | ER: 0.6 | VEL: 1.49
[2026-05-06 10:24:52,023] INFO:  >> [GUARD] XAUUSD position already active. Skipping.
[2026-05-06 10:24:52,027] INFO:  >> [HARVESTER] ALPHA is dominating. Scaling in reinforcements...
[2026-05-06 10:24:52,027] ERROR:  !! [HARVESTER_ERR] cannot access local variable 'lot' where it is not associated with a value
[2026-05-06 10:25:02,360] INFO: SCANNING: AUDUSD | PRICE: 0.72 | BIAS: BULLISH | ER: 0.77 | VEL: 1.85
[2026-05-06 10:25:02,361] INFO:  >> [GUARD] AUDUSD position already active. Skipping.
[2026-05-06 10:25:02,361] INFO: SCANNING: XAUUSD | PRICE: 4646.11 | BIAS: BULLISH | ER: 0.61 | VEL: 1.51
[2026-05-06 10:25:02,361] INFO:  >> [GUARD] XAUUSD position already active. Skipping.
[2026-05-06 10:25:02,369] INFO:  >> [HARVESTER] ALPHA is dominating. Scaling in reinforcements...
[2026-05-06 10:25:02,369] ERROR:  !! [HARVESTER_ERR] cannot access local variable 'lot' where it is not associated with a value
[2026-05-06 10:25:12,888] INFO: SCANNING: AUDUSD | PRICE: 0.72 | BIAS: BULLISH | ER: 0.76 | VEL: 1.83
[2026-05-06 10:25:12,888] INFO:  >> [GUARD] AUDUSD position already active. Skipping.
[2026-05-06 10:25:12,889] INFO: SCANNING: XAUUSD | PRICE: 4646.19 | BIAS: BULLISH | ER: 0.61 | VEL: 1.52
[2026-05-06 10:25:12,889] INFO:  >> [GUARD] XAUUSD position already active. Skipping.
[2026-05-06 10:25:12,893] INFO:  >> [HARVESTER] ALPHA is dominating. Scaling in reinforcements...
[2026-05-06 10:25:12,893] ERROR:  !! [HARVESTER_ERR] cannot access local variable 'lot' where it is not associated with a value
[2026-05-06 10:25:23,214] INFO: SCANNING: AUDUSD | PRICE: 0.72 | BIAS: BULLISH | ER: 0.75 | VEL: 1.74
[2026-05-06 10:25:23,214] INFO:  >> [GUARD] AUDUSD position already active. Skipping.
[2026-05-06 10:25:23,215] INFO: SCANNING: XAUUSD | PRICE: 4646.05 | BIAS: BULLISH | ER: 0.61 | VEL: 1.5
[2026-05-06 10:25:23,216] INFO:  >> [GUARD] XAUUSD position already active. Skipping.
[2026-05-06 10:25:23,241] INFO:  >> [HARVESTER] ALPHA is dominating. Scaling in reinforcements...
[2026-05-06 10:25:23,241] ERROR:  !! [HARVESTER_ERR] cannot access local variable 'lot' where it is not associated with a value
[2026-05-06 10:25:33,803] INFO: SCANNING: AUDUSD | PRICE: 0.72 | BIAS: BULLISH | ER: 0.77 | VEL: 1.85
[2026-05-06 10:25:33,803] INFO:  >> [GUARD] AUDUSD position already active. Skipping.
[2026-05-06 10:25:33,803] INFO: SCANNING: XAUUSD | PRICE: 4645.71 | BIAS: BULLISH | ER: 0.6 | VEL: 1.46
[2026-05-06 10:25:33,803] INFO:  >> [GUARD] XAUUSD position already active. Skipping.
[2026-05-06 10:25:33,808] INFO:  >> [HARVESTER] ALPHA is dominating. Scaling in reinforcements...
[2026-05-06 10:25:33,808] ERROR:  !! [HARVESTER_ERR] cannot access local variable 'lot' where it is not associated with a value
[2026-05-06 10:25:44,132] INFO: SCANNING: AUDUSD | PRICE: 0.72 | BIAS: BULLISH | ER: 0.77 | VEL: 1.85
[2026-05-06 10:25:44,132] INFO:  >> [GUARD] AUDUSD position already active. Skipping.
[2026-05-06 10:25:44,134] INFO: SCANNING: XAUUSD | PRICE: 4645.38 | BIAS: BULLISH | ER: 0.6 | VEL: 1.42
[2026-05-06 10:25:44,134] INFO:  >> [GUARD] XAUUSD position already active. Skipping.
[2026-05-06 10:25:44,141] INFO:  >> [HARVESTER] ALPHA is dominating. Scaling in reinforcements...
[2026-05-06 10:25:44,141] ERROR:  !! [HARVESTER_ERR] cannot access local variable 'lot' where it is not associated with a value
[2026-05-06 10:25:54,455] INFO: SCANNING: AUDUSD | PRICE: 0.72 | BIAS: BULLISH | ER: 0.77 | VEL: 1.85
[2026-05-06 10:25:54,456] INFO:  >> [GUARD] AUDUSD position already active. Skipping.
[2026-05-06 10:25:54,456] INFO: SCANNING: XAUUSD | PRICE: 4645.39 | BIAS: BULLISH | ER: 0.6 | VEL: 1.42
[2026-05-06 10:25:54,456] INFO:  >> [GUARD] XAUUSD position already active. Skipping.
[2026-05-06 10:25:54,460] INFO:  >> [HARVESTER] ALPHA is dominating. Scaling in reinforcements...
[2026-05-06 10:25:54,460] ERROR:  !! [HARVESTER_ERR] cannot access local variable 'lot' where it is not associated with a value
[2026-05-06 10:26:04,793] INFO: SCANNING: AUDUSD | PRICE: 0.72 | BIAS: BULLISH | ER: 0.76 | VEL: 1.79
[2026-05-06 10:26:04,793] INFO:  >> [GUARD] AUDUSD position already active. Skipping.
[2026-05-06 10:26:04,794] INFO: SCANNING: XAUUSD | PRICE: 4645.97 | BIAS: BULLISH | ER: 0.6 | VEL: 1.49
[2026-05-06 10:26:04,794] INFO:  >> [GUARD] XAUUSD position already active. Skipping.
[2026-05-06 10:26:04,799] INFO:  >> [HARVESTER] ALPHA is dominating. Scaling in reinforcements...
[2026-05-06 10:26:04,799] ERROR:  !! [HARVESTER_ERR] cannot access local variable 'lot' where it is not associated with a value
[2026-05-06 10:26:15,122] INFO: SCANNING: AUDUSD | PRICE: 0.72 | BIAS: BULLISH | ER: 0.74 | VEL: 1.63
[2026-05-06 10:26:15,123] INFO:  >> [GUARD] AUDUSD position already active. Skipping.
[2026-05-06 10:26:15,123] INFO: SCANNING: XAUUSD | PRICE: 4645.44 | BIAS: BULLISH | ER: 0.6 | VEL: 1.43
[2026-05-06 10:26:15,123] INFO:  >> [GUARD] XAUUSD position already active. Skipping.
[2026-05-06 10:26:15,128] INFO:  >> [HARVESTER] ALPHA is dominating. Scaling in reinforcements...
[2026-05-06 10:26:15,128] ERROR:  !! [HARVESTER_ERR] cannot access local variable 'lot' where it is not associated with a value
[2026-05-06 10:26:25,464] INFO: SCANNING: AUDUSD | PRICE: 0.72 | BIAS: BULLISH | ER: 0.75 | VEL: 1.65
[2026-05-06 10:26:25,464] INFO:  >> [GUARD] AUDUSD position already active. Skipping.
[2026-05-06 10:26:25,466] INFO: SCANNING: XAUUSD | PRICE: 4645.24 | BIAS: BULLISH | ER: 0.6 | VEL: 1.4
[2026-05-06 10:26:25,466] INFO:  >> [GUARD] XAUUSD position already active. Skipping.
[2026-05-06 10:26:25,504] INFO:  >> [HARVESTER] ALPHA is dominating. Scaling in reinforcements...
[2026-05-06 10:26:25,504] ERROR:  !! [HARVESTER_ERR] cannot access local variable 'lot' where it is not associated with a value
[2026-05-06 10:26:35,836] INFO: SCANNING: AUDUSD | PRICE: 0.72 | BIAS: BULLISH | ER: 0.75 | VEL: 1.72
[2026-05-06 10:26:35,836] INFO:  >> [GUARD] AUDUSD position already active. Skipping.
[2026-05-06 10:26:35,837] INFO: SCANNING: XAUUSD | PRICE: 4645.37 | BIAS: BULLISH | ER: 0.6 | VEL: 1.42
[2026-05-06 10:26:35,837] INFO:  >> [GUARD] XAUUSD position already active. Skipping.
[2026-05-06 10:26:35,864] INFO:  >> [HARVESTER] ALPHA is dominating. Scaling in reinforcements...
[2026-05-06 10:26:35,865] ERROR:  !! [HARVESTER_ERR] cannot access local variable 'lot' where it is not associated with a value
[2026-05-06 10:26:46,380] INFO: SCANNING: AUDUSD | PRICE: 0.72 | BIAS: BULLISH | ER: 0.75 | VEL: 1.68
[2026-05-06 10:26:46,380] INFO:  >> [GUARD] AUDUSD position already active. Skipping.
[2026-05-06 10:26:46,382] INFO: SCANNING: XAUUSD | PRICE: 4645.56 | BIAS: BULLISH | ER: 0.6 | VEL: 1.44
[2026-05-06 10:26:46,382] INFO:  >> [GUARD] XAUUSD position already active. Skipping.
[2026-05-06 10:26:46,385] INFO:  >> [HARVESTER] ALPHA is dominating. Scaling in reinforcements...
[2026-05-06 10:26:46,385] ERROR:  !! [HARVESTER_ERR] cannot access local variable 'lot' where it is not associated with a value
[2026-05-06 10:26:56,708] INFO: SCANNING: AUDUSD | PRICE: 0.72 | BIAS: BULLISH | ER: 0.75 | VEL: 1.68
[2026-05-06 10:26:56,708] INFO:  >> [GUARD] AUDUSD position already active. Skipping.
[2026-05-06 10:26:56,710] INFO: SCANNING: XAUUSD | PRICE: 4646.13 | BIAS: BULLISH | ER: 0.61 | VEL: 1.51
[2026-05-06 10:26:56,710] INFO:  >> [GUARD] XAUUSD position already active. Skipping.
[2026-05-06 10:26:56,714] INFO:  >> [HARVESTER] ALPHA is dominating. Scaling in reinforcements...
[2026-05-06 10:26:56,714] ERROR:  !! [HARVESTER_ERR] cannot access local variable 'lot' where it is not associated with a value
[2026-05-06 10:27:07,024] INFO: SCANNING: AUDUSD | PRICE: 0.72 | BIAS: BULLISH | ER: 0.75 | VEL: 1.65
[2026-05-06 10:27:07,024] INFO:  >> [GUARD] AUDUSD position already active. Skipping.
[2026-05-06 10:27:07,024] INFO: SCANNING: XAUUSD | PRICE: 4645.80 | BIAS: BULLISH | ER: 0.6 | VEL: 1.47
[2026-05-06 10:27:07,025] INFO:  >> [GUARD] XAUUSD position already active. Skipping.
[2026-05-06 10:27:07,046] INFO:  >> [HARVESTER] ALPHA is dominating. Scaling in reinforcements...
[2026-05-06 10:27:07,047] ERROR:  !! [HARVESTER_ERR] cannot access local variable 'lot' where it is not associated with a value
[2026-05-06 10:27:17,437] INFO: SCANNING: AUDUSD | PRICE: 0.72 | BIAS: BULLISH | ER: 0.75 | VEL: 1.65
[2026-05-06 10:27:17,437] INFO:  >> [GUARD] AUDUSD position already active. Skipping.
[2026-05-06 10:27:17,437] INFO: SCANNING: XAUUSD | PRICE: 4646.05 | BIAS: BULLISH | ER: 0.61 | VEL: 1.5
[2026-05-06 10:27:17,437] INFO:  >> [GUARD] XAUUSD position already active. Skipping.
[2026-05-06 10:27:17,441] INFO:  >> [HARVESTER] ALPHA is dominating. Scaling in reinforcements...
[2026-05-06 10:27:17,441] ERROR:  !! [HARVESTER_ERR] cannot access local variable 'lot' where it is not associated with a value
[2026-05-06 10:27:27,774] INFO: SCANNING: AUDUSD | PRICE: 0.72 | BIAS: BULLISH | ER: 0.75 | VEL: 1.65
[2026-05-06 10:27:27,774] INFO:  >> [GUARD] AUDUSD position already active. Skipping.
[2026-05-06 10:27:27,775] INFO: SCANNING: XAUUSD | PRICE: 4645.38 | BIAS: BULLISH | ER: 0.6 | VEL: 1.42
[2026-05-06 10:27:27,775] INFO:  >> [GUARD] XAUUSD position already active. Skipping.
[2026-05-06 10:27:27,807] INFO:  >> [HARVESTER] ALPHA is dominating. Scaling in reinforcements...
[2026-05-06 10:27:27,807] ERROR:  !! [HARVESTER_ERR] cannot access local variable 'lot' where it is not associated with a value
[2026-05-06 10:27:38,156] INFO: SCANNING: AUDUSD | PRICE: 0.72 | BIAS: BULLISH | ER: 0.74 | VEL: 1.63
[2026-05-06 10:27:38,156] INFO:  >> [GUARD] AUDUSD position already active. Skipping.
[2026-05-06 10:27:38,156] INFO: SCANNING: XAUUSD | PRICE: 4645.14 | BIAS: BULLISH | ER: 0.6 | VEL: 1.38
[2026-05-06 10:27:38,157] INFO:  >> [GUARD] XAUUSD position already active. Skipping.
[2026-05-06 10:27:38,197] INFO:  >> [HARVESTER] ALPHA is dominating. Scaling in reinforcements...
[2026-05-06 10:27:38,197] ERROR:  !! [HARVESTER_ERR] cannot access local variable 'lot' where it is not associated with a value
[2026-05-06 10:27:48,520] INFO: SCANNING: AUDUSD | PRICE: 0.72 | BIAS: BULLISH | ER: 0.75 | VEL: 1.68
[2026-05-06 10:27:48,520] INFO:  >> [GUARD] AUDUSD position already active. Skipping.
[2026-05-06 10:27:48,521] INFO: SCANNING: XAUUSD | PRICE: 4644.92 | BIAS: BULLISH | ER: 0.59 | VEL: 1.36
[2026-05-06 10:27:48,521] INFO:  >> [GUARD] XAUUSD position already active. Skipping.
[2026-05-06 10:27:48,538] INFO:  >> [HARVESTER] ALPHA is dominating. Scaling in reinforcements...
[2026-05-06 10:27:48,538] ERROR:  !! [HARVESTER_ERR] cannot access local variable 'lot' where it is not associated with a value
[2026-05-06 10:27:58,942] INFO: SCANNING: AUDUSD | PRICE: 0.72 | BIAS: BULLISH | ER: 0.75 | VEL: 1.72
[2026-05-06 10:27:58,942] INFO:  >> [GUARD] AUDUSD position already active. Skipping.
[2026-05-06 10:27:58,943] INFO: SCANNING: XAUUSD | PRICE: 4645.82 | BIAS: BULLISH | ER: 0.6 | VEL: 1.46
[2026-05-06 10:27:58,943] INFO:  >> [GUARD] XAUUSD position already active. Skipping.
[2026-05-06 10:27:58,960] INFO:  >> [HARVESTER] ALPHA is dominating. Scaling in reinforcements...
[2026-05-06 10:27:58,960] ERROR:  !! [HARVESTER_ERR] cannot access local variable 'lot' where it is not associated with a value
[2026-05-06 10:28:09,329] INFO: SCANNING: AUDUSD | PRICE: 0.72 | BIAS: BULLISH | ER: 0.75 | VEL: 1.7
[2026-05-06 10:28:09,329] INFO:  >> [GUARD] AUDUSD position already active. Skipping.
[2026-05-06 10:28:09,330] INFO: SCANNING: XAUUSD | PRICE: 4645.86 | BIAS: BULLISH | ER: 0.6 | VEL: 1.47
[2026-05-06 10:28:09,330] INFO:  >> [GUARD] XAUUSD position already active. Skipping.
[2026-05-06 10:28:09,347] INFO:  >> [HARVESTER] ALPHA is dominating. Scaling in reinforcements...
[2026-05-06 10:28:09,347] ERROR:  !! [HARVESTER_ERR] cannot access local variable 'lot' where it is not associated with a value
[2026-05-06 10:28:19,679] INFO: SCANNING: AUDUSD | PRICE: 0.72 | BIAS: BULLISH | ER: 0.75 | VEL: 1.68
[2026-05-06 10:28:19,679] INFO:  >> [GUARD] AUDUSD position already active. Skipping.
[2026-05-06 10:28:19,679] INFO: SCANNING: XAUUSD | PRICE: 4646.05 | BIAS: BULLISH | ER: 0.61 | VEL: 1.49
[2026-05-06 10:28:19,680] INFO:  >> [GUARD] XAUUSD position already active. Skipping.
[2026-05-06 10:28:19,697] INFO:  >> [HARVESTER] ALPHA is dominating. Scaling in reinforcements...
[2026-05-06 10:28:19,697] ERROR:  !! [HARVESTER_ERR] cannot access local variable 'lot' where it is not associated with a value
[2026-05-06 10:28:30,061] INFO: SCANNING: AUDUSD | PRICE: 0.72 | BIAS: BULLISH | ER: 0.74 | VEL: 1.61
[2026-05-06 10:28:30,061] INFO:  >> [GUARD] AUDUSD position already active. Skipping.
[2026-05-06 10:28:30,061] INFO: SCANNING: XAUUSD | PRICE: 4646.23 | BIAS: BULLISH | ER: 0.61 | VEL: 1.51
[2026-05-06 10:28:30,062] INFO:  >> [GUARD] XAUUSD position already active. Skipping.
[2026-05-06 10:28:30,079] INFO:  >> [HARVESTER] ALPHA is dominating. Scaling in reinforcements...
[2026-05-06 10:28:30,080] ERROR:  !! [HARVESTER_ERR] cannot access local variable 'lot' where it is not associated with a value
[2026-05-06 10:28:40,457] INFO: SCANNING: AUDUSD | PRICE: 0.72 | BIAS: BULLISH | ER: 0.73 | VEL: 1.54
[2026-05-06 10:28:40,457] INFO:  >> [GUARD] AUDUSD position already active. Skipping.
[2026-05-06 10:28:40,458] INFO: SCANNING: XAUUSD | PRICE: 4645.95 | BIAS: BULLISH | ER: 0.6 | VEL: 1.48
[2026-05-06 10:28:40,458] INFO:  >> [GUARD] XAUUSD position already active. Skipping.
[2026-05-06 10:28:40,474] INFO:  >> [HARVESTER] ALPHA is dominating. Scaling in reinforcements...
[2026-05-06 10:28:40,476] ERROR:  !! [HARVESTER_ERR] cannot access local variable 'lot' where it is not associated with a value
[2026-05-06 10:28:50,832] INFO: SCANNING: AUDUSD | PRICE: 0.72 | BIAS: BULLISH | ER: 0.73 | VEL: 1.54
[2026-05-06 10:28:50,832] INFO:  >> [GUARD] AUDUSD position already active. Skipping.
[2026-05-06 10:28:50,834] INFO: SCANNING: XAUUSD | PRICE: 4646.12 | BIAS: BULLISH | ER: 0.61 | VEL: 1.5
[2026-05-06 10:28:50,834] INFO:  >> [GUARD] XAUUSD position already active. Skipping.
[2026-05-06 10:28:50,850] INFO:  >> [HARVESTER] ALPHA is dominating. Scaling in reinforcements...
[2026-05-06 10:28:50,850] ERROR:  !! [HARVESTER_ERR] cannot access local variable 'lot' where it is not associated with a value
[2026-05-06 10:29:01,167] INFO: SCANNING: AUDUSD | PRICE: 0.72 | BIAS: BULLISH | ER: 0.72 | VEL: 1.43
[2026-05-06 10:29:01,169] INFO:  >> [GUARD] AUDUSD position already active. Skipping.
[2026-05-06 10:29:01,169] INFO: SCANNING: XAUUSD | PRICE: 4645.70 | BIAS: BULLISH | ER: 0.6 | VEL: 1.45
[2026-05-06 10:29:01,169] INFO:  >> [GUARD] XAUUSD position already active. Skipping.
[2026-05-06 10:29:01,256] INFO:  >> [HARVESTER] ALPHA is dominating. Scaling in reinforcements...
[2026-05-06 10:29:01,256] ERROR:  !! [HARVESTER_ERR] cannot access local variable 'lot' where it is not associated with a value
[2026-05-06 10:29:11,673] INFO: SCANNING: AUDUSD | PRICE: 0.72 | BIAS: BULLISH | ER: 0.73 | VEL: 1.52
[2026-05-06 10:29:11,675] INFO:  >> [GUARD] AUDUSD position already active. Skipping.
[2026-05-06 10:29:11,676] INFO: SCANNING: XAUUSD | PRICE: 4645.63 | BIAS: BULLISH | ER: 0.6 | VEL: 1.44
[2026-05-06 10:29:11,676] INFO:  >> [GUARD] XAUUSD position already active. Skipping.
[2026-05-06 10:29:11,714] INFO:  >> [HARVESTER] ALPHA is dominating. Scaling in reinforcements...
[2026-05-06 10:29:11,714] ERROR:  !! [HARVESTER_ERR] cannot access local variable 'lot' where it is not associated with a value
[2026-05-06 10:29:22,039] INFO: SCANNING: AUDUSD | PRICE: 0.72 | BIAS: BULLISH | ER: 0.73 | VEL: 1.45
[2026-05-06 10:29:22,039] INFO:  >> [GUARD] AUDUSD position already active. Skipping.
[2026-05-06 10:29:22,039] INFO: SCANNING: XAUUSD | PRICE: 4645.49 | BIAS: BULLISH | ER: 0.6 | VEL: 1.42
[2026-05-06 10:29:22,039] INFO:  >> [GUARD] XAUUSD position already active. Skipping.
[2026-05-06 10:29:22,055] INFO:  >> [HARVESTER] ALPHA is dominating. Scaling in reinforcements...
[2026-05-06 10:29:22,055] ERROR:  !! [HARVESTER_ERR] cannot access local variable 'lot' where it is not associated with a value
[2026-05-06 10:29:32,412] INFO: SCANNING: AUDUSD | PRICE: 0.72 | BIAS: BULLISH | ER: 0.73 | VEL: 1.47
[2026-05-06 10:29:32,412] INFO:  >> [GUARD] AUDUSD position already active. Skipping.
[2026-05-06 10:29:32,412] INFO: SCANNING: XAUUSD | PRICE: 4645.59 | BIAS: BULLISH | ER: 0.6 | VEL: 1.43
[2026-05-06 10:29:32,413] INFO:  >> [GUARD] XAUUSD position already active. Skipping.
[2026-05-06 10:29:32,423] INFO:  >> [HARVESTER] ALPHA is dominating. Scaling in reinforcements...
[2026-05-06 10:29:32,423] ERROR:  !! [HARVESTER_ERR] cannot access local variable 'lot' where it is not associated with a value
[2026-05-06 10:29:42,736] INFO: SCANNING: AUDUSD | PRICE: 0.72 | BIAS: BULLISH | ER: 0.74 | VEL: 1.54
[2026-05-06 10:29:42,736] INFO:  >> [GUARD] AUDUSD position already active. Skipping.
[2026-05-06 10:29:42,736] INFO: SCANNING: XAUUSD | PRICE: 4645.91 | BIAS: BULLISH | ER: 0.6 | VEL: 1.47
[2026-05-06 10:29:42,736] INFO:  >> [GUARD] XAUUSD position already active. Skipping.
[2026-05-06 10:29:42,742] INFO:  >> [HARVESTER] ALPHA is dominating. Scaling in reinforcements...
[2026-05-06 10:29:42,742] ERROR:  !! [HARVESTER_ERR] cannot access local variable 'lot' where it is not associated with a value
[2026-05-06 10:29:53,065] INFO: SCANNING: AUDUSD | PRICE: 0.72 | BIAS: BULLISH | ER: 0.74 | VEL: 1.56
[2026-05-06 10:29:53,065] INFO:  >> [GUARD] AUDUSD position already active. Skipping.
[2026-05-06 10:29:53,065] INFO: SCANNING: XAUUSD | PRICE: 4646.01 | BIAS: BULLISH | ER: 0.61 | VEL: 1.49
[2026-05-06 10:29:53,065] INFO:  >> [GUARD] XAUUSD position already active. Skipping.
[2026-05-06 10:29:53,083] INFO:  >> [HARVESTER] ALPHA is dominating. Scaling in reinforcements...
[2026-05-06 10:29:53,083] ERROR:  !! [HARVESTER_ERR] cannot access local variable 'lot' where it is not associated with a value
[2026-05-06 10:30:04,364] INFO: SCANNING: AUDUSD | PRICE: 0.72 | BIAS: BULLISH | ER: 0.72 | VEL: 1.36
[2026-05-06 10:30:04,364] INFO:  >> [GUARD] AUDUSD position already active. Skipping.
[2026-05-06 10:30:04,365] INFO: SCANNING: XAUUSD | PRICE: 4645.41 | BIAS: BULLISH | ER: 0.62 | VEL: 2.14
[2026-05-06 10:30:04,365] INFO:  >> [GUARD] XAUUSD position already active. Skipping.
[2026-05-06 10:30:04,419] INFO:  >> [HARVESTER] ALPHA is dominating. Scaling in reinforcements...
[2026-05-06 10:30:04,419] ERROR:  !! [HARVESTER_ERR] cannot access local variable 'lot' where it is not associated with a value
[2026-05-06 10:30:14,740] INFO: SCANNING: AUDUSD | PRICE: 0.72 | BIAS: BULLISH | ER: 0.72 | VEL: 1.35
[2026-05-06 10:30:14,740] INFO:  >> [GUARD] AUDUSD position already active. Skipping.
[2026-05-06 10:30:14,741] INFO: SCANNING: XAUUSD | PRICE: 4645.29 | BIAS: BULLISH | ER: 0.62 | VEL: 2.11
[2026-05-06 10:30:14,741] INFO:  >> [GUARD] XAUUSD position already active. Skipping.
[2026-05-06 10:30:14,759] INFO:  >> [HARVESTER] ALPHA is dominating. Scaling in reinforcements...
[2026-05-06 10:30:14,759] ERROR:  !! [HARVESTER_ERR] cannot access local variable 'lot' where it is not associated with a value
[2026-05-06 10:30:25,075] INFO: SCANNING: AUDUSD | PRICE: 0.72 | BIAS: BULLISH | ER: 0.71 | VEL: 1.23
[2026-05-06 10:30:25,075] INFO:  >> [GUARD] AUDUSD position already active. Skipping.
[2026-05-06 10:30:25,075] INFO: SCANNING: XAUUSD | PRICE: 4645.26 | BIAS: BULLISH | ER: 0.62 | VEL: 2.1
[2026-05-06 10:30:25,075] INFO:  >> [GUARD] XAUUSD position already active. Skipping.
[2026-05-06 10:30:25,093] INFO:  >> [HARVESTER] ALPHA is dominating. Scaling in reinforcements...
[2026-05-06 10:30:25,093] ERROR:  !! [HARVESTER_ERR] cannot access local variable 'lot' where it is not associated with a value
[2026-05-06 10:30:35,426] INFO: SCANNING: AUDUSD | PRICE: 0.72 | BIAS: BULLISH | ER: 0.73 | VEL: 1.4
[2026-05-06 10:30:35,427] INFO:  >> [GUARD] AUDUSD position already active. Skipping.
[2026-05-06 10:30:35,428] INFO: SCANNING: XAUUSD | PRICE: 4644.99 | BIAS: BULLISH | ER: 0.61 | VEL: 2.06
[2026-05-06 10:30:35,428] INFO:  >> [GUARD] XAUUSD position already active. Skipping.
[2026-05-06 10:30:35,453] INFO:  >> [HARVESTER] ALPHA is dominating. Scaling in reinforcements...
[2026-05-06 10:30:35,453] ERROR:  !! [HARVESTER_ERR] cannot access local variable 'lot' where it is not associated with a value
[2026-05-06 10:30:45,817] INFO: SCANNING: AUDUSD | PRICE: 0.72 | BIAS: BULLISH | ER: 0.72 | VEL: 1.28
[2026-05-06 10:30:45,817] INFO:  >> [GUARD] AUDUSD position already active. Skipping.
[2026-05-06 10:30:45,818] INFO: SCANNING: XAUUSD | PRICE: 4644.78 | BIAS: BULLISH | ER: 0.61 | VEL: 2.01
[2026-05-06 10:30:45,818] INFO:  >> [GUARD] XAUUSD position already active. Skipping.
[2026-05-06 10:30:45,836] INFO:  >> [HARVESTER] ALPHA is dominating. Scaling in reinforcements...
[2026-05-06 10:30:45,837] ERROR:  !! [HARVESTER_ERR] cannot access local variable 'lot' where it is not associated with a value
[2026-05-06 10:30:56,157] INFO: SCANNING: AUDUSD | PRICE: 0.72 | BIAS: BULLISH | ER: 0.72 | VEL: 1.28
[2026-05-06 10:30:56,157] INFO:  >> [GUARD] AUDUSD position already active. Skipping.
[2026-05-06 10:30:56,157] INFO: SCANNING: XAUUSD | PRICE: 4644.89 | BIAS: BULLISH | ER: 0.61 | VEL: 2.03
[2026-05-06 10:30:56,158] INFO:  >> [GUARD] XAUUSD position already active. Skipping.
[2026-05-06 10:30:56,175] INFO:  >> [HARVESTER] ALPHA is dominating. Scaling in reinforcements...
[2026-05-06 10:30:56,175] ERROR:  !! [HARVESTER_ERR] cannot access local variable 'lot' where it is not associated with a value
[2026-05-06 10:31:06,494] INFO: SCANNING: AUDUSD | PRICE: 0.72 | BIAS: BULLISH | ER: 0.72 | VEL: 1.33
[2026-05-06 10:31:06,494] INFO:  >> [GUARD] AUDUSD position already active. Skipping.
[2026-05-06 10:31:06,495] INFO: SCANNING: XAUUSD | PRICE: 4644.76 | BIAS: BULLISH | ER: 0.61 | VEL: 2.01
[2026-05-06 10:31:06,495] INFO:  >> [GUARD] XAUUSD position already active. Skipping.
[2026-05-06 10:31:06,500] INFO:  >> [HARVESTER] ALPHA is dominating. Scaling in reinforcements...
[2026-05-06 10:31:06,500] ERROR:  !! [HARVESTER_ERR] cannot access local variable 'lot' where it is not associated with a value
[2026-05-06 10:31:16,824] INFO: SCANNING: AUDUSD | PRICE: 0.72 | BIAS: BULLISH | ER: 0.72 | VEL: 1.24
[2026-05-06 10:31:16,824] INFO:  >> [GUARD] AUDUSD position already active. Skipping.
[2026-05-06 10:31:16,824] INFO: SCANNING: XAUUSD | PRICE: 4643.37 | BIAS: BULLISH | ER: 0.6 | VEL: 1.76
[2026-05-06 10:31:16,824] INFO:  >> [GUARD] XAUUSD position already active. Skipping.
[2026-05-06 10:31:16,830] INFO:  >> [HARVESTER] ALPHA is dominating. Scaling in reinforcements...
[2026-05-06 10:31:16,830] ERROR:  !! [HARVESTER_ERR] cannot access local variable 'lot' where it is not associated with a value
[2026-05-06 10:31:27,161] INFO: SCANNING: AUDUSD | PRICE: 0.72 | BIAS: BULLISH | ER: 0.72 | VEL: 1.24
[2026-05-06 10:31:27,161] INFO:  >> [GUARD] AUDUSD position already active. Skipping.
[2026-05-06 10:31:27,162] INFO: SCANNING: XAUUSD | PRICE: 4643.73 | BIAS: BULLISH | ER: 0.6 | VEL: 1.81
[2026-05-06 10:31:27,163] INFO:  >> [GUARD] XAUUSD position already active. Skipping.
[2026-05-06 10:31:27,170] INFO:  >> [HARVESTER] ALPHA is dominating. Scaling in reinforcements...
[2026-05-06 10:31:27,170] ERROR:  !! [HARVESTER_ERR] cannot access local variable 'lot' where it is not associated with a value
[2026-05-06 10:31:37,507] INFO: SCANNING: AUDUSD | PRICE: 0.72 | BIAS: BULLISH | ER: 0.71 | VEL: 1.19
[2026-05-06 10:31:37,508] INFO:  >> [GUARD] AUDUSD position already active. Skipping.
[2026-05-06 10:31:37,509] INFO: SCANNING: XAUUSD | PRICE: 4643.55 | BIAS: BULLISH | ER: 0.6 | VEL: 1.79
[2026-05-06 10:31:37,509] INFO:  >> [GUARD] XAUUSD position already active. Skipping.
[2026-05-06 10:31:37,515] INFO:  >> [HARVESTER] ALPHA is dominating. Scaling in reinforcements...
[2026-05-06 10:31:37,516] ERROR:  !! [HARVESTER_ERR] cannot access local variable 'lot' where it is not associated with a value
[2026-05-06 10:31:47,838] INFO: SCANNING: AUDUSD | PRICE: 0.72 | BIAS: BULLISH | ER: 0.71 | VEL: 1.19
[2026-05-06 10:31:47,839] INFO:  >> [GUARD] AUDUSD position already active. Skipping.
[2026-05-06 10:31:47,840] INFO: SCANNING: XAUUSD | PRICE: 4643.72 | BIAS: BULLISH | ER: 0.6 | VEL: 1.81
[2026-05-06 10:31:47,840] INFO:  >> [GUARD] XAUUSD position already active. Skipping.
[2026-05-06 10:31:47,845] INFO:  >> [HARVESTER] ALPHA is dominating. Scaling in reinforcements...
[2026-05-06 10:31:47,846] ERROR:  !! [HARVESTER_ERR] cannot access local variable 'lot' where it is not associated with a value
[2026-05-06 10:31:58,176] INFO: SCANNING: AUDUSD | PRICE: 0.72 | BIAS: BULLISH | ER: 0.71 | VEL: 1.21
[2026-05-06 10:31:58,176] INFO:  >> [GUARD] AUDUSD position already active. Skipping.
[2026-05-06 10:31:58,176] INFO: SCANNING: XAUUSD | PRICE: 4643.71 | BIAS: BULLISH | ER: 0.6 | VEL: 1.81
[2026-05-06 10:31:58,176] INFO:  >> [GUARD] XAUUSD position already active. Skipping.
[2026-05-06 10:31:58,182] INFO:  >> [HARVESTER] ALPHA is dominating. Scaling in reinforcements...
[2026-05-06 10:31:58,183] ERROR:  !! [HARVESTER_ERR] cannot access local variable 'lot' where it is not associated with a value
[2026-05-06 10:32:08,538] INFO: SCANNING: AUDUSD | PRICE: 0.72 | BIAS: BULLISH | ER: 0.71 | VEL: 1.17
[2026-05-06 10:32:08,538] INFO:  >> [GUARD] AUDUSD position already active. Skipping.
[2026-05-06 10:32:08,538] INFO: SCANNING: XAUUSD | PRICE: 4643.56 | BIAS: BULLISH | ER: 0.6 | VEL: 1.79
[2026-05-06 10:32:08,539] INFO:  >> [GUARD] XAUUSD position already active. Skipping.
[2026-05-06 10:32:08,543] INFO:  >> [HARVESTER] ALPHA is dominating. Scaling in reinforcements...
[2026-05-06 10:32:08,543] ERROR:  !! [HARVESTER_ERR] cannot access local variable 'lot' where it is not associated with a value
[2026-05-06 10:32:18,860] INFO: SCANNING: AUDUSD | PRICE: 0.72 | BIAS: BULLISH | ER: 0.71 | VEL: 1.13
[2026-05-06 10:32:18,861] INFO:  >> [GUARD] AUDUSD position already active. Skipping.
[2026-05-06 10:32:18,861] INFO: SCANNING: XAUUSD | PRICE: 4643.82 | BIAS: BULLISH | ER: 0.6 | VEL: 1.82
[2026-05-06 10:32:18,862] INFO:  >> [GUARD] XAUUSD position already active. Skipping.
[2026-05-06 10:32:18,866] INFO:  >> [HARVESTER] ALPHA is dominating. Scaling in reinforcements...
[2026-05-06 10:32:18,866] ERROR:  !! [HARVESTER_ERR] cannot access local variable 'lot' where it is not associated with a value
[2026-05-06 10:32:29,193] INFO: SCANNING: AUDUSD | PRICE: 0.72 | BIAS: BULLISH | ER: 0.71 | VEL: 1.13
[2026-05-06 10:32:29,193] INFO:  >> [GUARD] AUDUSD position already active. Skipping.
[2026-05-06 10:32:29,194] INFO: SCANNING: XAUUSD | PRICE: 4643.73 | BIAS: BULLISH | ER: 0.6 | VEL: 1.81
[2026-05-06 10:32:29,194] INFO:  >> [GUARD] XAUUSD position already active. Skipping.
[2026-05-06 10:32:29,200] INFO:  >> [HARVESTER] ALPHA is dominating. Scaling in reinforcements...
[2026-05-06 10:32:29,201] ERROR:  !! [HARVESTER_ERR] cannot access local variable 'lot' where it is not associated with a value
[2026-05-06 10:32:39,517] INFO: SCANNING: AUDUSD | PRICE: 0.72 | BIAS: BULLISH | ER: 0.71 | VEL: 1.13
[2026-05-06 10:32:39,517] INFO:  >> [GUARD] AUDUSD position already active. Skipping.
[2026-05-06 10:32:39,518] INFO: SCANNING: XAUUSD | PRICE: 4643.35 | BIAS: BULLISH | ER: 0.6 | VEL: 1.76
[2026-05-06 10:32:39,518] INFO:  >> [GUARD] XAUUSD position already active. Skipping.
[2026-05-06 10:32:39,561] INFO:  >> [HARVESTER] ALPHA is dominating. Scaling in reinforcements...
[2026-05-06 10:32:39,562] ERROR:  !! [HARVESTER_ERR] cannot access local variable 'lot' where it is not associated with a value
[2026-05-06 10:32:49,981] INFO: SCANNING: AUDUSD | PRICE: 0.72 | BIAS: BULLISH | ER: 0.7 | VEL: 1.11
[2026-05-06 10:32:49,981] INFO:  >> [GUARD] AUDUSD position already active. Skipping.
[2026-05-06 10:32:49,982] INFO: SCANNING: XAUUSD | PRICE: 4643.48 | BIAS: BULLISH | ER: 0.6 | VEL: 1.78
[2026-05-06 10:32:49,982] INFO:  >> [GUARD] XAUUSD position already active. Skipping.
[2026-05-06 10:32:49,986] INFO:  >> [HARVESTER] ALPHA is dominating. Scaling in reinforcements...
[2026-05-06 10:32:49,986] ERROR:  !! [HARVESTER_ERR] cannot access local variable 'lot' where it is not associated with a value
[2026-05-06 10:33:00,309] INFO: SCANNING: AUDUSD | PRICE: 0.72 | BIAS: BULLISH | ER: 0.7 | VEL: 1.06
[2026-05-06 10:33:00,310] INFO:  >> [GUARD] AUDUSD position already active. Skipping.
[2026-05-06 10:33:00,311] INFO: SCANNING: XAUUSD | PRICE: 4643.50 | BIAS: BULLISH | ER: 0.6 | VEL: 1.78
[2026-05-06 10:33:00,311] INFO:  >> [GUARD] XAUUSD position already active. Skipping.
[2026-05-06 10:33:00,316] INFO:  >> [HARVESTER] ALPHA is dominating. Scaling in reinforcements...
[2026-05-06 10:33:00,316] ERROR:  !! [HARVESTER_ERR] cannot access local variable 'lot' where it is not associated with a value
[2026-05-06 10:33:10,634] INFO: SCANNING: AUDUSD | PRICE: 0.72 | BIAS: BULLISH | ER: 0.69 | VEL: 1.01
[2026-05-06 10:33:10,635] INFO:  >> [GUARD] AUDUSD position already active. Skipping.
[2026-05-06 10:33:10,635] INFO: SCANNING: XAUUSD | PRICE: 4643.21 | BIAS: BULLISH | ER: 0.59 | VEL: 1.73
[2026-05-06 10:33:10,635] INFO:  >> [GUARD] XAUUSD position already active. Skipping.
[2026-05-06 10:33:10,640] INFO:  >> [HARVESTER] ALPHA is dominating. Scaling in reinforcements...
[2026-05-06 10:33:10,640] ERROR:  !! [HARVESTER_ERR] cannot access local variable 'lot' where it is not associated with a value
[2026-05-06 10:33:20,960] INFO: SCANNING: AUDUSD | PRICE: 0.72 | BIAS: BULLISH | ER: 0.69 | VEL: 0.96
[2026-05-06 10:33:20,961] INFO:  >> [GUARD] AUDUSD position already active. Skipping.
[2026-05-06 10:33:20,961] INFO: SCANNING: XAUUSD | PRICE: 4643.08 | BIAS: BULLISH | ER: 0.59 | VEL: 1.71
[2026-05-06 10:33:20,961] INFO:  >> [GUARD] XAUUSD position already active. Skipping.
[2026-05-06 10:33:20,966] INFO:  >> [HARVESTER] ALPHA is dominating. Scaling in reinforcements...
[2026-05-06 10:33:20,966] ERROR:  !! [HARVESTER_ERR] cannot access local variable 'lot' where it is not associated with a value
[2026-05-06 10:33:31,301] INFO: SCANNING: AUDUSD | PRICE: 0.72 | BIAS: BULLISH | ER: 0.68 | VEL: 0.85
[2026-05-06 10:33:31,301] INFO:  >> [GUARD] AUDUSD position already active. Skipping.
[2026-05-06 10:33:31,302] INFO: SCANNING: XAUUSD | PRICE: 4643.74 | BIAS: BULLISH | ER: 0.6 | VEL: 1.8
[2026-05-06 10:33:31,302] INFO:  >> [GUARD] XAUUSD position already active. Skipping.
[2026-05-06 10:33:31,308] INFO:  >> [HARVESTER] ALPHA is dominating. Scaling in reinforcements...
[2026-05-06 10:33:31,308] ERROR:  !! [HARVESTER_ERR] cannot access local variable 'lot' where it is not associated with a value
[2026-05-06 10:33:41,621] INFO: SCANNING: AUDUSD | PRICE: 0.72 | BIAS: BULLISH | ER: 0.68 | VEL: 0.82
[2026-05-06 10:33:41,622] INFO:  >> [GUARD] AUDUSD position already active. Skipping.
[2026-05-06 10:33:41,624] INFO: SCANNING: XAUUSD | PRICE: 4643.93 | BIAS: BULLISH | ER: 0.6 | VEL: 1.82
[2026-05-06 10:33:41,624] INFO:  >> [GUARD] XAUUSD position already active. Skipping.
[2026-05-06 10:33:41,634] INFO:  >> [HARVESTER] ALPHA is dominating. Scaling in reinforcements...
[2026-05-06 10:33:41,634] ERROR:  !! [HARVESTER_ERR] cannot access local variable 'lot' where it is not associated with a value
[2026-05-06 11:49:35,344] INFO: --- IRON CORE ENGINE v3.0 ACTIVE ---
[2026-05-06 11:49:40,833] INFO: SCANNING: AUDUSD | PRICE: 0.72 | BIAS: BULLISH | ER: 0.61 | VEL: 1.76
[2026-05-06 11:49:40,833] INFO:  >> [GUARD] AUDUSD position already active. Skipping.
[2026-05-06 11:49:40,835] INFO:  >> [HARVESTER] ALPHA is dominating. Scaling in reinforcements...
[2026-05-06 11:49:51,169] INFO: SCANNING: AUDUSD | PRICE: 0.72 | BIAS: BULLISH | ER: 0.61 | VEL: 1.71
[2026-05-06 11:49:51,169] INFO:  >> [GUARD] AUDUSD position already active. Skipping.
[2026-05-06 11:49:51,169] INFO: SCANNING: XAUUSD | PRICE: 4650.96 | BIAS: BULLISH | ER: 0.51 | VEL: 0.47
[2026-05-06 11:49:51,169] INFO:  >> [GUARD] XAUUSD position already active. Skipping.
[2026-05-06 11:49:51,178] INFO:  >> [HARVESTER] ALPHA is dominating. Scaling in reinforcements...
[2026-05-06 11:49:51,178] ERROR:  !! [HARVESTER_ERR] cannot access local variable 'lot' where it is not associated with a value
[2026-05-06 11:50:01,494] INFO: SCANNING: AUDUSD | PRICE: 0.72 | BIAS: BULLISH | ER: 0.61 | VEL: 1.75
[2026-05-06 11:50:01,494] INFO:  >> [GUARD] AUDUSD position already active. Skipping.
[2026-05-06 11:50:01,495] INFO: SCANNING: XAUUSD | PRICE: 4650.76 | BIAS: BULLISH | ER: 0.51 | VEL: 0.44
[2026-05-06 11:50:01,495] INFO:  >> [GUARD] XAUUSD position already active. Skipping.
[2026-05-06 11:50:01,500] INFO:  >> [HARVESTER] ALPHA is dominating. Scaling in reinforcements...
[2026-05-06 11:50:01,500] ERROR:  !! [HARVESTER_ERR] cannot access local variable 'lot' where it is not associated with a value
[2026-05-06 11:50:11,813] INFO: SCANNING: AUDUSD | PRICE: 0.72 | BIAS: BULLISH | ER: 0.61 | VEL: 1.78
[2026-05-06 11:50:11,813] INFO:  >> [GUARD] AUDUSD position already active. Skipping.
[2026-05-06 11:50:11,814] INFO: SCANNING: XAUUSD | PRICE: 4650.42 | BIAS: BULLISH | ER: 0.51 | VEL: 0.39
[2026-05-06 11:50:11,814] INFO:  >> [GUARD] XAUUSD position already active. Skipping.
[2026-05-06 11:50:11,856] INFO:  >> [HARVESTER] ALPHA is dominating. Scaling in reinforcements...
[2026-05-06 11:50:11,856] ERROR:  !! [HARVESTER_ERR] cannot access local variable 'lot' where it is not associated with a value
[2026-05-06 11:50:22,207] INFO: SCANNING: AUDUSD | PRICE: 0.72 | BIAS: BULLISH | ER: 0.61 | VEL: 1.79
[2026-05-06 11:50:22,207] INFO:  >> [GUARD] AUDUSD position already active. Skipping.
[2026-05-06 11:50:22,207] INFO: SCANNING: XAUUSD | PRICE: 4651.33 | BIAS: BULLISH | ER: 0.51 | VEL: 0.52
[2026-05-06 11:50:22,208] INFO:  >> [GUARD] XAUUSD position already active. Skipping.
[2026-05-06 11:50:22,248] INFO:  >> [HARVESTER] ALPHA is dominating. Scaling in reinforcements...
[2026-05-06 11:50:22,249] ERROR:  !! [HARVESTER_ERR] cannot access local variable 'lot' where it is not associated with a value
[2026-05-06 11:50:24,265] INFO: --- IRON CORE ENGINE v3.0 ACTIVE ---
[2026-05-06 11:50:29,305] INFO: SCANNING: AUDUSD | PRICE: 0.72 | BIAS: BULLISH | ER: 0.61 | VEL: 1.77
[2026-05-06 11:50:29,497] INFO:  >> [GUARD] AUDUSD position already active.
[2026-05-06 11:50:29,497] INFO:  >> [HARVESTER] AUDUSD is dominating. Scaling in reinforcements...
[2026-05-06 11:50:29,525] INFO: SCANNING: XAUUSD | PRICE: 4651.25 | BIAS: BULLISH | ER: 0.51 | VEL: 0.51
[2026-05-06 11:50:29,722] INFO:  >> [GUARD] XAUUSD position already active.
[2026-05-06 11:50:29,722] INFO:  >> [HARVESTER] XAUUSD is dominating. Scaling in reinforcements...
[2026-05-06 11:50:40,073] INFO: SCANNING: XAUUSD | PRICE: 4651.00 | BIAS: BULLISH | ER: 0.51 | VEL: 0.47
[2026-05-06 11:50:40,265] INFO:  >> [GUARD] XAUUSD position already active.
[2026-05-06 11:50:40,265] INFO:  >> [HARVESTER] XAUUSD is dominating. Scaling in reinforcements...
[2026-05-06 11:50:40,265] INFO: SCANNING: AUDUSD | PRICE: 0.72 | BIAS: BULLISH | ER: 0.61 | VEL: 1.81
[2026-05-06 11:50:40,461] INFO:  >> [GUARD] AUDUSD position already active.
[2026-05-06 11:50:40,461] INFO:  >> [HARVESTER] AUDUSD is dominating. Scaling in reinforcements...
[2026-05-06 11:50:50,798] INFO: SCANNING: XAUUSD | PRICE: 4650.92 | BIAS: BULLISH | ER: 0.51 | VEL: 0.46
[2026-05-06 11:50:51,000] INFO:  >> [GUARD] XAUUSD position already active.
[2026-05-06 11:50:51,000] INFO:  >> [HARVESTER] XAUUSD is dominating. Scaling in reinforcements...
[2026-05-06 11:50:51,001] INFO: SCANNING: AUDUSD | PRICE: 0.72 | BIAS: BULLISH | ER: 0.61 | VEL: 1.8
[2026-05-06 11:50:51,198] INFO:  >> [GUARD] AUDUSD position already active.
[2026-05-06 11:50:51,198] INFO:  >> [HARVESTER] AUDUSD is dominating. Scaling in reinforcements...
[2026-05-06 11:51:01,579] INFO: SCANNING: XAUUSD | PRICE: 4651.91 | BIAS: BULLISH | ER: 0.52 | VEL: 0.61
[2026-05-06 11:51:01,787] INFO:  >> [GUARD] XAUUSD position already active.
[2026-05-06 11:51:01,787] INFO:  >> [HARVESTER] XAUUSD is dominating. Scaling in reinforcements...
[2026-05-06 11:51:01,789] INFO: SCANNING: AUDUSD | PRICE: 0.72 | BIAS: BULLISH | ER: 0.61 | VEL: 1.84
[2026-05-06 11:51:01,989] INFO:  >> [GUARD] AUDUSD position already active.
[2026-05-06 11:51:01,989] INFO:  >> [HARVESTER] AUDUSD is dominating. Scaling in reinforcements...
[2026-05-06 11:51:12,368] INFO: SCANNING: XAUUSD | PRICE: 4650.84 | BIAS: BULLISH | ER: 0.51 | VEL: 0.45
[2026-05-06 11:51:12,558] INFO:  >> [GUARD] XAUUSD position already active.
[2026-05-06 11:51:12,558] INFO:  >> [HARVESTER] XAUUSD is dominating. Scaling in reinforcements...
[2026-05-06 11:51:12,560] INFO: SCANNING: AUDUSD | PRICE: 0.72 | BIAS: BULLISH | ER: 0.61 | VEL: 1.81
[2026-05-06 11:51:12,764] INFO:  >> [GUARD] AUDUSD position already active.
[2026-05-06 11:51:12,764] INFO:  >> [HARVESTER] AUDUSD is dominating. Scaling in reinforcements...
[2026-05-06 11:51:23,102] INFO: SCANNING: XAUUSD | PRICE: 4650.94 | BIAS: BULLISH | ER: 0.51 | VEL: 0.46
[2026-05-06 11:51:23,297] INFO:  >> [GUARD] XAUUSD position already active.
[2026-05-06 11:51:23,297] INFO:  >> [HARVESTER] XAUUSD is dominating. Scaling in reinforcements...
[2026-05-06 11:51:23,297] INFO: SCANNING: AUDUSD | PRICE: 0.72 | BIAS: BULLISH | ER: 0.61 | VEL: 1.85
[2026-05-06 11:51:23,488] INFO:  >> [GUARD] AUDUSD position already active.
[2026-05-06 11:51:23,489] INFO:  >> [HARVESTER] AUDUSD is dominating. Scaling in reinforcements...
[2026-05-06 11:51:33,822] INFO: SCANNING: XAUUSD | PRICE: 4650.31 | BIAS: BULLISH | ER: 0.5 | VEL: 0.37
[2026-05-06 11:51:34,014] INFO:  >> [GUARD] XAUUSD position already active.
[2026-05-06 11:51:34,014] INFO:  >> [HARVESTER] XAUUSD is dominating. Scaling in reinforcements...
[2026-05-06 11:51:34,014] INFO: SCANNING: AUDUSD | PRICE: 0.72 | BIAS: BULLISH | ER: 0.62 | VEL: 1.88
[2026-05-06 11:51:34,208] INFO:  >> [GUARD] AUDUSD position already active.
[2026-05-06 11:51:34,208] INFO:  >> [HARVESTER] AUDUSD is dominating. Scaling in reinforcements...
[2026-05-06 11:51:44,553] INFO: SCANNING: XAUUSD | PRICE: 4651.34 | BIAS: BULLISH | ER: 0.51 | VEL: 0.52
[2026-05-06 11:51:44,746] INFO:  >> [GUARD] XAUUSD position already active.
[2026-05-06 11:51:44,747] INFO:  >> [HARVESTER] XAUUSD is dominating. Scaling in reinforcements...
[2026-05-06 11:51:44,748] INFO: SCANNING: AUDUSD | PRICE: 0.73 | BIAS: BULLISH | ER: 0.62 | VEL: 1.91
[2026-05-06 11:51:44,942] INFO:  >> [GUARD] AUDUSD position already active.
[2026-05-06 11:51:44,942] INFO:  >> [HARVESTER] AUDUSD is dominating. Scaling in reinforcements...
[2026-05-06 11:51:55,276] INFO: SCANNING: XAUUSD | PRICE: 4650.86 | BIAS: BULLISH | ER: 0.51 | VEL: 0.45
[2026-05-06 11:51:55,469] INFO:  >> [GUARD] XAUUSD position already active.
[2026-05-06 11:51:55,469] INFO:  >> [HARVESTER] XAUUSD is dominating. Scaling in reinforcements...
[2026-05-06 11:51:55,469] INFO: SCANNING: AUDUSD | PRICE: 0.72 | BIAS: BULLISH | ER: 0.62 | VEL: 1.83
[2026-05-06 11:51:55,661] INFO:  >> [GUARD] AUDUSD position already active.
[2026-05-06 11:51:55,661] INFO:  >> [HARVESTER] AUDUSD is dominating. Scaling in reinforcements...
[2026-05-06 11:52:05,993] INFO: SCANNING: XAUUSD | PRICE: 4650.75 | BIAS: BULLISH | ER: 0.51 | VEL: 0.43
[2026-05-06 11:52:06,185] INFO:  >> [GUARD] XAUUSD position already active.
[2026-05-06 11:52:06,186] INFO:  >> [HARVESTER] XAUUSD is dominating. Scaling in reinforcements...
[2026-05-06 11:52:06,186] INFO: SCANNING: AUDUSD | PRICE: 0.72 | BIAS: BULLISH | ER: 0.62 | VEL: 1.83
[2026-05-06 11:52:06,376] INFO:  >> [GUARD] AUDUSD position already active.
[2026-05-06 11:52:06,376] INFO:  >> [HARVESTER] AUDUSD is dominating. Scaling in reinforcements...
[2026-05-06 11:52:16,713] INFO: SCANNING: XAUUSD | PRICE: 4650.27 | BIAS: BULLISH | ER: 0.5 | VEL: 0.36
[2026-05-06 11:52:16,905] INFO:  >> [GUARD] XAUUSD position already active.
[2026-05-06 11:52:16,905] INFO:  >> [HARVESTER] XAUUSD is dominating. Scaling in reinforcements...
[2026-05-06 11:52:16,906] INFO: SCANNING: AUDUSD | PRICE: 0.72 | BIAS: BULLISH | ER: 0.62 | VEL: 1.85
[2026-05-06 11:52:17,097] INFO:  >> [GUARD] AUDUSD position already active.
[2026-05-06 11:52:17,097] INFO:  >> [HARVESTER] AUDUSD is dominating. Scaling in reinforcements...
[2026-05-06 11:52:27,437] INFO: SCANNING: XAUUSD | PRICE: 4650.72 | BIAS: BULLISH | ER: 0.51 | VEL: 0.43
[2026-05-06 11:52:27,636] INFO:  >> [GUARD] XAUUSD position already active.
[2026-05-06 11:52:27,636] INFO:  >> [HARVESTER] XAUUSD is dominating. Scaling in reinforcements...
[2026-05-06 11:52:27,637] INFO: SCANNING: AUDUSD | PRICE: 0.72 | BIAS: BULLISH | ER: 0.62 | VEL: 1.87
[2026-05-06 11:52:27,836] INFO:  >> [GUARD] AUDUSD position already active.
[2026-05-06 11:52:27,836] INFO:  >> [HARVESTER] AUDUSD is dominating. Scaling in reinforcements...
[2026-05-06 11:52:38,170] INFO: SCANNING: XAUUSD | PRICE: 4650.36 | BIAS: BULLISH | ER: 0.51 | VEL: 0.37
[2026-05-06 11:52:38,361] INFO:  >> [GUARD] XAUUSD position already active.
[2026-05-06 11:52:38,361] INFO:  >> [HARVESTER] XAUUSD is dominating. Scaling in reinforcements...
[2026-05-06 11:52:38,361] INFO: SCANNING: AUDUSD | PRICE: 0.72 | BIAS: BULLISH | ER: 0.61 | VEL: 1.79
[2026-05-06 11:52:38,556] INFO:  >> [GUARD] AUDUSD position already active.
[2026-05-06 11:52:38,556] INFO:  >> [HARVESTER] AUDUSD is dominating. Scaling in reinforcements...
