[2026-05-06 09:09:34,957] INFO: --- IRON CORE ENGINE v3.0 ACTIVE ---
[2026-05-06 09:09:43,729] INFO:  >> [SAFE_HANDOVER] Syncing DE30 SL to 24219.92171
[2026-05-06 09:09:43,836] INFO: SCANNING: USDJPY | PRICE: 157.68 | BIAS: BULLISH | ER: 0.21 | VEL: 1.25
[2026-05-06 09:09:43,836] INFO:  >> [GUARD] USDJPY position already active. Skipping.
[2026-05-06 09:09:43,853] INFO: SCANNING: DE30 | PRICE: 24523.10 | BIAS: BEARISH | ER: 0.44 | VEL: 0.87
[2026-05-06 09:09:43,853] INFO:  >> [GUARD] DE30 position already active. Skipping.
[2026-05-06 09:09:54,086] INFO:  >> [SAFE_HANDOVER] Syncing DE30 SL to 24219.92171
[2026-05-06 09:09:54,091] INFO:  >> [SAFE_HANDOVER] Syncing XAUUSD SL to 4619.41605
[2026-05-06 09:09:54,121] INFO:  >> [SAFE_HANDOVER] Syncing GBPUSD SL to 1.35682
[2026-05-06 09:09:54,278] INFO: SCANNING: EURUSD | PRICE: 1.17 | BIAS: BULLISH | ER: 0.51 | VEL: 0.59
[2026-05-06 09:09:55,367] WARNING:  !! [SAFETY_CLAMP] Capping 0.13 -> 0.05 for EURUSD
[2026-05-06 09:09:55,367] INFO: VAULT_PASS [GAMMA]: EURUSD 0.05 (Risk: 0.292%)
[2026-05-06 09:09:55,367] INFO:  >> [EMPIRICAL] Using Optimized Targets: SL 1.5x | TP 2.0x
[2026-05-06 09:09:55,586] INFO:  !! [SAFETY_PASS] GAMMA validated for EURUSD BUY 0.05
[2026-05-06 09:09:55,589] INFO:  >> [GAMMA_STRIKE] Safety Verified. Executing BUY EURUSD @ 1.17235 | LOT: 0.05 | SL: 1.1708735714285714 | TP: 1.1743185714285713
[2026-05-06 09:09:56,632] INFO:  >> [RELAY] Signal relayed to Telegram.
[2026-05-06 09:09:56,632] INFO:  >> [SUCCESS] EURUSD BUY order completed.
[2026-05-06 09:10:06,854] INFO:  >> [SAFE_HANDOVER] Syncing DE30 SL to 24219.92171
[2026-05-06 09:10:06,856] INFO:  >> [SAFE_HANDOVER] Syncing XAUUSD SL to 4619.41605
[2026-05-06 09:10:06,968] INFO: SCANNING: EURUSD | PRICE: 1.17 | BIAS: BULLISH | ER: 0.51 | VEL: 0.57
[2026-05-06 09:10:06,968] INFO:  >> [GUARD] EURUSD position already active. Skipping.
[2026-05-06 09:10:17,246] INFO:  >> [SAFE_HANDOVER] Syncing DE30 SL to 24219.92171
[2026-05-06 09:10:17,246] INFO:  >> [SAFE_HANDOVER] Syncing XAUUSD SL to 4619.41605
[2026-05-06 09:10:17,342] INFO: SCANNING: EURUSD | PRICE: 1.17 | BIAS: BULLISH | ER: 0.51 | VEL: 0.55
[2026-05-06 09:10:17,343] INFO:  >> [GUARD] EURUSD position already active. Skipping.
[2026-05-06 09:10:27,601] INFO:  >> [SAFE_HANDOVER] Syncing DE30 SL to 24219.92171
[2026-05-06 09:10:27,602] INFO:  >> [SAFE_HANDOVER] Syncing XAUUSD SL to 4619.41605
[2026-05-06 09:10:27,698] INFO: SCANNING: EURUSD | PRICE: 1.17 | BIAS: BULLISH | ER: 0.51 | VEL: 0.57
[2026-05-06 09:10:27,698] INFO:  >> [GUARD] EURUSD position already active. Skipping.
[2026-05-06 09:10:37,956] INFO:  >> [SAFE_HANDOVER] Syncing DE30 SL to 24219.92171
[2026-05-06 09:10:37,958] INFO:  >> [SAFE_HANDOVER] Syncing XAUUSD SL to 4619.41605
[2026-05-06 09:10:38,057] INFO: SCANNING: EURUSD | PRICE: 1.17 | BIAS: BULLISH | ER: 0.51 | VEL: 0.57
[2026-05-06 09:10:38,057] INFO:  >> [GUARD] EURUSD position already active. Skipping.
[2026-05-06 09:10:48,322] INFO:  >> [SAFE_HANDOVER] Syncing DE30 SL to 24219.92171
[2026-05-06 09:10:48,322] INFO:  >> [SAFE_HANDOVER] Syncing XAUUSD SL to 4619.41605
[2026-05-06 09:10:48,420] INFO: SCANNING: EURUSD | PRICE: 1.17 | BIAS: BULLISH | ER: 0.51 | VEL: 0.55
[2026-05-06 09:10:48,420] INFO:  >> [GUARD] EURUSD position already active. Skipping.
[2026-05-06 09:10:58,637] INFO:  >> [SAFE_HANDOVER] Syncing DE30 SL to 24219.92171
[2026-05-06 09:10:58,638] INFO:  >> [SAFE_HANDOVER] Syncing XAUUSD SL to 4619.41605
[2026-05-06 09:10:58,736] INFO: SCANNING: EURUSD | PRICE: 1.17 | BIAS: BULLISH | ER: 0.5 | VEL: 0.42
[2026-05-06 09:10:58,736] INFO:  >> [GUARD] EURUSD position already active. Skipping.
[2026-05-06 09:11:08,987] INFO:  >> [SAFE_HANDOVER] Syncing DE30 SL to 24219.92171
[2026-05-06 09:11:08,989] INFO:  >> [SAFE_HANDOVER] Syncing XAUUSD SL to 4619.41605
[2026-05-06 09:11:09,085] INFO: SCANNING: EURUSD | PRICE: 1.17 | BIAS: BULLISH | ER: 0.51 | VEL: 0.48
[2026-05-06 09:11:09,085] INFO:  >> [GUARD] EURUSD position already active. Skipping.
[2026-05-06 09:11:19,301] INFO:  >> [SAFE_HANDOVER] Syncing DE30 SL to 24219.92171
[2026-05-06 09:11:19,301] INFO:  >> [SAFE_HANDOVER] Syncing XAUUSD SL to 4619.41605
[2026-05-06 09:11:19,397] INFO: SCANNING: EURUSD | PRICE: 1.17 | BIAS: BULLISH | ER: 0.51 | VEL: 0.59
[2026-05-06 09:11:19,397] INFO:  >> [GUARD] EURUSD position already active. Skipping.
[2026-05-06 09:11:29,669] INFO:  >> [SAFE_HANDOVER] Syncing DE30 SL to 24219.92171
[2026-05-06 09:11:29,671] INFO:  >> [SAFE_HANDOVER] Syncing XAUUSD SL to 4619.41605
[2026-05-06 09:11:29,772] INFO: SCANNING: EURUSD | PRICE: 1.17 | BIAS: BULLISH | ER: 0.51 | VEL: 0.59
[2026-05-06 09:11:29,774] INFO:  >> [GUARD] EURUSD position already active. Skipping.
[2026-05-06 09:11:40,042] INFO:  >> [SAFE_HANDOVER] Syncing DE30 SL to 24219.92171
[2026-05-06 09:11:40,044] INFO:  >> [SAFE_HANDOVER] Syncing XAUUSD SL to 4619.41605
[2026-05-06 09:11:40,140] INFO: SCANNING: EURUSD | PRICE: 1.17 | BIAS: BULLISH | ER: 0.51 | VEL: 0.57
[2026-05-06 09:11:40,140] INFO:  >> [GUARD] EURUSD position already active. Skipping.
[2026-05-06 09:11:50,355] INFO:  >> [SAFE_HANDOVER] Syncing DE30 SL to 24219.92171
[2026-05-06 09:11:50,356] INFO:  >> [SAFE_HANDOVER] Syncing XAUUSD SL to 4619.41605
[2026-05-06 09:11:50,453] INFO: SCANNING: EURUSD | PRICE: 1.17 | BIAS: BULLISH | ER: 0.51 | VEL: 0.52
[2026-05-06 09:11:50,454] INFO:  >> [GUARD] EURUSD position already active. Skipping.
[2026-05-06 09:12:00,667] INFO:  >> [SAFE_HANDOVER] Syncing DE30 SL to 24219.92171
[2026-05-06 09:12:00,667] INFO:  >> [SAFE_HANDOVER] Syncing XAUUSD SL to 4619.41605
[2026-05-06 09:12:00,765] INFO: SCANNING: EURUSD | PRICE: 1.17 | BIAS: BULLISH | ER: 0.51 | VEL: 0.55
[2026-05-06 09:12:00,766] INFO:  >> [GUARD] EURUSD position already active. Skipping.
[2026-05-06 09:12:10,979] INFO:  >> [SAFE_HANDOVER] Syncing DE30 SL to 24219.92171
[2026-05-06 09:12:10,979] INFO:  >> [SAFE_HANDOVER] Syncing XAUUSD SL to 4619.41605
[2026-05-06 09:12:11,076] INFO: SCANNING: EURUSD | PRICE: 1.17 | BIAS: BULLISH | ER: 0.51 | VEL: 0.52
[2026-05-06 09:12:11,077] INFO:  >> [GUARD] EURUSD position already active. Skipping.
[2026-05-06 09:12:21,323] INFO:  >> [SAFE_HANDOVER] Syncing DE30 SL to 24219.92171
[2026-05-06 09:12:21,324] INFO:  >> [SAFE_HANDOVER] Syncing XAUUSD SL to 4619.41605
[2026-05-06 09:12:21,420] INFO: SCANNING: EURUSD | PRICE: 1.17 | BIAS: BULLISH | ER: 0.5 | VEL: 0.44
[2026-05-06 09:12:21,420] INFO:  >> [GUARD] EURUSD position already active. Skipping.
[2026-05-06 09:12:31,638] INFO:  >> [SAFE_HANDOVER] Syncing DE30 SL to 24219.92171
[2026-05-06 09:12:31,639] INFO:  >> [SAFE_HANDOVER] Syncing XAUUSD SL to 4619.41605
[2026-05-06 09:12:31,737] INFO: SCANNING: EURUSD | PRICE: 1.17 | BIAS: BULLISH | ER: 0.51 | VEL: 0.46
[2026-05-06 09:12:31,737] INFO:  >> [GUARD] EURUSD position already active. Skipping.
[2026-05-06 09:12:41,957] INFO:  >> [SAFE_HANDOVER] Syncing DE30 SL to 24219.92171
[2026-05-06 09:12:41,957] INFO:  >> [SAFE_HANDOVER] Syncing XAUUSD SL to 4619.41605
[2026-05-06 09:12:42,053] INFO: SCANNING: EURUSD | PRICE: 1.17 | BIAS: BULLISH | ER: 0.51 | VEL: 0.52
[2026-05-06 09:12:42,053] INFO:  >> [GUARD] EURUSD position already active. Skipping.
[2026-05-06 09:12:52,274] INFO:  >> [SAFE_HANDOVER] Syncing DE30 SL to 24219.92171
[2026-05-06 09:12:52,276] INFO:  >> [SAFE_HANDOVER] Syncing XAUUSD SL to 4619.41605
[2026-05-06 09:12:52,370] INFO: SCANNING: EURUSD | PRICE: 1.17 | BIAS: BULLISH | ER: 0.51 | VEL: 0.5
[2026-05-06 09:12:52,370] INFO:  >> [GUARD] EURUSD position already active. Skipping.
[2026-05-06 09:13:02,583] INFO:  >> [SAFE_HANDOVER] Syncing DE30 SL to 24219.92171
[2026-05-06 09:13:02,583] INFO:  >> [SAFE_HANDOVER] Syncing XAUUSD SL to 4619.41605
[2026-05-06 09:13:02,680] INFO: SCANNING: EURUSD | PRICE: 1.17 | BIAS: BULLISH | ER: 0.51 | VEL: 0.5
[2026-05-06 09:13:02,680] INFO:  >> [GUARD] EURUSD position already active. Skipping.
[2026-05-06 09:13:12,923] INFO:  >> [SAFE_HANDOVER] Syncing DE30 SL to 24219.92171
[2026-05-06 09:13:12,923] INFO:  >> [SAFE_HANDOVER] Syncing XAUUSD SL to 4619.41605
[2026-05-06 09:13:13,020] INFO: SCANNING: EURUSD | PRICE: 1.17 | BIAS: BULLISH | ER: 0.51 | VEL: 0.46
[2026-05-06 09:13:13,020] INFO:  >> [GUARD] EURUSD position already active. Skipping.
[2026-05-06 09:13:23,240] INFO:  >> [SAFE_HANDOVER] Syncing DE30 SL to 24219.92171
[2026-05-06 09:13:23,336] INFO: SCANNING: EURUSD | PRICE: 1.17 | BIAS: BULLISH | ER: 0.51 | VEL: 0.46
[2026-05-06 09:13:23,337] INFO:  >> [GUARD] EURUSD position already active. Skipping.
[2026-05-06 09:13:33,555] INFO:  >> [SAFE_HANDOVER] Syncing DE30 SL to 24219.92171
[2026-05-06 09:13:33,654] INFO: SCANNING: EURUSD | PRICE: 1.17 | BIAS: BULLISH | ER: 0.5 | VEL: 0.4
[2026-05-06 09:13:33,654] INFO:  >> [GUARD] EURUSD position already active. Skipping.
[2026-05-06 09:13:43,881] INFO:  >> [SAFE_HANDOVER] Syncing DE30 SL to 24219.92171
[2026-05-06 09:13:43,982] INFO: SCANNING: EURUSD | PRICE: 1.17 | BIAS: BULLISH | ER: 0.5 | VEL: 0.38
[2026-05-06 09:13:43,982] INFO:  >> [GUARD] EURUSD position already active. Skipping.
[2026-05-06 09:13:54,268] INFO:  >> [SAFE_HANDOVER] Syncing DE30 SL to 24219.92171
[2026-05-06 09:13:54,679] INFO: SCANNING: EURUSD | PRICE: 1.17 | BIAS: BULLISH | ER: 0.5 | VEL: 0.38
[2026-05-06 09:13:54,679] INFO:  >> [GUARD] EURUSD position already active. Skipping.
[2026-05-06 09:14:04,889] INFO:  >> [SAFE_HANDOVER] Syncing DE30 SL to 24219.92171
[2026-05-06 09:14:04,986] INFO: SCANNING: EURUSD | PRICE: 1.17 | BIAS: BULLISH | ER: 0.5 | VEL: 0.34
[2026-05-06 09:14:04,986] INFO:  >> [GUARD] EURUSD position already active. Skipping.
[2026-05-06 09:14:15,238] INFO:  >> [SAFE_HANDOVER] Syncing DE30 SL to 24219.92171
[2026-05-06 09:14:15,334] INFO: SCANNING: EURUSD | PRICE: 1.17 | BIAS: BULLISH | ER: 0.5 | VEL: 0.23
[2026-05-06 09:14:15,334] INFO:  >> [GUARD] EURUSD position already active. Skipping.
[2026-05-06 09:14:25,581] INFO:  >> [SAFE_HANDOVER] Syncing DE30 SL to 24219.92171
[2026-05-06 09:14:25,679] INFO: SCANNING: EURUSD | PRICE: 1.17 | BIAS: BULLISH | ER: 0.49 | VEL: 0.19
[2026-05-06 09:14:25,679] INFO:  >> [GUARD] EURUSD position already active. Skipping.
[2026-05-06 09:14:35,900] INFO:  >> [SAFE_HANDOVER] Syncing DE30 SL to 24219.92171
[2026-05-06 09:14:36,002] INFO: SCANNING: EURUSD | PRICE: 1.17 | BIAS: BULLISH | ER: 0.5 | VEL: 0.21
[2026-05-06 09:14:36,004] INFO:  >> [GUARD] EURUSD position already active. Skipping.
[2026-05-06 09:14:46,284] INFO:  >> [SAFE_HANDOVER] Syncing DE30 SL to 24219.92171
[2026-05-06 09:14:46,382] INFO: SCANNING: EURUSD | PRICE: 1.17 | BIAS: BULLISH | ER: 0.49 | VEL: 0.17
[2026-05-06 09:14:46,383] INFO:  >> [GUARD] EURUSD position already active. Skipping.
[2026-05-06 09:14:56,649] INFO:  >> [SAFE_HANDOVER] Syncing DE30 SL to 24219.92171
[2026-05-06 09:14:56,747] INFO: SCANNING: EURUSD | PRICE: 1.17 | BIAS: BULLISH | ER: 0.5 | VEL: 0.21
[2026-05-06 09:14:56,747] INFO:  >> [GUARD] EURUSD position already active. Skipping.
[2026-05-06 09:15:07,011] INFO:  >> [SAFE_HANDOVER] Syncing DE30 SL to 24219.92171
[2026-05-06 09:15:07,109] INFO: SCANNING: EURUSD | PRICE: 1.17 | BIAS: BULLISH | ER: 0.42 | VEL: 0.44
[2026-05-06 09:15:07,109] INFO:  >> [GUARD] EURUSD position already active. Skipping.
[2026-05-06 09:15:17,423] INFO: SCANNING: EURUSD | PRICE: 1.17 | BIAS: BULLISH | ER: 0.43 | VEL: 0.49
[2026-05-06 09:15:17,423] INFO:  >> [GUARD] EURUSD position already active. Skipping.
[2026-05-06 09:15:27,739] INFO: SCANNING: EURUSD | PRICE: 1.17 | BIAS: BULLISH | ER: 0.43 | VEL: 0.56
[2026-05-06 09:15:27,739] INFO:  >> [GUARD] EURUSD position already active. Skipping.
[2026-05-06 09:15:38,056] INFO: SCANNING: EURUSD | PRICE: 1.17 | BIAS: BULLISH | ER: 0.43 | VEL: 0.56
[2026-05-06 09:15:38,056] INFO:  >> [GUARD] EURUSD position already active. Skipping.
[2026-05-06 09:15:48,433] INFO: SCANNING: EURUSD | PRICE: 1.17 | BIAS: BULLISH | ER: 0.43 | VEL: 0.56
[2026-05-06 09:15:48,433] INFO:  >> [GUARD] EURUSD position already active. Skipping.
[2026-05-06 09:15:58,778] INFO: SCANNING: EURUSD | PRICE: 1.17 | BIAS: BULLISH | ER: 0.43 | VEL: 0.56
[2026-05-06 09:15:58,778] INFO:  >> [GUARD] EURUSD position already active. Skipping.
[2026-05-06 09:16:09,161] INFO: SCANNING: EURUSD | PRICE: 1.17 | BIAS: BULLISH | ER: 0.43 | VEL: 0.63
[2026-05-06 09:16:09,161] INFO:  >> [GUARD] EURUSD position already active. Skipping.
[2026-05-06 09:16:19,509] INFO: SCANNING: EURUSD | PRICE: 1.17 | BIAS: BULLISH | ER: 0.43 | VEL: 0.62
[2026-05-06 09:16:19,511] INFO:  >> [GUARD] EURUSD position already active. Skipping.
[2026-05-06 09:16:29,833] INFO: SCANNING: EURUSD | PRICE: 1.17 | BIAS: BULLISH | ER: 0.43 | VEL: 0.55
[2026-05-06 09:16:29,833] INFO:  >> [GUARD] EURUSD position already active. Skipping.
[2026-05-06 09:16:40,195] INFO: SCANNING: EURUSD | PRICE: 1.17 | BIAS: BULLISH | ER: 0.43 | VEL: 0.55
[2026-05-06 09:16:40,196] INFO:  >> [GUARD] EURUSD position already active. Skipping.
[2026-05-06 09:16:50,515] INFO: SCANNING: EURUSD | PRICE: 1.17 | BIAS: BULLISH | ER: 0.43 | VEL: 0.5
[2026-05-06 09:16:50,515] INFO:  >> [GUARD] EURUSD position already active. Skipping.
[2026-05-06 09:17:00,906] INFO: SCANNING: EURUSD | PRICE: 1.17 | BIAS: BULLISH | ER: 0.43 | VEL: 0.53
[2026-05-06 09:17:00,906] INFO:  >> [GUARD] EURUSD position already active. Skipping.
[2026-05-06 09:17:11,224] INFO: SCANNING: EURUSD | PRICE: 1.17 | BIAS: BULLISH | ER: 0.43 | VEL: 0.62
[2026-05-06 09:17:11,224] INFO:  >> [GUARD] EURUSD position already active. Skipping.
[2026-05-06 09:17:21,576] INFO: SCANNING: EURUSD | PRICE: 1.17 | BIAS: BULLISH | ER: 0.44 | VEL: 0.65
[2026-05-06 09:17:21,578] INFO:  >> [GUARD] EURUSD position already active. Skipping.
[2026-05-06 09:17:31,921] INFO: SCANNING: EURUSD | PRICE: 1.17 | BIAS: BULLISH | ER: 0.44 | VEL: 0.73
[2026-05-06 09:17:31,921] INFO:  >> [GUARD] EURUSD position already active. Skipping.
[2026-05-06 09:17:42,274] INFO: SCANNING: EURUSD | PRICE: 1.17 | BIAS: BULLISH | ER: 0.44 | VEL: 0.77
[2026-05-06 09:17:42,274] INFO:  >> [GUARD] EURUSD position already active. Skipping.
[2026-05-06 09:17:52,590] INFO: SCANNING: EURUSD | PRICE: 1.17 | BIAS: BULLISH | ER: 0.45 | VEL: 0.89
[2026-05-06 09:17:52,590] INFO:  >> [GUARD] EURUSD position already active. Skipping.
[2026-05-06 09:18:02,924] INFO: SCANNING: EURUSD | PRICE: 1.17 | BIAS: BULLISH | ER: 0.44 | VEL: 0.76
[2026-05-06 09:18:02,924] INFO:  >> [GUARD] EURUSD position already active. Skipping.
[2026-05-06 09:18:13,317] INFO: SCANNING: EURUSD | PRICE: 1.17 | BIAS: BULLISH | ER: 0.44 | VEL: 0.73
[2026-05-06 09:18:13,317] INFO:  >> [GUARD] EURUSD position already active. Skipping.
[2026-05-06 09:18:23,674] INFO: SCANNING: EURUSD | PRICE: 1.17 | BIAS: BULLISH | ER: 0.44 | VEL: 0.76
[2026-05-06 09:18:23,674] INFO:  >> [GUARD] EURUSD position already active. Skipping.
[2026-05-06 09:18:34,033] INFO: SCANNING: EURUSD | PRICE: 1.17 | BIAS: BULLISH | ER: 0.44 | VEL: 0.76
[2026-05-06 09:18:34,033] INFO:  >> [GUARD] EURUSD position already active. Skipping.
[2026-05-06 09:18:44,385] INFO: SCANNING: EURUSD | PRICE: 1.17 | BIAS: BULLISH | ER: 0.44 | VEL: 0.76
[2026-05-06 09:18:44,385] INFO:  >> [GUARD] EURUSD position already active. Skipping.
[2026-05-06 09:18:54,731] INFO: SCANNING: EURUSD | PRICE: 1.17 | BIAS: BULLISH | ER: 0.44 | VEL: 0.66
[2026-05-06 09:18:54,731] INFO:  >> [GUARD] EURUSD position already active. Skipping.
[2026-05-06 09:19:05,051] INFO: SCANNING: EURUSD | PRICE: 1.17 | BIAS: BULLISH | ER: 0.44 | VEL: 0.76
[2026-05-06 09:19:05,051] INFO:  >> [GUARD] EURUSD position already active. Skipping.
[2026-05-06 09:19:15,428] INFO: SCANNING: EURUSD | PRICE: 1.17 | BIAS: BULLISH | ER: 0.44 | VEL: 0.71
[2026-05-06 09:19:15,428] INFO:  >> [GUARD] EURUSD position already active. Skipping.
[2026-05-06 09:19:25,744] INFO: SCANNING: EURUSD | PRICE: 1.17 | BIAS: BULLISH | ER: 0.44 | VEL: 0.71
[2026-05-06 09:19:25,746] INFO:  >> [GUARD] EURUSD position already active. Skipping.
[2026-05-06 09:19:36,060] INFO: SCANNING: EURUSD | PRICE: 1.17 | BIAS: BULLISH | ER: 0.44 | VEL: 0.71
[2026-05-06 09:19:36,060] INFO:  >> [GUARD] EURUSD position already active. Skipping.
[2026-05-06 09:19:46,384] INFO: SCANNING: EURUSD | PRICE: 1.17 | BIAS: BULLISH | ER: 0.44 | VEL: 0.71
[2026-05-06 09:19:46,384] INFO:  >> [GUARD] EURUSD position already active. Skipping.
[2026-05-06 09:19:56,732] INFO: SCANNING: EURUSD | PRICE: 1.17 | BIAS: BULLISH | ER: 0.44 | VEL: 0.71
[2026-05-06 09:19:56,734] INFO:  >> [GUARD] EURUSD position already active. Skipping.
[2026-05-06 09:20:07,060] INFO: SCANNING: EURUSD | PRICE: 1.17 | BIAS: BULLISH | ER: 0.44 | VEL: 0.71
[2026-05-06 09:20:07,060] INFO:  >> [GUARD] EURUSD position already active. Skipping.
[2026-05-06 09:20:17,376] INFO: SCANNING: EURUSD | PRICE: 1.17 | BIAS: BULLISH | ER: 0.44 | VEL: 0.69
[2026-05-06 09:20:17,376] INFO:  >> [GUARD] EURUSD position already active. Skipping.
[2026-05-06 09:20:27,680] INFO: SCANNING: EURUSD | PRICE: 1.17 | BIAS: BULLISH | ER: 0.44 | VEL: 0.69
[2026-05-06 09:20:27,680] INFO:  >> [GUARD] EURUSD position already active. Skipping.
[2026-05-06 09:20:38,019] INFO: SCANNING: EURUSD | PRICE: 1.17 | BIAS: BULLISH | ER: 0.44 | VEL: 0.69
[2026-05-06 09:20:38,019] INFO:  >> [GUARD] EURUSD position already active. Skipping.
[2026-05-06 09:20:48,379] INFO: SCANNING: EURUSD | PRICE: 1.17 | BIAS: BULLISH | ER: 0.44 | VEL: 0.69
[2026-05-06 09:20:48,379] INFO:  >> [GUARD] EURUSD position already active. Skipping.
[2026-05-06 09:20:58,698] INFO: SCANNING: EURUSD | PRICE: 1.17 | BIAS: BULLISH | ER: 0.44 | VEL: 0.64
[2026-05-06 09:20:58,698] INFO:  >> [GUARD] EURUSD position already active. Skipping.
[2026-05-06 09:21:09,046] INFO: SCANNING: EURUSD | PRICE: 1.17 | BIAS: BULLISH | ER: 0.43 | VEL: 0.46
[2026-05-06 09:21:09,046] INFO:  >> [GUARD] EURUSD position already active. Skipping.
[2026-05-06 09:21:19,403] INFO: SCANNING: EURUSD | PRICE: 1.17 | BIAS: BULLISH | ER: 0.43 | VEL: 0.52
[2026-05-06 09:21:19,403] INFO:  >> [GUARD] EURUSD position already active. Skipping.
[2026-05-06 09:21:29,763] INFO: SCANNING: EURUSD | PRICE: 1.17 | BIAS: BULLISH | ER: 0.44 | VEL: 0.62
[2026-05-06 09:21:29,763] INFO:  >> [GUARD] EURUSD position already active. Skipping.
[2026-05-06 09:21:40,136] INFO: SCANNING: EURUSD | PRICE: 1.17 | BIAS: BULLISH | ER: 0.44 | VEL: 0.66
[2026-05-06 09:21:40,136] INFO:  >> [GUARD] EURUSD position already active. Skipping.
[2026-05-06 09:21:50,503] INFO: SCANNING: EURUSD | PRICE: 1.17 | BIAS: BULLISH | ER: 0.44 | VEL: 0.64
[2026-05-06 09:21:50,503] INFO:  >> [GUARD] EURUSD position already active. Skipping.
[2026-05-06 09:22:00,826] INFO: SCANNING: EURUSD | PRICE: 1.17 | BIAS: BULLISH | ER: 0.43 | VEL: 0.55
[2026-05-06 09:22:00,826] INFO:  >> [GUARD] EURUSD position already active. Skipping.
[2026-05-06 09:22:11,144] INFO: SCANNING: EURUSD | PRICE: 1.17 | BIAS: BULLISH | ER: 0.43 | VEL: 0.52
[2026-05-06 09:22:11,144] INFO:  >> [GUARD] EURUSD position already active. Skipping.
[2026-05-06 09:22:21,484] INFO: SCANNING: EURUSD | PRICE: 1.17 | BIAS: BULLISH | ER: 0.43 | VEL: 0.52
[2026-05-06 09:22:21,484] INFO:  >> [GUARD] EURUSD position already active. Skipping.
[2026-05-06 09:22:31,795] INFO: SCANNING: EURUSD | PRICE: 1.17 | BIAS: BULLISH | ER: 0.43 | VEL: 0.5
[2026-05-06 09:22:31,795] INFO:  >> [GUARD] EURUSD position already active. Skipping.
[2026-05-06 09:22:42,159] INFO: SCANNING: EURUSD | PRICE: 1.17 | BIAS: BULLISH | ER: 0.43 | VEL: 0.46
[2026-05-06 09:22:42,159] INFO:  >> [GUARD] EURUSD position already active. Skipping.
[2026-05-06 09:22:52,518] INFO: SCANNING: EURUSD | PRICE: 1.17 | BIAS: BULLISH | ER: 0.42 | VEL: 0.39
[2026-05-06 09:22:52,518] INFO:  >> [GUARD] EURUSD position already active. Skipping.
[2026-05-06 09:23:02,888] INFO: SCANNING: EURUSD | PRICE: 1.17 | BIAS: BULLISH | ER: 0.43 | VEL: 0.43
[2026-05-06 09:23:02,889] INFO:  >> [GUARD] EURUSD position already active. Skipping.
[2026-05-06 09:23:13,236] INFO: SCANNING: EURUSD | PRICE: 1.17 | BIAS: BULLISH | ER: 0.42 | VEL: 0.41
[2026-05-06 09:23:13,236] INFO:  >> [GUARD] EURUSD position already active. Skipping.
[2026-05-06 09:23:23,550] INFO: SCANNING: EURUSD | PRICE: 1.17 | BIAS: BULLISH | ER: 0.43 | VEL: 0.43
[2026-05-06 09:23:23,552] INFO:  >> [GUARD] EURUSD position already active. Skipping.
[2026-05-06 09:23:33,885] INFO: SCANNING: EURUSD | PRICE: 1.17 | BIAS: BULLISH | ER: 0.42 | VEL: 0.41
[2026-05-06 09:23:33,885] INFO:  >> [GUARD] EURUSD position already active. Skipping.
[2026-05-06 09:23:44,233] INFO: SCANNING: EURUSD | PRICE: 1.17 | BIAS: BULLISH | ER: 0.43 | VEL: 0.43
[2026-05-06 09:23:44,233] INFO:  >> [GUARD] EURUSD position already active. Skipping.
[2026-05-06 09:23:54,554] INFO: SCANNING: EURUSD | PRICE: 1.17 | BIAS: BULLISH | ER: 0.43 | VEL: 0.43
[2026-05-06 09:23:54,554] INFO:  >> [GUARD] EURUSD position already active. Skipping.
[2026-05-06 09:24:04,902] INFO: SCANNING: EURUSD | PRICE: 1.17 | BIAS: BULLISH | ER: 0.43 | VEL: 0.48
[2026-05-06 09:24:04,902] INFO:  >> [GUARD] EURUSD position already active. Skipping.
[2026-05-06 09:24:15,225] INFO: SCANNING: EURUSD | PRICE: 1.17 | BIAS: BULLISH | ER: 0.43 | VEL: 0.45
[2026-05-06 09:24:15,225] INFO:  >> [GUARD] EURUSD position already active. Skipping.
[2026-05-06 09:24:25,573] INFO: SCANNING: EURUSD | PRICE: 1.17 | BIAS: BULLISH | ER: 0.43 | VEL: 0.45
[2026-05-06 09:24:25,573] INFO:  >> [GUARD] EURUSD position already active. Skipping.
[2026-05-06 09:24:35,923] INFO: SCANNING: EURUSD | PRICE: 1.17 | BIAS: BULLISH | ER: 0.43 | VEL: 0.48
[2026-05-06 09:24:35,923] INFO:  >> [GUARD] EURUSD position already active. Skipping.
[2026-05-06 09:24:46,231] INFO: SCANNING: EURUSD | PRICE: 1.17 | BIAS: BULLISH | ER: 0.43 | VEL: 0.43
[2026-05-06 09:24:46,232] INFO:  >> [GUARD] EURUSD position already active. Skipping.
[2026-05-06 09:24:56,541] INFO: SCANNING: EURUSD | PRICE: 1.17 | BIAS: BULLISH | ER: 0.42 | VEL: 0.41
[2026-05-06 09:24:56,541] INFO:  >> [GUARD] EURUSD position already active. Skipping.
[2026-05-06 09:25:06,898] INFO: SCANNING: EURUSD | PRICE: 1.17 | BIAS: BULLISH | ER: 0.42 | VEL: 0.41
[2026-05-06 09:25:06,898] INFO:  >> [GUARD] EURUSD position already active. Skipping.
[2026-05-06 09:25:17,211] INFO: SCANNING: EURUSD | PRICE: 1.17 | BIAS: BULLISH | ER: 0.41 | VEL: 0.27
[2026-05-06 09:25:17,211] INFO:  >> [GUARD] EURUSD position already active. Skipping.
[2026-05-06 09:25:27,542] INFO: SCANNING: EURUSD | PRICE: 1.17 | BIAS: BULLISH | ER: 0.41 | VEL: 0.24
[2026-05-06 09:25:27,544] INFO:  >> [GUARD] EURUSD position already active. Skipping.
[2026-05-06 09:25:37,884] INFO: SCANNING: EURUSD | PRICE: 1.17 | BIAS: BULLISH | ER: 0.42 | VEL: 0.38
[2026-05-06 09:25:37,884] INFO:  >> [GUARD] EURUSD position already active. Skipping.
[2026-05-06 09:35:43,226] INFO: --- IRON CORE ENGINE v3.0 ACTIVE ---
[2026-05-06 09:35:49,376] INFO: SCANNING: EURUSD | PRICE: 1.17 | BIAS: BULLISH | ER: 0.29 | VEL: 0.8
[2026-05-06 09:35:49,376] INFO:  >> [GUARD] EURUSD position already active. Skipping.
[2026-05-06 09:40:48,459] INFO: --- IRON CORE ENGINE v3.0 ACTIVE ---
[2026-05-06 09:40:53,416] INFO:  >> [DCA_BLOCKED] XAUUSD retesting support but NO HOUSE MONEY banked. Aborting add.
[2026-05-06 09:41:03,776] INFO:  >> [SAFE_HANDOVER] Syncing AUDUSD SL to 0.72234
[2026-05-06 09:41:40,509] INFO: --- IRON CORE ENGINE v3.0 ACTIVE ---
[2026-05-06 09:42:39,282] INFO: --- IRON CORE ENGINE v3.0 ACTIVE ---
[2026-05-06 09:42:44,406] INFO:  >> [HARVESTER] GAMMA is dominating. Scaling in reinforcements...
[2026-05-06 09:42:44,406] ERROR:  !! [HARVESTER_ERR] cannot access local variable 'symbol' where it is not associated with a value
[2026-05-06 09:42:54,667] INFO:  >> [SAFE_HANDOVER] Syncing JP225 SL to 60829.54086
[2026-05-06 09:42:54,767] INFO:  >> [HARVESTER] GAMMA is dominating. Scaling in reinforcements...
[2026-05-06 09:42:54,767] ERROR:  !! [HARVESTER_ERR] cannot access local variable 'symbol' where it is not associated with a value
[2026-05-06 09:43:04,983] INFO:  >> [SAFE_HANDOVER] Syncing JP225 SL to 60829.54086
[2026-05-06 09:43:04,985] INFO:  >> [SAFE_HANDOVER] Syncing JP225 SL to 60825.64086
[2026-05-06 09:43:05,085] INFO:  >> [HARVESTER] GAMMA is dominating. Scaling in reinforcements...
[2026-05-06 09:43:05,085] ERROR:  !! [HARVESTER_ERR] cannot access local variable 'symbol' where it is not associated with a value
[2026-05-06 09:43:15,327] INFO:  >> [SAFE_HANDOVER] Syncing JP225 SL to 60829.54086
[2026-05-06 09:43:15,327] INFO:  >> [SAFE_HANDOVER] Syncing JP225 SL to 60825.64086
[2026-05-06 09:43:15,327] INFO:  >> [SAFE_HANDOVER] Syncing JP225 SL to 60831.14086
[2026-05-06 09:43:15,429] INFO:  >> [HARVESTER] GAMMA is dominating. Scaling in reinforcements...
[2026-05-06 09:43:15,429] ERROR:  !! [HARVESTER_ERR] cannot access local variable 'symbol' where it is not associated with a value
[2026-05-06 09:43:25,649] INFO:  >> [SAFE_HANDOVER] Syncing JP225 SL to 60829.54086
[2026-05-06 09:43:25,651] INFO:  >> [SAFE_HANDOVER] Syncing JP225 SL to 60825.64086
[2026-05-06 09:43:25,652] INFO:  >> [SAFE_HANDOVER] Syncing JP225 SL to 60831.14086
[2026-05-06 09:43:25,652] INFO:  >> [SAFE_HANDOVER] Syncing JP225 SL to 60833.64086
[2026-05-06 09:43:25,749] INFO:  >> [HARVESTER] GAMMA is dominating. Scaling in reinforcements...
[2026-05-06 09:43:25,751] ERROR:  !! [HARVESTER_ERR] cannot access local variable 'symbol' where it is not associated with a value
[2026-05-06 09:43:35,967] INFO:  >> [SAFE_HANDOVER] Syncing JP225 SL to 60829.54086
[2026-05-06 09:43:35,967] INFO:  >> [SAFE_HANDOVER] Syncing JP225 SL to 60825.64086
[2026-05-06 09:43:35,969] INFO:  >> [SAFE_HANDOVER] Syncing JP225 SL to 60831.14086
[2026-05-06 09:43:35,969] INFO:  >> [SAFE_HANDOVER] Syncing JP225 SL to 60833.64086
[2026-05-06 09:43:35,969] INFO:  >> [SAFE_HANDOVER] Syncing JP225 SL to 60828.64086
[2026-05-06 09:43:36,067] INFO:  >> [HARVESTER] GAMMA is dominating. Scaling in reinforcements...
[2026-05-06 09:43:36,069] ERROR:  !! [HARVESTER_ERR] cannot access local variable 'symbol' where it is not associated with a value
[2026-05-06 09:43:46,278] INFO:  >> [SAFE_HANDOVER] Syncing JP225 SL to 60829.54086
[2026-05-06 09:43:46,278] INFO:  >> [SAFE_HANDOVER] Syncing JP225 SL to 60825.64086
[2026-05-06 09:43:46,279] INFO:  >> [SAFE_HANDOVER] Syncing JP225 SL to 60831.14086
[2026-05-06 09:43:46,279] INFO:  >> [SAFE_HANDOVER] Syncing JP225 SL to 60833.64086
[2026-05-06 09:43:46,280] INFO:  >> [SAFE_HANDOVER] Syncing JP225 SL to 60828.64086
[2026-05-06 09:43:46,280] INFO:  >> [SAFE_HANDOVER] Syncing JP225 SL to 60828.74086
[2026-05-06 09:43:46,377] INFO:  >> [HARVESTER] GAMMA is dominating. Scaling in reinforcements...
[2026-05-06 09:43:46,377] ERROR:  !! [HARVESTER_ERR] cannot access local variable 'symbol' where it is not associated with a value
[2026-05-06 09:43:56,595] INFO:  >> [SAFE_HANDOVER] Syncing JP225 SL to 60829.54086
[2026-05-06 09:43:56,595] INFO:  >> [SAFE_HANDOVER] Syncing JP225 SL to 60825.64086
[2026-05-06 09:43:56,595] INFO:  >> [SAFE_HANDOVER] Syncing JP225 SL to 60831.14086
[2026-05-06 09:43:56,595] INFO:  >> [SAFE_HANDOVER] Syncing JP225 SL to 60833.64086
[2026-05-06 09:43:56,597] INFO:  >> [SAFE_HANDOVER] Syncing JP225 SL to 60828.64086
[2026-05-06 09:43:56,597] INFO:  >> [SAFE_HANDOVER] Syncing JP225 SL to 60828.74086
[2026-05-06 09:43:56,598] INFO:  >> [SAFE_HANDOVER] Syncing JP225 SL to 60831.84086
[2026-05-06 09:43:56,711] INFO:  >> [HARVESTER] GAMMA is dominating. Scaling in reinforcements...
[2026-05-06 09:43:56,711] ERROR:  !! [HARVESTER_ERR] cannot access local variable 'symbol' where it is not associated with a value
[2026-05-06 09:44:06,931] INFO:  >> [SAFE_HANDOVER] Syncing JP225 SL to 60829.54086
[2026-05-06 09:44:06,931] INFO:  >> [SAFE_HANDOVER] Syncing JP225 SL to 60825.64086
[2026-05-06 09:44:06,931] INFO:  >> [SAFE_HANDOVER] Syncing JP225 SL to 60831.14086
[2026-05-06 09:44:06,931] INFO:  >> [SAFE_HANDOVER] Syncing JP225 SL to 60833.64086
[2026-05-06 09:44:06,931] INFO:  >> [SAFE_HANDOVER] Syncing JP225 SL to 60828.64086
[2026-05-06 09:44:06,932] INFO:  >> [SAFE_HANDOVER] Syncing JP225 SL to 60828.74086
[2026-05-06 09:44:06,932] INFO:  >> [SAFE_HANDOVER] Syncing JP225 SL to 60831.84086
[2026-05-06 09:44:06,933] INFO:  >> [SAFE_HANDOVER] Syncing JP225 SL to 60846.04086
[2026-05-06 09:44:07,030] INFO:  >> [HARVESTER] GAMMA is dominating. Scaling in reinforcements...
[2026-05-06 09:44:07,030] ERROR:  !! [HARVESTER_ERR] cannot access local variable 'symbol' where it is not associated with a value
[2026-05-06 09:44:17,307] INFO:  >> [SAFE_HANDOVER] Syncing JP225 SL to 60829.54086
[2026-05-06 09:44:17,308] INFO:  >> [SAFE_HANDOVER] Syncing JP225 SL to 60825.64086
[2026-05-06 09:44:17,308] INFO:  >> [SAFE_HANDOVER] Syncing JP225 SL to 60831.14086
[2026-05-06 09:44:17,308] INFO:  >> [SAFE_HANDOVER] Syncing JP225 SL to 60833.64086
[2026-05-06 09:44:17,308] INFO:  >> [SAFE_HANDOVER] Syncing JP225 SL to 60828.64086
[2026-05-06 09:44:17,309] INFO:  >> [SAFE_HANDOVER] Syncing JP225 SL to 60828.74086
[2026-05-06 09:44:17,309] INFO:  >> [SAFE_HANDOVER] Syncing JP225 SL to 60831.84086
[2026-05-06 09:44:17,309] INFO:  >> [SAFE_HANDOVER] Syncing JP225 SL to 60846.04086
[2026-05-06 09:44:17,309] INFO:  >> [SAFE_HANDOVER] Syncing JP225 SL to 60848.64086
[2026-05-06 09:44:17,408] INFO:  >> [HARVESTER] GAMMA is dominating. Scaling in reinforcements...
[2026-05-06 09:44:17,408] ERROR:  !! [HARVESTER_ERR] cannot access local variable 'symbol' where it is not associated with a value
[2026-05-06 09:44:27,653] INFO:  >> [SAFE_HANDOVER] Syncing JP225 SL to 60829.54086
[2026-05-06 09:44:27,653] INFO:  >> [SAFE_HANDOVER] Syncing JP225 SL to 60825.64086
[2026-05-06 09:44:27,654] INFO:  >> [SAFE_HANDOVER] Syncing JP225 SL to 60831.14086
[2026-05-06 09:44:27,654] INFO:  >> [SAFE_HANDOVER] Syncing JP225 SL to 60833.64086
[2026-05-06 09:44:27,655] INFO:  >> [SAFE_HANDOVER] Syncing JP225 SL to 60828.64086
[2026-05-06 09:44:27,684] INFO:  >> [SAFE_HANDOVER] Syncing JP225 SL to 60828.74086
[2026-05-06 09:44:27,685] INFO:  >> [SAFE_HANDOVER] Syncing JP225 SL to 60831.84086
[2026-05-06 09:44:27,685] INFO:  >> [SAFE_HANDOVER] Syncing JP225 SL to 60846.04086
[2026-05-06 09:44:27,685] INFO:  >> [SAFE_HANDOVER] Syncing JP225 SL to 60848.64086
[2026-05-06 09:44:27,687] INFO:  >> [SAFE_HANDOVER] Syncing JP225 SL to 60855.34086
[2026-05-06 09:44:27,791] INFO:  >> [HARVESTER] GAMMA is dominating. Scaling in reinforcements...
[2026-05-06 09:44:27,791] ERROR:  !! [HARVESTER_ERR] cannot access local variable 'symbol' where it is not associated with a value
[2026-05-06 09:44:38,043] INFO:  >> [SAFE_HANDOVER] Syncing JP225 SL to 60829.54086
[2026-05-06 09:44:38,044] INFO:  >> [SAFE_HANDOVER] Syncing JP225 SL to 60825.64086
[2026-05-06 09:44:38,045] INFO:  >> [SAFE_HANDOVER] Syncing JP225 SL to 60831.14086
[2026-05-06 09:44:38,045] INFO:  >> [SAFE_HANDOVER] Syncing JP225 SL to 60833.64086
[2026-05-06 09:44:38,045] INFO:  >> [SAFE_HANDOVER] Syncing JP225 SL to 60828.64086
[2026-05-06 09:44:38,045] INFO:  >> [SAFE_HANDOVER] Syncing JP225 SL to 60828.74086
[2026-05-06 09:44:38,045] INFO:  >> [SAFE_HANDOVER] Syncing JP225 SL to 60831.84086
[2026-05-06 09:44:38,046] INFO:  >> [SAFE_HANDOVER] Syncing JP225 SL to 60846.04086
[2026-05-06 09:44:38,046] INFO:  >> [SAFE_HANDOVER] Syncing JP225 SL to 60848.64086
[2026-05-06 09:44:38,046] INFO:  >> [SAFE_HANDOVER] Syncing JP225 SL to 60855.34086
[2026-05-06 09:44:38,046] INFO:  >> [SAFE_HANDOVER] Syncing JP225 SL to 60858.24086
[2026-05-06 09:44:38,149] INFO:  >> [HARVESTER] GAMMA is dominating. Scaling in reinforcements...
[2026-05-06 09:44:38,150] ERROR:  !! [HARVESTER_ERR] cannot access local variable 'symbol' where it is not associated with a value
[2026-05-06 09:44:48,374] INFO:  >> [SAFE_HANDOVER] Syncing JP225 SL to 60829.54086
[2026-05-06 09:44:48,374] INFO:  >> [SAFE_HANDOVER] Syncing JP225 SL to 60825.64086
[2026-05-06 09:44:48,376] INFO:  >> [SAFE_HANDOVER] Syncing JP225 SL to 60831.14086
[2026-05-06 09:44:48,376] INFO:  >> [SAFE_HANDOVER] Syncing JP225 SL to 60833.64086
[2026-05-06 09:44:48,377] INFO:  >> [SAFE_HANDOVER] Syncing JP225 SL to 60828.64086
[2026-05-06 09:44:48,377] INFO:  >> [SAFE_HANDOVER] Syncing JP225 SL to 60828.74086
[2026-05-06 09:44:48,377] INFO:  >> [SAFE_HANDOVER] Syncing JP225 SL to 60831.84086
[2026-05-06 09:44:48,377] INFO:  >> [SAFE_HANDOVER] Syncing JP225 SL to 60846.04086
[2026-05-06 09:44:48,378] INFO:  >> [SAFE_HANDOVER] Syncing JP225 SL to 60848.64086
[2026-05-06 09:44:48,378] INFO:  >> [SAFE_HANDOVER] Syncing JP225 SL to 60855.34086
[2026-05-06 09:44:48,378] INFO:  >> [SAFE_HANDOVER] Syncing JP225 SL to 60858.24086
[2026-05-06 09:44:48,378] INFO:  >> [SAFE_HANDOVER] Syncing JP225 SL to 60855.64086
[2026-05-06 09:44:48,478] INFO:  >> [HARVESTER] GAMMA is dominating. Scaling in reinforcements...
[2026-05-06 09:44:48,478] ERROR:  !! [HARVESTER_ERR] cannot access local variable 'symbol' where it is not associated with a value
[2026-05-06 09:44:58,772] INFO:  >> [SAFE_HANDOVER] Syncing JP225 SL to 60829.54086
[2026-05-06 09:44:58,772] INFO:  >> [SAFE_HANDOVER] Syncing JP225 SL to 60825.64086
[2026-05-06 09:44:58,774] INFO:  >> [SAFE_HANDOVER] Syncing JP225 SL to 60831.14086
[2026-05-06 09:44:58,774] INFO:  >> [SAFE_HANDOVER] Syncing JP225 SL to 60833.64086
[2026-05-06 09:44:58,775] INFO:  >> [SAFE_HANDOVER] Syncing JP225 SL to 60828.64086
[2026-05-06 09:44:58,775] INFO:  >> [SAFE_HANDOVER] Syncing JP225 SL to 60828.74086
[2026-05-06 09:44:58,775] INFO:  >> [SAFE_HANDOVER] Syncing JP225 SL to 60831.84086
[2026-05-06 09:44:58,776] INFO:  >> [SAFE_HANDOVER] Syncing JP225 SL to 60846.04086
[2026-05-06 09:44:58,776] INFO:  >> [SAFE_HANDOVER] Syncing JP225 SL to 60848.64086
[2026-05-06 09:44:58,776] INFO:  >> [SAFE_HANDOVER] Syncing JP225 SL to 60855.34086
[2026-05-06 09:44:58,777] INFO:  >> [SAFE_HANDOVER] Syncing JP225 SL to 60858.24086
[2026-05-06 09:44:58,777] INFO:  >> [SAFE_HANDOVER] Syncing JP225 SL to 60855.64086
[2026-05-06 09:44:58,777] INFO:  >> [SAFE_HANDOVER] Syncing JP225 SL to 60860.34086
[2026-05-06 09:44:58,877] INFO:  >> [HARVESTER] GAMMA is dominating. Scaling in reinforcements...
[2026-05-06 09:44:58,877] ERROR:  !! [HARVESTER_ERR] cannot access local variable 'symbol' where it is not associated with a value
[2026-05-06 09:45:09,118] INFO:  >> [SAFE_HANDOVER] Syncing JP225 SL to 60829.54086
[2026-05-06 09:45:09,119] INFO:  >> [SAFE_HANDOVER] Syncing JP225 SL to 60825.64086
[2026-05-06 09:45:09,119] INFO:  >> [SAFE_HANDOVER] Syncing JP225 SL to 60831.14086
[2026-05-06 09:45:09,119] INFO:  >> [SAFE_HANDOVER] Syncing JP225 SL to 60833.64086
[2026-05-06 09:45:09,120] INFO:  >> [SAFE_HANDOVER] Syncing JP225 SL to 60828.64086
[2026-05-06 09:45:09,120] INFO:  >> [SAFE_HANDOVER] Syncing JP225 SL to 60828.74086
[2026-05-06 09:45:09,120] INFO:  >> [SAFE_HANDOVER] Syncing JP225 SL to 60831.84086
[2026-05-06 09:45:09,121] INFO:  >> [SAFE_HANDOVER] Syncing JP225 SL to 60846.04086
[2026-05-06 09:45:09,121] INFO:  >> [SAFE_HANDOVER] Syncing JP225 SL to 60848.64086
[2026-05-06 09:45:09,121] INFO:  >> [SAFE_HANDOVER] Syncing JP225 SL to 60855.34086
[2026-05-06 09:45:09,121] INFO:  >> [SAFE_HANDOVER] Syncing JP225 SL to 60858.24086
[2026-05-06 09:45:09,122] INFO:  >> [SAFE_HANDOVER] Syncing JP225 SL to 60855.64086
[2026-05-06 09:45:09,122] INFO:  >> [SAFE_HANDOVER] Syncing JP225 SL to 60860.34086
[2026-05-06 09:45:09,123] INFO:  >> [SAFE_HANDOVER] Syncing JP225 SL to 60861.14086
[2026-05-06 09:45:09,233] INFO:  >> [HARVESTER] GAMMA is dominating. Scaling in reinforcements...
[2026-05-06 09:45:09,233] ERROR:  !! [HARVESTER_ERR] cannot access local variable 'symbol' where it is not associated with a value
[2026-05-06 09:45:19,472] INFO:  >> [SAFE_HANDOVER] Syncing JP225 SL to 60829.54086
[2026-05-06 09:45:19,472] INFO:  >> [SAFE_HANDOVER] Syncing JP225 SL to 60825.64086
[2026-05-06 09:45:19,473] INFO:  >> [SAFE_HANDOVER] Syncing JP225 SL to 60831.14086
[2026-05-06 09:45:19,473] INFO:  >> [SAFE_HANDOVER] Syncing JP225 SL to 60833.64086
[2026-05-06 09:45:19,473] INFO:  >> [SAFE_HANDOVER] Syncing JP225 SL to 60828.64086
[2026-05-06 09:45:19,474] INFO:  >> [SAFE_HANDOVER] Syncing JP225 SL to 60828.74086
[2026-05-06 09:45:19,474] INFO:  >> [SAFE_HANDOVER] Syncing JP225 SL to 60831.84086
[2026-05-06 09:45:19,474] INFO:  >> [SAFE_HANDOVER] Syncing JP225 SL to 60846.04086
[2026-05-06 09:45:19,474] INFO:  >> [SAFE_HANDOVER] Syncing JP225 SL to 60848.64086
[2026-05-06 09:45:19,475] INFO:  >> [SAFE_HANDOVER] Syncing JP225 SL to 60855.34086
[2026-05-06 09:45:19,475] INFO:  >> [SAFE_HANDOVER] Syncing JP225 SL to 60858.24086
[2026-05-06 09:45:19,475] INFO:  >> [SAFE_HANDOVER] Syncing JP225 SL to 60855.64086
[2026-05-06 09:45:19,475] INFO:  >> [SAFE_HANDOVER] Syncing JP225 SL to 60860.34086
[2026-05-06 09:45:19,476] INFO:  >> [SAFE_HANDOVER] Syncing JP225 SL to 60861.14086
[2026-05-06 09:45:19,476] INFO:  >> [SAFE_HANDOVER] Syncing JP225 SL to 60868.84086
[2026-05-06 09:45:19,581] INFO:  >> [HARVESTER] GAMMA is dominating. Scaling in reinforcements...
[2026-05-06 09:45:19,581] ERROR:  !! [HARVESTER_ERR] cannot access local variable 'symbol' where it is not associated with a value
[2026-05-06 09:45:29,814] INFO:  >> [SAFE_HANDOVER] Syncing JP225 SL to 60829.54086
[2026-05-06 09:45:29,814] INFO:  >> [SAFE_HANDOVER] Syncing JP225 SL to 60825.64086
[2026-05-06 09:45:29,814] INFO:  >> [SAFE_HANDOVER] Syncing JP225 SL to 60831.14086
[2026-05-06 09:45:29,815] INFO:  >> [SAFE_HANDOVER] Syncing JP225 SL to 60833.64086
[2026-05-06 09:45:29,815] INFO:  >> [SAFE_HANDOVER] Syncing JP225 SL to 60828.64086
[2026-05-06 09:45:29,815] INFO:  >> [SAFE_HANDOVER] Syncing JP225 SL to 60828.74086
[2026-05-06 09:45:29,815] INFO:  >> [SAFE_HANDOVER] Syncing JP225 SL to 60831.84086
[2026-05-06 09:45:29,816] INFO:  >> [SAFE_HANDOVER] Syncing JP225 SL to 60846.04086
[2026-05-06 09:45:29,817] INFO:  >> [SAFE_HANDOVER] Syncing JP225 SL to 60848.64086
[2026-05-06 09:45:29,817] INFO:  >> [SAFE_HANDOVER] Syncing JP225 SL to 60855.34086
[2026-05-06 09:45:29,817] INFO:  >> [SAFE_HANDOVER] Syncing JP225 SL to 60858.24086
[2026-05-06 09:45:29,817] INFO:  >> [SAFE_HANDOVER] Syncing JP225 SL to 60855.64086
[2026-05-06 09:45:29,818] INFO:  >> [SAFE_HANDOVER] Syncing JP225 SL to 60860.34086
[2026-05-06 09:45:29,818] INFO:  >> [SAFE_HANDOVER] Syncing JP225 SL to 60861.14086
[2026-05-06 09:45:29,818] INFO:  >> [SAFE_HANDOVER] Syncing JP225 SL to 60868.84086
[2026-05-06 09:45:29,819] INFO:  >> [SAFE_HANDOVER] Syncing JP225 SL to 60875.54086
[2026-05-06 09:45:29,919] INFO:  >> [HARVESTER] GAMMA is dominating. Scaling in reinforcements...
[2026-05-06 09:45:29,920] ERROR:  !! [HARVESTER_ERR] cannot access local variable 'symbol' where it is not associated with a value
[2026-05-06 09:45:40,200] INFO:  >> [SAFE_HANDOVER] Syncing JP225 SL to 60829.54086
[2026-05-06 09:45:40,200] INFO:  >> [SAFE_HANDOVER] Syncing JP225 SL to 60825.64086
[2026-05-06 09:45:40,202] INFO:  >> [SAFE_HANDOVER] Syncing JP225 SL to 60831.14086
[2026-05-06 09:45:40,202] INFO:  >> [SAFE_HANDOVER] Syncing JP225 SL to 60833.64086
[2026-05-06 09:45:40,204] INFO:  >> [SAFE_HANDOVER] Syncing JP225 SL to 60828.64086
[2026-05-06 09:45:40,205] INFO:  >> [SAFE_HANDOVER] Syncing JP225 SL to 60828.74086
[2026-05-06 09:45:40,206] INFO:  >> [SAFE_HANDOVER] Syncing JP225 SL to 60831.84086
[2026-05-06 09:45:40,207] INFO:  >> [SAFE_HANDOVER] Syncing JP225 SL to 60846.04086
[2026-05-06 09:45:40,208] INFO:  >> [SAFE_HANDOVER] Syncing JP225 SL to 60848.64086
[2026-05-06 09:45:40,209] INFO:  >> [SAFE_HANDOVER] Syncing JP225 SL to 60855.34086
[2026-05-06 09:45:40,210] INFO:  >> [SAFE_HANDOVER] Syncing JP225 SL to 60858.24086
[2026-05-06 09:45:40,211] INFO:  >> [SAFE_HANDOVER] Syncing JP225 SL to 60855.64086
[2026-05-06 09:45:40,211] INFO:  >> [SAFE_HANDOVER] Syncing JP225 SL to 60860.34086
[2026-05-06 09:45:40,213] INFO:  >> [SAFE_HANDOVER] Syncing JP225 SL to 60861.14086
[2026-05-06 09:45:40,214] INFO:  >> [SAFE_HANDOVER] Syncing JP225 SL to 60868.84086
[2026-05-06 09:45:40,215] INFO:  >> [SAFE_HANDOVER] Syncing JP225 SL to 60875.54086
[2026-05-06 09:45:40,216] INFO:  >> [SAFE_HANDOVER] Syncing JP225 SL to 60875.44086
[2026-05-06 09:45:40,316] INFO:  >> [HARVESTER] GAMMA is dominating. Scaling in reinforcements...
[2026-05-06 09:45:40,317] ERROR:  !! [HARVESTER_ERR] cannot access local variable 'symbol' where it is not associated with a value
[2026-05-06 09:45:50,572] INFO:  >> [SAFE_HANDOVER] Syncing JP225 SL to 60829.54086
[2026-05-06 09:45:50,572] INFO:  >> [SAFE_HANDOVER] Syncing JP225 SL to 60825.64086
[2026-05-06 09:45:50,573] INFO:  >> [SAFE_HANDOVER] Syncing JP225 SL to 60831.14086
[2026-05-06 09:45:50,573] INFO:  >> [SAFE_HANDOVER] Syncing JP225 SL to 60833.64086
[2026-05-06 09:45:50,573] INFO:  >> [SAFE_HANDOVER] Syncing JP225 SL to 60828.64086
[2026-05-06 09:45:50,573] INFO:  >> [SAFE_HANDOVER] Syncing JP225 SL to 60828.74086
[2026-05-06 09:45:50,574] INFO:  >> [SAFE_HANDOVER] Syncing JP225 SL to 60831.84086
[2026-05-06 09:45:50,574] INFO:  >> [SAFE_HANDOVER] Syncing JP225 SL to 60846.04086
[2026-05-06 09:45:50,574] INFO:  >> [SAFE_HANDOVER] Syncing JP225 SL to 60848.64086
[2026-05-06 09:45:50,574] INFO:  >> [SAFE_HANDOVER] Syncing JP225 SL to 60855.34086
[2026-05-06 09:45:50,575] INFO:  >> [SAFE_HANDOVER] Syncing JP225 SL to 60858.24086
[2026-05-06 09:45:50,575] INFO:  >> [SAFE_HANDOVER] Syncing JP225 SL to 60855.64086
[2026-05-06 09:45:50,575] INFO:  >> [SAFE_HANDOVER] Syncing JP225 SL to 60860.34086
[2026-05-06 09:45:50,575] INFO:  >> [SAFE_HANDOVER] Syncing JP225 SL to 60861.14086
[2026-05-06 09:45:50,575] INFO:  >> [SAFE_HANDOVER] Syncing JP225 SL to 60868.84086
[2026-05-06 09:45:50,576] INFO:  >> [SAFE_HANDOVER] Syncing JP225 SL to 60875.54086
[2026-05-06 09:45:50,576] INFO:  >> [SAFE_HANDOVER] Syncing JP225 SL to 60875.44086
[2026-05-06 09:45:50,576] INFO:  >> [SAFE_HANDOVER] Syncing JP225 SL to 60869.14086
[2026-05-06 09:45:50,674] INFO:  >> [HARVESTER] GAMMA is dominating. Scaling in reinforcements...
[2026-05-06 09:45:50,674] ERROR:  !! [HARVESTER_ERR] cannot access local variable 'symbol' where it is not associated with a value
[2026-05-06 09:46:00,942] INFO:  >> [SAFE_HANDOVER] Syncing JP225 SL to 60829.54086
[2026-05-06 09:46:00,942] INFO:  >> [SAFE_HANDOVER] Syncing JP225 SL to 60825.64086
[2026-05-06 09:46:00,943] INFO:  >> [SAFE_HANDOVER] Syncing JP225 SL to 60831.14086
[2026-05-06 09:46:00,943] INFO:  >> [SAFE_HANDOVER] Syncing JP225 SL to 60833.64086
[2026-05-06 09:46:00,943] INFO:  >> [SAFE_HANDOVER] Syncing JP225 SL to 60828.64086
[2026-05-06 09:46:00,944] INFO:  >> [SAFE_HANDOVER] Syncing JP225 SL to 60828.74086
[2026-05-06 09:46:00,944] INFO:  >> [SAFE_HANDOVER] Syncing JP225 SL to 60831.84086
[2026-05-06 09:46:00,944] INFO:  >> [SAFE_HANDOVER] Syncing JP225 SL to 60846.04086
[2026-05-06 09:46:00,945] INFO:  >> [SAFE_HANDOVER] Syncing JP225 SL to 60848.64086
[2026-05-06 09:46:00,945] INFO:  >> [SAFE_HANDOVER] Syncing JP225 SL to 60855.34086
[2026-05-06 09:46:00,945] INFO:  >> [SAFE_HANDOVER] Syncing JP225 SL to 60858.24086
[2026-05-06 09:46:00,945] INFO:  >> [SAFE_HANDOVER] Syncing JP225 SL to 60855.64086
[2026-05-06 09:46:00,946] INFO:  >> [SAFE_HANDOVER] Syncing JP225 SL to 60860.34086
[2026-05-06 09:46:00,946] INFO:  >> [SAFE_HANDOVER] Syncing JP225 SL to 60861.14086
[2026-05-06 09:46:00,946] INFO:  >> [SAFE_HANDOVER] Syncing JP225 SL to 60868.84086
[2026-05-06 09:46:00,947] INFO:  >> [SAFE_HANDOVER] Syncing JP225 SL to 60875.54086
[2026-05-06 09:46:00,947] INFO:  >> [SAFE_HANDOVER] Syncing JP225 SL to 60875.44086
[2026-05-06 09:46:00,947] INFO:  >> [SAFE_HANDOVER] Syncing JP225 SL to 60869.14086
[2026-05-06 09:46:00,947] INFO:  >> [SAFE_HANDOVER] Syncing JP225 SL to 60866.74086
[2026-05-06 09:46:01,125] INFO:  >> [HARVESTER] GAMMA is dominating. Scaling in reinforcements...
[2026-05-06 09:46:01,125] ERROR:  !! [HARVESTER_ERR] cannot access local variable 'symbol' where it is not associated with a value
[2026-05-06 09:46:11,373] INFO:  >> [SAFE_HANDOVER] Syncing JP225 SL to 60829.54086
[2026-05-06 09:46:11,373] INFO:  >> [SAFE_HANDOVER] Syncing JP225 SL to 60825.64086
[2026-05-06 09:46:11,375] INFO:  >> [SAFE_HANDOVER] Syncing JP225 SL to 60831.14086
[2026-05-06 09:46:11,377] INFO:  >> [SAFE_HANDOVER] Syncing JP225 SL to 60833.64086
[2026-05-06 09:46:11,377] INFO:  >> [SAFE_HANDOVER] Syncing JP225 SL to 60828.64086
[2026-05-06 09:46:11,378] INFO:  >> [SAFE_HANDOVER] Syncing JP225 SL to 60828.74086
[2026-05-06 09:46:11,379] INFO:  >> [SAFE_HANDOVER] Syncing JP225 SL to 60831.84086
[2026-05-06 09:46:11,379] INFO:  >> [SAFE_HANDOVER] Syncing JP225 SL to 60846.04086
[2026-05-06 09:46:11,381] INFO:  >> [SAFE_HANDOVER] Syncing JP225 SL to 60848.64086
[2026-05-06 09:46:11,382] INFO:  >> [SAFE_HANDOVER] Syncing JP225 SL to 60855.34086
[2026-05-06 09:46:11,382] INFO:  >> [SAFE_HANDOVER] Syncing JP225 SL to 60858.24086
[2026-05-06 09:46:11,383] INFO:  >> [SAFE_HANDOVER] Syncing JP225 SL to 60855.64086
[2026-05-06 09:46:11,384] INFO:  >> [SAFE_HANDOVER] Syncing JP225 SL to 60860.34086
[2026-05-06 09:46:11,385] INFO:  >> [SAFE_HANDOVER] Syncing JP225 SL to 60861.14086
[2026-05-06 09:46:11,386] INFO:  >> [SAFE_HANDOVER] Syncing JP225 SL to 60868.84086
[2026-05-06 09:46:11,387] INFO:  >> [SAFE_HANDOVER] Syncing JP225 SL to 60875.54086
[2026-05-06 09:46:11,389] INFO:  >> [SAFE_HANDOVER] Syncing JP225 SL to 60875.44086
[2026-05-06 09:46:11,390] INFO:  >> [SAFE_HANDOVER] Syncing JP225 SL to 60869.14086
[2026-05-06 09:46:11,391] INFO:  >> [SAFE_HANDOVER] Syncing JP225 SL to 60866.74086
[2026-05-06 09:46:11,392] INFO:  >> [SAFE_HANDOVER] Syncing JP225 SL to 60883.24086
[2026-05-06 09:46:11,519] INFO:  >> [HARVESTER] GAMMA is dominating. Scaling in reinforcements...
[2026-05-06 09:46:11,519] ERROR:  !! [HARVESTER_ERR] cannot access local variable 'symbol' where it is not associated with a value
[2026-05-06 09:46:21,828] INFO:  >> [SAFE_HANDOVER] Syncing JP225 SL to 60829.54086
[2026-05-06 09:46:21,828] INFO:  >> [SAFE_HANDOVER] Syncing JP225 SL to 60825.64086
[2026-05-06 09:46:21,828] INFO:  >> [SAFE_HANDOVER] Syncing JP225 SL to 60831.14086
[2026-05-06 09:46:21,828] INFO:  >> [SAFE_HANDOVER] Syncing JP225 SL to 60833.64086
[2026-05-06 09:46:21,828] INFO:  >> [SAFE_HANDOVER] Syncing JP225 SL to 60828.64086
[2026-05-06 09:46:21,830] INFO:  >> [SAFE_HANDOVER] Syncing JP225 SL to 60828.74086
[2026-05-06 09:46:21,830] INFO:  >> [SAFE_HANDOVER] Syncing JP225 SL to 60831.84086
[2026-05-06 09:46:21,831] INFO:  >> [SAFE_HANDOVER] Syncing JP225 SL to 60846.04086
[2026-05-06 09:46:21,831] INFO:  >> [SAFE_HANDOVER] Syncing JP225 SL to 60848.64086
[2026-05-06 09:46:21,832] INFO:  >> [SAFE_HANDOVER] Syncing JP225 SL to 60855.34086
[2026-05-06 09:46:21,832] INFO:  >> [SAFE_HANDOVER] Syncing JP225 SL to 60858.24086
[2026-05-06 09:46:21,832] INFO:  >> [SAFE_HANDOVER] Syncing JP225 SL to 60855.64086
[2026-05-06 09:46:21,832] INFO:  >> [SAFE_HANDOVER] Syncing JP225 SL to 60860.34086
[2026-05-06 09:46:21,833] INFO:  >> [SAFE_HANDOVER] Syncing JP225 SL to 60861.14086
[2026-05-06 09:46:21,833] INFO:  >> [SAFE_HANDOVER] Syncing JP225 SL to 60868.84086
[2026-05-06 09:46:21,833] INFO:  >> [SAFE_HANDOVER] Syncing JP225 SL to 60875.54086
[2026-05-06 09:46:21,833] INFO:  >> [SAFE_HANDOVER] Syncing JP225 SL to 60875.44086
[2026-05-06 09:46:21,834] INFO:  >> [SAFE_HANDOVER] Syncing JP225 SL to 60869.14086
[2026-05-06 09:46:21,834] INFO:  >> [SAFE_HANDOVER] Syncing JP225 SL to 60866.74086
[2026-05-06 09:46:21,834] INFO:  >> [SAFE_HANDOVER] Syncing JP225 SL to 60883.24086
[2026-05-06 09:46:21,834] INFO:  >> [SAFE_HANDOVER] Syncing JP225 SL to 60888.74086
[2026-05-06 09:46:21,935] INFO:  >> [HARVESTER] GAMMA is dominating. Scaling in reinforcements...
[2026-05-06 09:46:21,935] ERROR:  !! [HARVESTER_ERR] cannot access local variable 'symbol' where it is not associated with a value
[2026-05-06 09:46:32,226] INFO:  >> [SAFE_HANDOVER] Syncing JP225 SL to 60829.54086
[2026-05-06 09:46:32,226] INFO:  >> [SAFE_HANDOVER] Syncing JP225 SL to 60825.64086
[2026-05-06 09:46:32,227] INFO:  >> [SAFE_HANDOVER] Syncing JP225 SL to 60831.14086
[2026-05-06 09:46:32,227] INFO:  >> [SAFE_HANDOVER] Syncing JP225 SL to 60833.64086
[2026-05-06 09:46:32,227] INFO:  >> [SAFE_HANDOVER] Syncing JP225 SL to 60828.64086
[2026-05-06 09:46:32,227] INFO:  >> [SAFE_HANDOVER] Syncing JP225 SL to 60828.74086
[2026-05-06 09:46:32,228] INFO:  >> [SAFE_HANDOVER] Syncing JP225 SL to 60831.84086
[2026-05-06 09:46:32,228] INFO:  >> [SAFE_HANDOVER] Syncing JP225 SL to 60846.04086
[2026-05-06 09:46:32,228] INFO:  >> [SAFE_HANDOVER] Syncing JP225 SL to 60848.64086
[2026-05-06 09:46:32,228] INFO:  >> [SAFE_HANDOVER] Syncing JP225 SL to 60855.34086
[2026-05-06 09:46:32,228] INFO:  >> [SAFE_HANDOVER] Syncing JP225 SL to 60858.24086
[2026-05-06 09:46:32,229] INFO:  >> [SAFE_HANDOVER] Syncing JP225 SL to 60855.64086
[2026-05-06 09:46:32,229] INFO:  >> [SAFE_HANDOVER] Syncing JP225 SL to 60860.34086
[2026-05-06 09:46:32,229] INFO:  >> [SAFE_HANDOVER] Syncing JP225 SL to 60861.14086
[2026-05-06 09:46:32,230] INFO:  >> [SAFE_HANDOVER] Syncing JP225 SL to 60868.84086
[2026-05-06 09:46:32,230] INFO:  >> [SAFE_HANDOVER] Syncing JP225 SL to 60875.54086
[2026-05-06 09:46:32,230] INFO:  >> [SAFE_HANDOVER] Syncing JP225 SL to 60875.44086
[2026-05-06 09:46:32,230] INFO:  >> [SAFE_HANDOVER] Syncing JP225 SL to 60869.14086
[2026-05-06 09:46:32,230] INFO:  >> [SAFE_HANDOVER] Syncing JP225 SL to 60866.74086
[2026-05-06 09:46:32,231] INFO:  >> [SAFE_HANDOVER] Syncing JP225 SL to 60883.24086
[2026-05-06 09:46:32,231] INFO:  >> [SAFE_HANDOVER] Syncing JP225 SL to 60888.74086
[2026-05-06 09:46:32,231] INFO:  >> [SAFE_HANDOVER] Syncing JP225 SL to 60888.24086
[2026-05-06 09:46:32,378] INFO:  >> [HARVESTER] GAMMA is dominating. Scaling in reinforcements...
[2026-05-06 09:46:32,378] ERROR:  !! [HARVESTER_ERR] cannot access local variable 'symbol' where it is not associated with a value
[2026-05-06 09:46:42,627] INFO:  >> [SAFE_HANDOVER] Syncing JP225 SL to 60829.54086
[2026-05-06 09:46:42,628] INFO:  >> [SAFE_HANDOVER] Syncing JP225 SL to 60825.64086
[2026-05-06 09:46:42,628] INFO:  >> [SAFE_HANDOVER] Syncing JP225 SL to 60831.14086
[2026-05-06 09:46:42,628] INFO:  >> [SAFE_HANDOVER] Syncing JP225 SL to 60833.64086
[2026-05-06 09:46:42,629] INFO:  >> [SAFE_HANDOVER] Syncing JP225 SL to 60828.64086
[2026-05-06 09:46:42,629] INFO:  >> [SAFE_HANDOVER] Syncing JP225 SL to 60828.74086
[2026-05-06 09:46:42,629] INFO:  >> [SAFE_HANDOVER] Syncing JP225 SL to 60831.84086
[2026-05-06 09:46:42,630] INFO:  >> [SAFE_HANDOVER] Syncing JP225 SL to 60846.04086
[2026-05-06 09:46:42,630] INFO:  >> [SAFE_HANDOVER] Syncing JP225 SL to 60848.64086
[2026-05-06 09:46:42,630] INFO:  >> [SAFE_HANDOVER] Syncing JP225 SL to 60855.34086
[2026-05-06 09:46:42,630] INFO:  >> [SAFE_HANDOVER] Syncing JP225 SL to 60858.24086
[2026-05-06 09:46:42,630] INFO:  >> [SAFE_HANDOVER] Syncing JP225 SL to 60855.64086
[2026-05-06 09:46:42,631] INFO:  >> [SAFE_HANDOVER] Syncing JP225 SL to 60860.34086
[2026-05-06 09:46:42,631] INFO:  >> [SAFE_HANDOVER] Syncing JP225 SL to 60861.14086
[2026-05-06 09:46:42,631] INFO:  >> [SAFE_HANDOVER] Syncing JP225 SL to 60868.84086
[2026-05-06 09:46:42,631] INFO:  >> [SAFE_HANDOVER] Syncing JP225 SL to 60875.54086
[2026-05-06 09:46:42,632] INFO:  >> [SAFE_HANDOVER] Syncing JP225 SL to 60875.44086
[2026-05-06 09:46:42,632] INFO:  >> [SAFE_HANDOVER] Syncing JP225 SL to 60869.14086
[2026-05-06 09:46:42,632] INFO:  >> [SAFE_HANDOVER] Syncing JP225 SL to 60866.74086
[2026-05-06 09:46:42,632] INFO:  >> [SAFE_HANDOVER] Syncing JP225 SL to 60883.24086
[2026-05-06 09:46:42,632] INFO:  >> [SAFE_HANDOVER] Syncing JP225 SL to 60888.74086
[2026-05-06 09:46:42,633] INFO:  >> [SAFE_HANDOVER] Syncing JP225 SL to 60888.24086
[2026-05-06 09:46:42,633] INFO:  >> [SAFE_HANDOVER] Syncing JP225 SL to 60891.34086
[2026-05-06 09:46:42,809] INFO:  >> [HARVESTER] GAMMA is dominating. Scaling in reinforcements...
[2026-05-06 09:46:42,809] ERROR:  !! [HARVESTER_ERR] cannot access local variable 'symbol' where it is not associated with a value
[2026-05-06 09:46:53,055] INFO:  >> [SAFE_HANDOVER] Syncing JP225 SL to 60829.54086
[2026-05-06 09:46:53,055] INFO:  >> [SAFE_HANDOVER] Syncing JP225 SL to 60825.64086
[2026-05-06 09:46:53,055] INFO:  >> [SAFE_HANDOVER] Syncing JP225 SL to 60831.14086
[2026-05-06 09:46:53,056] INFO:  >> [SAFE_HANDOVER] Syncing JP225 SL to 60833.64086
[2026-05-06 09:46:53,056] INFO:  >> [SAFE_HANDOVER] Syncing JP225 SL to 60828.64086
[2026-05-06 09:46:53,056] INFO:  >> [SAFE_HANDOVER] Syncing JP225 SL to 60828.74086
[2026-05-06 09:46:53,056] INFO:  >> [SAFE_HANDOVER] Syncing JP225 SL to 60831.84086
[2026-05-06 09:46:53,057] INFO:  >> [SAFE_HANDOVER] Syncing JP225 SL to 60846.04086
[2026-05-06 09:46:53,057] INFO:  >> [SAFE_HANDOVER] Syncing JP225 SL to 60848.64086
[2026-05-06 09:46:53,057] INFO:  >> [SAFE_HANDOVER] Syncing JP225 SL to 60855.34086
[2026-05-06 09:46:53,057] INFO:  >> [SAFE_HANDOVER] Syncing JP225 SL to 60858.24086
[2026-05-06 09:46:53,057] INFO:  >> [SAFE_HANDOVER] Syncing JP225 SL to 60855.64086
[2026-05-06 09:46:53,058] INFO:  >> [SAFE_HANDOVER] Syncing JP225 SL to 60860.34086
[2026-05-06 09:46:53,058] INFO:  >> [SAFE_HANDOVER] Syncing JP225 SL to 60861.14086
[2026-05-06 09:46:53,058] INFO:  >> [SAFE_HANDOVER] Syncing JP225 SL to 60868.84086
[2026-05-06 09:46:53,058] INFO:  >> [SAFE_HANDOVER] Syncing JP225 SL to 60875.54086
[2026-05-06 09:46:53,058] INFO:  >> [SAFE_HANDOVER] Syncing JP225 SL to 60875.44086
[2026-05-06 09:46:53,059] INFO:  >> [SAFE_HANDOVER] Syncing JP225 SL to 60869.14086
[2026-05-06 09:46:53,059] INFO:  >> [SAFE_HANDOVER] Syncing JP225 SL to 60866.74086
[2026-05-06 09:46:53,059] INFO:  >> [SAFE_HANDOVER] Syncing JP225 SL to 60883.24086
[2026-05-06 09:46:53,059] INFO:  >> [SAFE_HANDOVER] Syncing JP225 SL to 60888.74086
[2026-05-06 09:46:53,059] INFO:  >> [SAFE_HANDOVER] Syncing JP225 SL to 60888.24086
[2026-05-06 09:46:53,060] INFO:  >> [SAFE_HANDOVER] Syncing JP225 SL to 60891.34086
[2026-05-06 09:46:53,060] INFO:  >> [SAFE_HANDOVER] Syncing JP225 SL to 60893.64086
[2026-05-06 09:46:53,163] INFO:  >> [HARVESTER] GAMMA is dominating. Scaling in reinforcements...
[2026-05-06 09:46:53,164] ERROR:  !! [HARVESTER_ERR] cannot access local variable 'symbol' where it is not associated with a value
[2026-05-06 09:47:03,394] INFO:  >> [SAFE_HANDOVER] Syncing JP225 SL to 60829.54086
[2026-05-06 09:47:03,395] INFO:  >> [SAFE_HANDOVER] Syncing JP225 SL to 60825.64086
[2026-05-06 09:47:03,396] INFO:  >> [SAFE_HANDOVER] Syncing JP225 SL to 60831.14086
[2026-05-06 09:47:03,396] INFO:  >> [SAFE_HANDOVER] Syncing JP225 SL to 60833.64086
[2026-05-06 09:47:03,396] INFO:  >> [SAFE_HANDOVER] Syncing JP225 SL to 60828.64086
[2026-05-06 09:47:03,397] INFO:  >> [SAFE_HANDOVER] Syncing JP225 SL to 60828.74086
[2026-05-06 09:47:03,397] INFO:  >> [SAFE_HANDOVER] Syncing JP225 SL to 60831.84086
[2026-05-06 09:47:03,397] INFO:  >> [SAFE_HANDOVER] Syncing JP225 SL to 60846.04086
[2026-05-06 09:47:03,397] INFO:  >> [SAFE_HANDOVER] Syncing JP225 SL to 60848.64086
[2026-05-06 09:47:03,397] INFO:  >> [SAFE_HANDOVER] Syncing JP225 SL to 60855.34086
[2026-05-06 09:47:03,398] INFO:  >> [SAFE_HANDOVER] Syncing JP225 SL to 60858.24086
[2026-05-06 09:47:03,399] INFO:  >> [SAFE_HANDOVER] Syncing JP225 SL to 60855.64086
[2026-05-06 09:47:03,399] INFO:  >> [SAFE_HANDOVER] Syncing JP225 SL to 60860.34086
[2026-05-06 09:47:03,399] INFO:  >> [SAFE_HANDOVER] Syncing JP225 SL to 60861.14086
[2026-05-06 09:47:03,399] INFO:  >> [SAFE_HANDOVER] Syncing JP225 SL to 60868.84086
[2026-05-06 09:47:03,400] INFO:  >> [SAFE_HANDOVER] Syncing JP225 SL to 60875.54086
[2026-05-06 09:47:03,401] INFO:  >> [SAFE_HANDOVER] Syncing JP225 SL to 60875.44086
[2026-05-06 09:47:03,401] INFO:  >> [SAFE_HANDOVER] Syncing JP225 SL to 60869.14086
[2026-05-06 09:47:03,401] INFO:  >> [SAFE_HANDOVER] Syncing JP225 SL to 60866.74086
[2026-05-06 09:47:03,402] INFO:  >> [SAFE_HANDOVER] Syncing JP225 SL to 60883.24086
[2026-05-06 09:47:03,402] INFO:  >> [SAFE_HANDOVER] Syncing JP225 SL to 60888.74086
[2026-05-06 09:47:03,402] INFO:  >> [SAFE_HANDOVER] Syncing JP225 SL to 60888.24086
[2026-05-06 09:47:03,402] INFO:  >> [SAFE_HANDOVER] Syncing JP225 SL to 60891.34086
[2026-05-06 09:47:03,402] INFO:  >> [SAFE_HANDOVER] Syncing JP225 SL to 60893.64086
[2026-05-06 09:47:03,403] INFO:  >> [SAFE_HANDOVER] Syncing JP225 SL to 60883.24086
[2026-05-06 09:47:03,508] INFO:  >> [HARVESTER] GAMMA is dominating. Scaling in reinforcements...
[2026-05-06 09:47:03,508] ERROR:  !! [HARVESTER_ERR] cannot access local variable 'symbol' where it is not associated with a value
[2026-05-06 09:47:13,787] INFO:  >> [SAFE_HANDOVER] Syncing JP225 SL to 60829.54086
[2026-05-06 09:47:13,787] INFO:  >> [SAFE_HANDOVER] Syncing JP225 SL to 60825.64086
[2026-05-06 09:47:13,787] INFO:  >> [SAFE_HANDOVER] Syncing JP225 SL to 60831.14086
[2026-05-06 09:47:13,787] INFO:  >> [SAFE_HANDOVER] Syncing JP225 SL to 60833.64086
[2026-05-06 09:47:13,787] INFO:  >> [SAFE_HANDOVER] Syncing JP225 SL to 60828.64086
[2026-05-06 09:47:13,787] INFO:  >> [SAFE_HANDOVER] Syncing JP225 SL to 60828.74086
[2026-05-06 09:47:13,789] INFO:  >> [SAFE_HANDOVER] Syncing JP225 SL to 60831.84086
[2026-05-06 09:47:13,789] INFO:  >> [SAFE_HANDOVER] Syncing JP225 SL to 60846.04086
[2026-05-06 09:47:13,790] INFO:  >> [SAFE_HANDOVER] Syncing JP225 SL to 60848.64086
[2026-05-06 09:47:13,790] INFO:  >> [SAFE_HANDOVER] Syncing JP225 SL to 60855.34086
[2026-05-06 09:47:13,790] INFO:  >> [SAFE_HANDOVER] Syncing JP225 SL to 60858.24086
[2026-05-06 09:47:13,790] INFO:  >> [SAFE_HANDOVER] Syncing JP225 SL to 60855.64086
[2026-05-06 09:47:13,791] INFO:  >> [SAFE_HANDOVER] Syncing JP225 SL to 60860.34086
[2026-05-06 09:47:13,791] INFO:  >> [SAFE_HANDOVER] Syncing JP225 SL to 60861.14086
[2026-05-06 09:47:13,792] INFO:  >> [SAFE_HANDOVER] Syncing JP225 SL to 60868.84086
[2026-05-06 09:47:13,792] INFO:  >> [SAFE_HANDOVER] Syncing JP225 SL to 60875.54086
[2026-05-06 09:47:13,792] INFO:  >> [SAFE_HANDOVER] Syncing JP225 SL to 60875.44086
[2026-05-06 09:47:13,792] INFO:  >> [SAFE_HANDOVER] Syncing JP225 SL to 60869.14086
[2026-05-06 09:47:13,793] INFO:  >> [SAFE_HANDOVER] Syncing JP225 SL to 60866.74086
[2026-05-06 09:47:13,793] INFO:  >> [SAFE_HANDOVER] Syncing JP225 SL to 60883.24086
[2026-05-06 09:47:13,793] INFO:  >> [SAFE_HANDOVER] Syncing JP225 SL to 60888.74086
[2026-05-06 09:47:13,793] INFO:  >> [SAFE_HANDOVER] Syncing JP225 SL to 60888.24086
[2026-05-06 09:47:13,794] INFO:  >> [SAFE_HANDOVER] Syncing JP225 SL to 60891.34086
[2026-05-06 09:47:13,794] INFO:  >> [SAFE_HANDOVER] Syncing JP225 SL to 60893.64086
[2026-05-06 09:47:13,794] INFO:  >> [SAFE_HANDOVER] Syncing JP225 SL to 60883.24086
[2026-05-06 09:47:13,794] INFO:  >> [SAFE_HANDOVER] Syncing JP225 SL to 60879.14086
[2026-05-06 09:47:13,935] INFO:  >> [HARVESTER] GAMMA is dominating. Scaling in reinforcements...
[2026-05-06 09:47:13,935] ERROR:  !! [HARVESTER_ERR] cannot access local variable 'symbol' where it is not associated with a value
[2026-05-06 09:47:24,208] INFO:  >> [SAFE_HANDOVER] Syncing JP225 SL to 60829.54086
[2026-05-06 09:47:24,208] INFO:  >> [SAFE_HANDOVER] Syncing JP225 SL to 60825.64086
[2026-05-06 09:47:24,209] INFO:  >> [SAFE_HANDOVER] Syncing JP225 SL to 60831.14086
[2026-05-06 09:47:24,209] INFO:  >> [SAFE_HANDOVER] Syncing JP225 SL to 60833.64086
[2026-05-06 09:47:24,209] INFO:  >> [SAFE_HANDOVER] Syncing JP225 SL to 60828.64086
[2026-05-06 09:47:24,209] INFO:  >> [SAFE_HANDOVER] Syncing JP225 SL to 60828.74086
[2026-05-06 09:47:24,210] INFO:  >> [SAFE_HANDOVER] Syncing JP225 SL to 60831.84086
[2026-05-06 09:47:24,210] INFO:  >> [SAFE_HANDOVER] Syncing JP225 SL to 60846.04086
[2026-05-06 09:47:24,210] INFO:  >> [SAFE_HANDOVER] Syncing JP225 SL to 60848.64086
[2026-05-06 09:47:24,210] INFO:  >> [SAFE_HANDOVER] Syncing JP225 SL to 60855.34086
[2026-05-06 09:47:24,211] INFO:  >> [SAFE_HANDOVER] Syncing JP225 SL to 60858.24086
[2026-05-06 09:47:24,211] INFO:  >> [SAFE_HANDOVER] Syncing JP225 SL to 60855.64086
[2026-05-06 09:47:24,212] INFO:  >> [SAFE_HANDOVER] Syncing JP225 SL to 60860.34086
[2026-05-06 09:47:24,212] INFO:  >> [SAFE_HANDOVER] Syncing JP225 SL to 60861.14086
[2026-05-06 09:47:24,212] INFO:  >> [SAFE_HANDOVER] Syncing JP225 SL to 60868.84086
[2026-05-06 09:47:24,213] INFO:  >> [SAFE_HANDOVER] Syncing JP225 SL to 60875.54086
[2026-05-06 09:47:24,213] INFO:  >> [SAFE_HANDOVER] Syncing JP225 SL to 60875.44086
[2026-05-06 09:47:24,213] INFO:  >> [SAFE_HANDOVER] Syncing JP225 SL to 60869.14086
[2026-05-06 09:47:24,213] INFO:  >> [SAFE_HANDOVER] Syncing JP225 SL to 60866.74086
[2026-05-06 09:47:24,214] INFO:  >> [SAFE_HANDOVER] Syncing JP225 SL to 60883.24086
[2026-05-06 09:47:24,214] INFO:  >> [SAFE_HANDOVER] Syncing JP225 SL to 60888.74086
[2026-05-06 09:47:24,214] INFO:  >> [SAFE_HANDOVER] Syncing JP225 SL to 60888.24086
[2026-05-06 09:47:24,215] INFO:  >> [SAFE_HANDOVER] Syncing JP225 SL to 60891.34086
[2026-05-06 09:47:24,215] INFO:  >> [SAFE_HANDOVER] Syncing JP225 SL to 60893.64086
[2026-05-06 09:47:24,215] INFO:  >> [SAFE_HANDOVER] Syncing JP225 SL to 60883.24086
[2026-05-06 09:47:24,215] INFO:  >> [SAFE_HANDOVER] Syncing JP225 SL to 60879.14086
[2026-05-06 09:47:24,215] INFO:  >> [SAFE_HANDOVER] Syncing JP225 SL to 60880.64086
[2026-05-06 09:47:24,326] INFO:  >> [HARVESTER] GAMMA is dominating. Scaling in reinforcements...
[2026-05-06 09:47:24,326] ERROR:  !! [HARVESTER_ERR] cannot access local variable 'symbol' where it is not associated with a value
[2026-05-06 09:47:34,592] INFO:  >> [SAFE_HANDOVER] Syncing JP225 SL to 60829.54086
[2026-05-06 09:47:34,592] INFO:  >> [SAFE_HANDOVER] Syncing JP225 SL to 60825.64086
[2026-05-06 09:47:34,593] INFO:  >> [SAFE_HANDOVER] Syncing JP225 SL to 60831.14086
[2026-05-06 09:47:34,593] INFO:  >> [SAFE_HANDOVER] Syncing JP225 SL to 60833.64086
[2026-05-06 09:47:34,593] INFO:  >> [SAFE_HANDOVER] Syncing JP225 SL to 60828.64086
[2026-05-06 09:47:34,594] INFO:  >> [SAFE_HANDOVER] Syncing JP225 SL to 60828.74086
[2026-05-06 09:47:34,594] INFO:  >> [SAFE_HANDOVER] Syncing JP225 SL to 60831.84086
[2026-05-06 09:47:34,594] INFO:  >> [SAFE_HANDOVER] Syncing JP225 SL to 60846.04086
[2026-05-06 09:47:34,594] INFO:  >> [SAFE_HANDOVER] Syncing JP225 SL to 60848.64086
[2026-05-06 09:47:34,594] INFO:  >> [SAFE_HANDOVER] Syncing JP225 SL to 60855.34086
[2026-05-06 09:47:34,595] INFO:  >> [SAFE_HANDOVER] Syncing JP225 SL to 60858.24086
[2026-05-06 09:47:34,595] INFO:  >> [SAFE_HANDOVER] Syncing JP225 SL to 60855.64086
[2026-05-06 09:47:34,595] INFO:  >> [SAFE_HANDOVER] Syncing JP225 SL to 60860.34086
[2026-05-06 09:47:34,595] INFO:  >> [SAFE_HANDOVER] Syncing JP225 SL to 60861.14086
[2026-05-06 09:47:34,596] INFO:  >> [SAFE_HANDOVER] Syncing JP225 SL to 60868.84086
[2026-05-06 09:47:34,596] INFO:  >> [SAFE_HANDOVER] Syncing JP225 SL to 60875.54086
[2026-05-06 09:47:34,596] INFO:  >> [SAFE_HANDOVER] Syncing JP225 SL to 60875.44086
[2026-05-06 09:47:34,596] INFO:  >> [SAFE_HANDOVER] Syncing JP225 SL to 60869.14086
[2026-05-06 09:47:34,597] INFO:  >> [SAFE_HANDOVER] Syncing JP225 SL to 60866.74086
[2026-05-06 09:47:34,597] INFO:  >> [SAFE_HANDOVER] Syncing JP225 SL to 60883.24086
[2026-05-06 09:47:34,597] INFO:  >> [SAFE_HANDOVER] Syncing JP225 SL to 60888.74086
[2026-05-06 09:47:34,597] INFO:  >> [SAFE_HANDOVER] Syncing JP225 SL to 60888.24086
[2026-05-06 09:47:34,597] INFO:  >> [SAFE_HANDOVER] Syncing JP225 SL to 60891.34086
[2026-05-06 09:47:34,598] INFO:  >> [SAFE_HANDOVER] Syncing JP225 SL to 60893.64086
[2026-05-06 09:47:34,598] INFO:  >> [SAFE_HANDOVER] Syncing JP225 SL to 60883.24086
[2026-05-06 09:47:34,598] INFO:  >> [SAFE_HANDOVER] Syncing JP225 SL to 60879.14086
[2026-05-06 09:47:34,598] INFO:  >> [SAFE_HANDOVER] Syncing JP225 SL to 60880.64086
[2026-05-06 09:47:34,598] INFO:  >> [SAFE_HANDOVER] Syncing JP225 SL to 60880.64086
[2026-05-06 09:47:34,756] INFO:  >> [HARVESTER] GAMMA is dominating. Scaling in reinforcements...
[2026-05-06 09:47:34,756] ERROR:  !! [HARVESTER_ERR] cannot access local variable 'symbol' where it is not associated with a value
[2026-05-06 09:47:44,998] INFO:  >> [SAFE_HANDOVER] Syncing JP225 SL to 60829.54086
[2026-05-06 09:47:44,999] INFO:  >> [SAFE_HANDOVER] Syncing JP225 SL to 60825.64086
[2026-05-06 09:47:44,999] INFO:  >> [SAFE_HANDOVER] Syncing JP225 SL to 60831.14086
[2026-05-06 09:47:45,000] INFO:  >> [SAFE_HANDOVER] Syncing JP225 SL to 60833.64086
[2026-05-06 09:47:45,002] INFO:  >> [SAFE_HANDOVER] Syncing JP225 SL to 60828.64086
[2026-05-06 09:47:45,003] INFO:  >> [SAFE_HANDOVER] Syncing JP225 SL to 60828.74086
[2026-05-06 09:47:45,004] INFO:  >> [SAFE_HANDOVER] Syncing JP225 SL to 60831.84086
[2026-05-06 09:47:45,005] INFO:  >> [SAFE_HANDOVER] Syncing JP225 SL to 60846.04086
[2026-05-06 09:47:45,006] INFO:  >> [SAFE_HANDOVER] Syncing JP225 SL to 60848.64086
[2026-05-06 09:47:45,007] INFO:  >> [SAFE_HANDOVER] Syncing JP225 SL to 60855.34086
[2026-05-06 09:47:45,008] INFO:  >> [SAFE_HANDOVER] Syncing JP225 SL to 60858.24086
[2026-05-06 09:47:45,009] INFO:  >> [SAFE_HANDOVER] Syncing JP225 SL to 60855.64086
[2026-05-06 09:47:45,011] INFO:  >> [SAFE_HANDOVER] Syncing JP225 SL to 60860.34086
[2026-05-06 09:47:45,012] INFO:  >> [SAFE_HANDOVER] Syncing JP225 SL to 60861.14086
[2026-05-06 09:47:45,013] INFO:  >> [SAFE_HANDOVER] Syncing JP225 SL to 60868.84086
[2026-05-06 09:47:45,014] INFO:  >> [SAFE_HANDOVER] Syncing JP225 SL to 60875.54086
[2026-05-06 09:47:45,016] INFO:  >> [SAFE_HANDOVER] Syncing JP225 SL to 60875.44086
[2026-05-06 09:47:45,016] INFO:  >> [SAFE_HANDOVER] Syncing JP225 SL to 60869.14086
[2026-05-06 09:47:45,017] INFO:  >> [SAFE_HANDOVER] Syncing JP225 SL to 60866.74086
[2026-05-06 09:47:45,018] INFO:  >> [SAFE_HANDOVER] Syncing JP225 SL to 60883.24086
[2026-05-06 09:47:45,020] INFO:  >> [SAFE_HANDOVER] Syncing JP225 SL to 60888.74086
[2026-05-06 09:47:45,022] INFO:  >> [SAFE_HANDOVER] Syncing JP225 SL to 60888.24086
[2026-05-06 09:47:45,023] INFO:  >> [SAFE_HANDOVER] Syncing JP225 SL to 60891.34086
[2026-05-06 09:47:45,025] INFO:  >> [SAFE_HANDOVER] Syncing JP225 SL to 60893.64086
[2026-05-06 09:47:45,026] INFO:  >> [SAFE_HANDOVER] Syncing JP225 SL to 60883.24086
[2026-05-06 09:47:45,027] INFO:  >> [SAFE_HANDOVER] Syncing JP225 SL to 60879.14086
[2026-05-06 09:47:45,029] INFO:  >> [SAFE_HANDOVER] Syncing JP225 SL to 60880.64086
[2026-05-06 09:47:45,030] INFO:  >> [SAFE_HANDOVER] Syncing JP225 SL to 60880.64086
[2026-05-06 09:47:45,032] INFO:  >> [SAFE_HANDOVER] Syncing JP225 SL to 60871.24086
[2026-05-06 09:47:45,157] INFO:  >> [HARVESTER] GAMMA is dominating. Scaling in reinforcements...
[2026-05-06 09:47:45,157] ERROR:  !! [HARVESTER_ERR] cannot access local variable 'symbol' where it is not associated with a value
[2026-05-06 09:47:55,401] INFO:  >> [SAFE_HANDOVER] Syncing JP225 SL to 60829.54086
[2026-05-06 09:47:55,401] INFO:  >> [SAFE_HANDOVER] Syncing JP225 SL to 60825.64086
[2026-05-06 09:47:55,401] INFO:  >> [SAFE_HANDOVER] Syncing JP225 SL to 60831.14086
[2026-05-06 09:47:55,402] INFO:  >> [SAFE_HANDOVER] Syncing JP225 SL to 60833.64086
[2026-05-06 09:47:55,402] INFO:  >> [SAFE_HANDOVER] Syncing JP225 SL to 60828.64086
[2026-05-06 09:47:55,402] INFO:  >> [SAFE_HANDOVER] Syncing JP225 SL to 60828.74086
[2026-05-06 09:47:55,402] INFO:  >> [SAFE_HANDOVER] Syncing JP225 SL to 60831.84086
[2026-05-06 09:47:55,403] INFO:  >> [SAFE_HANDOVER] Syncing JP225 SL to 60846.04086
[2026-05-06 09:47:55,403] INFO:  >> [SAFE_HANDOVER] Syncing JP225 SL to 60848.64086
[2026-05-06 09:47:55,403] INFO:  >> [SAFE_HANDOVER] Syncing JP225 SL to 60855.34086
[2026-05-06 09:47:55,403] INFO:  >> [SAFE_HANDOVER] Syncing JP225 SL to 60858.24086
[2026-05-06 09:47:55,404] INFO:  >> [SAFE_HANDOVER] Syncing JP225 SL to 60855.64086
[2026-05-06 09:47:55,404] INFO:  >> [SAFE_HANDOVER] Syncing JP225 SL to 60860.34086
[2026-05-06 09:47:55,404] INFO:  >> [SAFE_HANDOVER] Syncing JP225 SL to 60861.14086
[2026-05-06 09:47:55,404] INFO:  >> [SAFE_HANDOVER] Syncing JP225 SL to 60868.84086
[2026-05-06 09:47:55,404] INFO:  >> [SAFE_HANDOVER] Syncing JP225 SL to 60875.54086
[2026-05-06 09:47:55,405] INFO:  >> [SAFE_HANDOVER] Syncing JP225 SL to 60875.44086
[2026-05-06 09:47:55,405] INFO:  >> [SAFE_HANDOVER] Syncing JP225 SL to 60869.14086
[2026-05-06 09:47:55,406] INFO:  >> [SAFE_HANDOVER] Syncing JP225 SL to 60866.74086
[2026-05-06 09:47:55,406] INFO:  >> [SAFE_HANDOVER] Syncing JP225 SL to 60883.24086
[2026-05-06 09:47:55,406] INFO:  >> [SAFE_HANDOVER] Syncing JP225 SL to 60888.74086
[2026-05-06 09:47:55,406] INFO:  >> [SAFE_HANDOVER] Syncing JP225 SL to 60888.24086
[2026-05-06 09:47:55,406] INFO:  >> [SAFE_HANDOVER] Syncing JP225 SL to 60891.34086
[2026-05-06 09:47:55,407] INFO:  >> [SAFE_HANDOVER] Syncing JP225 SL to 60893.64086
[2026-05-06 09:47:55,407] INFO:  >> [SAFE_HANDOVER] Syncing JP225 SL to 60883.24086
[2026-05-06 09:47:55,407] INFO:  >> [SAFE_HANDOVER] Syncing JP225 SL to 60879.14086
[2026-05-06 09:47:55,407] INFO:  >> [SAFE_HANDOVER] Syncing JP225 SL to 60880.64086
[2026-05-06 09:47:55,407] INFO:  >> [SAFE_HANDOVER] Syncing JP225 SL to 60880.64086
[2026-05-06 09:47:55,408] INFO:  >> [SAFE_HANDOVER] Syncing JP225 SL to 60871.24086
[2026-05-06 09:47:55,408] INFO:  >> [SAFE_HANDOVER] Syncing JP225 SL to 60878.64086
[2026-05-06 09:47:55,567] INFO:  >> [HARVESTER] GAMMA is dominating. Scaling in reinforcements...
[2026-05-06 09:47:55,567] ERROR:  !! [HARVESTER_ERR] cannot access local variable 'symbol' where it is not associated with a value
[2026-05-06 09:48:05,781] INFO:  >> [SAFE_HANDOVER] Syncing JP225 SL to 60829.54086
[2026-05-06 09:48:05,781] INFO:  >> [SAFE_HANDOVER] Syncing JP225 SL to 60825.64086
[2026-05-06 09:48:05,782] INFO:  >> [SAFE_HANDOVER] Syncing JP225 SL to 60831.14086
[2026-05-06 09:48:05,782] INFO:  >> [SAFE_HANDOVER] Syncing JP225 SL to 60833.64086
[2026-05-06 09:48:05,782] INFO:  >> [SAFE_HANDOVER] Syncing JP225 SL to 60828.64086
[2026-05-06 09:48:05,782] INFO:  >> [SAFE_HANDOVER] Syncing JP225 SL to 60828.74086
[2026-05-06 09:48:05,783] INFO:  >> [SAFE_HANDOVER] Syncing JP225 SL to 60831.84086
[2026-05-06 09:48:05,783] INFO:  >> [SAFE_HANDOVER] Syncing JP225 SL to 60846.04086
[2026-05-06 09:48:05,811] INFO:  >> [SAFE_HANDOVER] Syncing JP225 SL to 60848.64086
[2026-05-06 09:48:05,812] INFO:  >> [SAFE_HANDOVER] Syncing JP225 SL to 60855.34086
[2026-05-06 09:48:05,812] INFO:  >> [SAFE_HANDOVER] Syncing JP225 SL to 60858.24086
[2026-05-06 09:48:05,812] INFO:  >> [SAFE_HANDOVER] Syncing JP225 SL to 60855.64086
[2026-05-06 09:48:05,813] INFO:  >> [SAFE_HANDOVER] Syncing JP225 SL to 60860.34086
[2026-05-06 09:48:05,813] INFO:  >> [SAFE_HANDOVER] Syncing JP225 SL to 60861.14086
[2026-05-06 09:48:05,813] INFO:  >> [SAFE_HANDOVER] Syncing JP225 SL to 60868.84086
[2026-05-06 09:48:05,813] INFO:  >> [SAFE_HANDOVER] Syncing JP225 SL to 60875.54086
[2026-05-06 09:48:05,814] INFO:  >> [SAFE_HANDOVER] Syncing JP225 SL to 60875.44086
[2026-05-06 09:48:05,814] INFO:  >> [SAFE_HANDOVER] Syncing JP225 SL to 60869.14086
[2026-05-06 09:48:05,814] INFO:  >> [SAFE_HANDOVER] Syncing JP225 SL to 60866.74086
[2026-05-06 09:48:05,815] INFO:  >> [SAFE_HANDOVER] Syncing JP225 SL to 60883.24086
[2026-05-06 09:48:05,815] INFO:  >> [SAFE_HANDOVER] Syncing JP225 SL to 60888.74086
[2026-05-06 09:48:05,815] INFO:  >> [SAFE_HANDOVER] Syncing JP225 SL to 60888.24086
[2026-05-06 09:48:05,815] INFO:  >> [SAFE_HANDOVER] Syncing JP225 SL to 60891.34086
[2026-05-06 09:48:05,816] INFO:  >> [SAFE_HANDOVER] Syncing JP225 SL to 60893.64086
[2026-05-06 09:48:05,816] INFO:  >> [SAFE_HANDOVER] Syncing JP225 SL to 60883.24086
[2026-05-06 09:48:05,816] INFO:  >> [SAFE_HANDOVER] Syncing JP225 SL to 60879.14086
[2026-05-06 09:48:05,817] INFO:  >> [SAFE_HANDOVER] Syncing JP225 SL to 60880.64086
[2026-05-06 09:48:05,817] INFO:  >> [SAFE_HANDOVER] Syncing JP225 SL to 60880.64086
[2026-05-06 09:48:05,817] INFO:  >> [SAFE_HANDOVER] Syncing JP225 SL to 60871.24086
[2026-05-06 09:48:05,818] INFO:  >> [SAFE_HANDOVER] Syncing JP225 SL to 60878.64086
[2026-05-06 09:48:05,819] INFO:  >> [SAFE_HANDOVER] Syncing JP225 SL to 60881.54086
[2026-05-06 09:48:05,922] INFO:  >> [HARVESTER] GAMMA is dominating. Scaling in reinforcements...
[2026-05-06 09:48:05,922] ERROR:  !! [HARVESTER_ERR] cannot access local variable 'symbol' where it is not associated with a value
[2026-05-06 09:48:16,179] INFO:  >> [SAFE_HANDOVER] Syncing JP225 SL to 60829.54086
[2026-05-06 09:48:16,179] INFO:  >> [SAFE_HANDOVER] Syncing JP225 SL to 60825.64086
[2026-05-06 09:48:16,179] INFO:  >> [SAFE_HANDOVER] Syncing JP225 SL to 60831.14086
[2026-05-06 09:48:16,180] INFO:  >> [SAFE_HANDOVER] Syncing JP225 SL to 60833.64086
[2026-05-06 09:48:16,180] INFO:  >> [SAFE_HANDOVER] Syncing JP225 SL to 60828.64086
[2026-05-06 09:48:16,181] INFO:  >> [SAFE_HANDOVER] Syncing JP225 SL to 60828.74086
[2026-05-06 09:48:16,182] INFO:  >> [SAFE_HANDOVER] Syncing JP225 SL to 60831.84086
[2026-05-06 09:48:16,182] INFO:  >> [SAFE_HANDOVER] Syncing JP225 SL to 60846.04086
[2026-05-06 09:48:16,182] INFO:  >> [SAFE_HANDOVER] Syncing JP225 SL to 60848.64086
[2026-05-06 09:48:16,183] INFO:  >> [SAFE_HANDOVER] Syncing JP225 SL to 60855.34086
[2026-05-06 09:48:16,183] INFO:  >> [SAFE_HANDOVER] Syncing JP225 SL to 60858.24086
[2026-05-06 09:48:16,183] INFO:  >> [SAFE_HANDOVER] Syncing JP225 SL to 60855.64086
[2026-05-06 09:48:16,184] INFO:  >> [SAFE_HANDOVER] Syncing JP225 SL to 60860.34086
[2026-05-06 09:48:16,184] INFO:  >> [SAFE_HANDOVER] Syncing JP225 SL to 60861.14086
[2026-05-06 09:48:16,184] INFO:  >> [SAFE_HANDOVER] Syncing JP225 SL to 60868.84086
[2026-05-06 09:48:16,185] INFO:  >> [SAFE_HANDOVER] Syncing JP225 SL to 60875.54086
[2026-05-06 09:48:16,185] INFO:  >> [SAFE_HANDOVER] Syncing JP225 SL to 60875.44086
[2026-05-06 09:48:16,185] INFO:  >> [SAFE_HANDOVER] Syncing JP225 SL to 60869.14086
[2026-05-06 09:48:16,185] INFO:  >> [SAFE_HANDOVER] Syncing JP225 SL to 60866.74086
[2026-05-06 09:48:16,186] INFO:  >> [SAFE_HANDOVER] Syncing JP225 SL to 60883.24086
[2026-05-06 09:48:16,186] INFO:  >> [SAFE_HANDOVER] Syncing JP225 SL to 60888.74086
[2026-05-06 09:48:16,187] INFO:  >> [SAFE_HANDOVER] Syncing JP225 SL to 60888.24086
[2026-05-06 09:48:16,187] INFO:  >> [SAFE_HANDOVER] Syncing JP225 SL to 60891.34086
[2026-05-06 09:48:16,187] INFO:  >> [SAFE_HANDOVER] Syncing JP225 SL to 60893.64086
[2026-05-06 09:48:16,187] INFO:  >> [SAFE_HANDOVER] Syncing JP225 SL to 60883.24086
[2026-05-06 09:48:16,187] INFO:  >> [SAFE_HANDOVER] Syncing JP225 SL to 60879.14086
[2026-05-06 09:48:16,188] INFO:  >> [SAFE_HANDOVER] Syncing JP225 SL to 60880.64086
[2026-05-06 09:48:16,189] INFO:  >> [SAFE_HANDOVER] Syncing JP225 SL to 60880.64086
[2026-05-06 09:48:16,189] INFO:  >> [SAFE_HANDOVER] Syncing JP225 SL to 60871.24086
[2026-05-06 09:48:16,189] INFO:  >> [SAFE_HANDOVER] Syncing JP225 SL to 60878.64086
[2026-05-06 09:48:16,190] INFO:  >> [SAFE_HANDOVER] Syncing JP225 SL to 60881.54086
[2026-05-06 09:48:16,190] INFO:  >> [SAFE_HANDOVER] Syncing JP225 SL to 60876.64086
[2026-05-06 09:48:16,295] INFO:  >> [HARVESTER] GAMMA is dominating. Scaling in reinforcements...
[2026-05-06 09:48:16,295] ERROR:  !! [HARVESTER_ERR] cannot access local variable 'symbol' where it is not associated with a value
[2026-05-06 09:48:26,503] INFO:  >> [SAFE_HANDOVER] Syncing JP225 SL to 60829.54086
[2026-05-06 09:48:26,504] INFO:  >> [SAFE_HANDOVER] Syncing JP225 SL to 60825.64086
[2026-05-06 09:48:26,504] INFO:  >> [SAFE_HANDOVER] Syncing JP225 SL to 60831.14086
[2026-05-06 09:48:26,504] INFO:  >> [SAFE_HANDOVER] Syncing JP225 SL to 60833.64086
[2026-05-06 09:48:26,505] INFO:  >> [SAFE_HANDOVER] Syncing JP225 SL to 60828.64086
[2026-05-06 09:48:26,505] INFO:  >> [SAFE_HANDOVER] Syncing JP225 SL to 60828.74086
[2026-05-06 09:48:26,505] INFO:  >> [SAFE_HANDOVER] Syncing JP225 SL to 60831.84086
[2026-05-06 09:48:26,505] INFO:  >> [SAFE_HANDOVER] Syncing JP225 SL to 60846.04086
[2026-05-06 09:48:26,505] INFO:  >> [SAFE_HANDOVER] Syncing JP225 SL to 60848.64086
[2026-05-06 09:48:26,506] INFO:  >> [SAFE_HANDOVER] Syncing JP225 SL to 60855.34086
[2026-05-06 09:48:26,506] INFO:  >> [SAFE_HANDOVER] Syncing JP225 SL to 60858.24086
[2026-05-06 09:48:26,506] INFO:  >> [SAFE_HANDOVER] Syncing JP225 SL to 60855.64086
[2026-05-06 09:48:26,506] INFO:  >> [SAFE_HANDOVER] Syncing JP225 SL to 60860.34086
[2026-05-06 09:48:26,506] INFO:  >> [SAFE_HANDOVER] Syncing JP225 SL to 60861.14086
[2026-05-06 09:48:26,507] INFO:  >> [SAFE_HANDOVER] Syncing JP225 SL to 60868.84086
[2026-05-06 09:48:26,507] INFO:  >> [SAFE_HANDOVER] Syncing JP225 SL to 60875.54086
[2026-05-06 09:48:26,507] INFO:  >> [SAFE_HANDOVER] Syncing JP225 SL to 60875.44086
[2026-05-06 09:48:26,507] INFO:  >> [SAFE_HANDOVER] Syncing JP225 SL to 60869.14086
[2026-05-06 09:48:26,508] INFO:  >> [SAFE_HANDOVER] Syncing JP225 SL to 60866.74086
[2026-05-06 09:48:26,508] INFO:  >> [SAFE_HANDOVER] Syncing JP225 SL to 60883.24086
[2026-05-06 09:48:26,508] INFO:  >> [SAFE_HANDOVER] Syncing JP225 SL to 60888.74086
[2026-05-06 09:48:26,508] INFO:  >> [SAFE_HANDOVER] Syncing JP225 SL to 60888.24086
[2026-05-06 09:48:26,508] INFO:  >> [SAFE_HANDOVER] Syncing JP225 SL to 60891.34086
[2026-05-06 09:48:26,509] INFO:  >> [SAFE_HANDOVER] Syncing JP225 SL to 60893.64086
[2026-05-06 09:48:26,509] INFO:  >> [SAFE_HANDOVER] Syncing JP225 SL to 60883.24086
[2026-05-06 09:48:26,509] INFO:  >> [SAFE_HANDOVER] Syncing JP225 SL to 60879.14086
[2026-05-06 09:48:26,509] INFO:  >> [SAFE_HANDOVER] Syncing JP225 SL to 60880.64086
[2026-05-06 09:48:26,510] INFO:  >> [SAFE_HANDOVER] Syncing JP225 SL to 60880.64086
[2026-05-06 09:48:26,510] INFO:  >> [SAFE_HANDOVER] Syncing JP225 SL to 60871.24086
[2026-05-06 09:48:26,510] INFO:  >> [SAFE_HANDOVER] Syncing JP225 SL to 60878.64086
[2026-05-06 09:48:26,510] INFO:  >> [SAFE_HANDOVER] Syncing JP225 SL to 60881.54086
[2026-05-06 09:48:26,510] INFO:  >> [SAFE_HANDOVER] Syncing JP225 SL to 60876.64086
[2026-05-06 09:48:26,511] INFO:  >> [SAFE_HANDOVER] Syncing JP225 SL to 60873.04086
[2026-05-06 09:48:26,612] INFO:  >> [HARVESTER] GAMMA is dominating. Scaling in reinforcements...
[2026-05-06 09:48:26,612] ERROR:  !! [HARVESTER_ERR] cannot access local variable 'symbol' where it is not associated with a value
[2026-05-06 09:48:36,829] INFO:  >> [SAFE_HANDOVER] Syncing JP225 SL to 60829.54086
[2026-05-06 09:48:36,829] INFO:  >> [SAFE_HANDOVER] Syncing JP225 SL to 60825.64086
[2026-05-06 09:48:36,829] INFO:  >> [SAFE_HANDOVER] Syncing JP225 SL to 60831.14086
[2026-05-06 09:48:36,830] INFO:  >> [SAFE_HANDOVER] Syncing JP225 SL to 60833.64086
[2026-05-06 09:48:36,830] INFO:  >> [SAFE_HANDOVER] Syncing JP225 SL to 60828.64086
[2026-05-06 09:48:36,831] INFO:  >> [SAFE_HANDOVER] Syncing JP225 SL to 60828.74086
[2026-05-06 09:48:36,831] INFO:  >> [SAFE_HANDOVER] Syncing JP225 SL to 60831.84086
[2026-05-06 09:48:36,832] INFO:  >> [SAFE_HANDOVER] Syncing JP225 SL to 60846.04086
[2026-05-06 09:48:36,832] INFO:  >> [SAFE_HANDOVER] Syncing JP225 SL to 60848.64086
[2026-05-06 09:48:36,832] INFO:  >> [SAFE_HANDOVER] Syncing JP225 SL to 60855.34086
[2026-05-06 09:48:36,832] INFO:  >> [SAFE_HANDOVER] Syncing JP225 SL to 60858.24086
[2026-05-06 09:48:36,833] INFO:  >> [SAFE_HANDOVER] Syncing JP225 SL to 60855.64086
[2026-05-06 09:48:36,833] INFO:  >> [SAFE_HANDOVER] Syncing JP225 SL to 60860.34086
[2026-05-06 09:48:36,833] INFO:  >> [SAFE_HANDOVER] Syncing JP225 SL to 60861.14086
[2026-05-06 09:48:36,833] INFO:  >> [SAFE_HANDOVER] Syncing JP225 SL to 60868.84086
[2026-05-06 09:48:36,833] INFO:  >> [SAFE_HANDOVER] Syncing JP225 SL to 60875.54086
[2026-05-06 09:48:36,834] INFO:  >> [SAFE_HANDOVER] Syncing JP225 SL to 60875.44086
[2026-05-06 09:48:36,834] INFO:  >> [SAFE_HANDOVER] Syncing JP225 SL to 60869.14086
[2026-05-06 09:48:36,834] INFO:  >> [SAFE_HANDOVER] Syncing JP225 SL to 60866.74086
[2026-05-06 09:48:36,835] INFO:  >> [SAFE_HANDOVER] Syncing JP225 SL to 60883.24086
[2026-05-06 09:48:36,835] INFO:  >> [SAFE_HANDOVER] Syncing JP225 SL to 60888.74086
[2026-05-06 09:48:36,836] INFO:  >> [SAFE_HANDOVER] Syncing JP225 SL to 60888.24086
[2026-05-06 09:48:36,836] INFO:  >> [SAFE_HANDOVER] Syncing JP225 SL to 60891.34086
[2026-05-06 09:48:36,836] INFO:  >> [SAFE_HANDOVER] Syncing JP225 SL to 60893.64086
[2026-05-06 09:48:36,836] INFO:  >> [SAFE_HANDOVER] Syncing JP225 SL to 60883.24086
[2026-05-06 09:48:36,837] INFO:  >> [SAFE_HANDOVER] Syncing JP225 SL to 60879.14086
[2026-05-06 09:48:36,837] INFO:  >> [SAFE_HANDOVER] Syncing JP225 SL to 60880.64086
[2026-05-06 09:48:36,837] INFO:  >> [SAFE_HANDOVER] Syncing JP225 SL to 60880.64086
[2026-05-06 09:48:36,837] INFO:  >> [SAFE_HANDOVER] Syncing JP225 SL to 60871.24086
[2026-05-06 09:48:36,838] INFO:  >> [SAFE_HANDOVER] Syncing JP225 SL to 60878.64086
[2026-05-06 09:48:36,838] INFO:  >> [SAFE_HANDOVER] Syncing JP225 SL to 60881.54086
[2026-05-06 09:48:36,838] INFO:  >> [SAFE_HANDOVER] Syncing JP225 SL to 60876.64086
[2026-05-06 09:48:36,838] INFO:  >> [SAFE_HANDOVER] Syncing JP225 SL to 60873.04086
[2026-05-06 09:48:36,840] INFO:  >> [SAFE_HANDOVER] Syncing JP225 SL to 60875.74086
[2026-05-06 09:48:36,973] INFO:  >> [HARVESTER] GAMMA is dominating. Scaling in reinforcements...
[2026-05-06 09:48:36,973] ERROR:  !! [HARVESTER_ERR] cannot access local variable 'symbol' where it is not associated with a value
[2026-05-06 09:48:47,181] INFO:  >> [SAFE_HANDOVER] Syncing JP225 SL to 60829.54086
[2026-05-06 09:48:47,181] INFO:  >> [SAFE_HANDOVER] Syncing JP225 SL to 60825.64086
[2026-05-06 09:48:47,181] INFO:  >> [SAFE_HANDOVER] Syncing JP225 SL to 60831.14086
[2026-05-06 09:48:47,181] INFO:  >> [SAFE_HANDOVER] Syncing JP225 SL to 60833.64086
[2026-05-06 09:48:47,183] INFO:  >> [SAFE_HANDOVER] Syncing JP225 SL to 60828.64086
[2026-05-06 09:48:47,183] INFO:  >> [SAFE_HANDOVER] Syncing JP225 SL to 60828.74086
[2026-05-06 09:48:47,184] INFO:  >> [SAFE_HANDOVER] Syncing JP225 SL to 60831.84086
[2026-05-06 09:48:47,184] INFO:  >> [SAFE_HANDOVER] Syncing JP225 SL to 60846.04086
[2026-05-06 09:48:47,184] INFO:  >> [SAFE_HANDOVER] Syncing JP225 SL to 60848.64086
[2026-05-06 09:48:47,185] INFO:  >> [SAFE_HANDOVER] Syncing JP225 SL to 60855.34086
[2026-05-06 09:48:47,185] INFO:  >> [SAFE_HANDOVER] Syncing JP225 SL to 60858.24086
[2026-05-06 09:48:47,185] INFO:  >> [SAFE_HANDOVER] Syncing JP225 SL to 60855.64086
[2026-05-06 09:48:47,186] INFO:  >> [SAFE_HANDOVER] Syncing JP225 SL to 60860.34086
[2026-05-06 09:48:47,186] INFO:  >> [SAFE_HANDOVER] Syncing JP225 SL to 60861.14086
[2026-05-06 09:48:47,186] INFO:  >> [SAFE_HANDOVER] Syncing JP225 SL to 60868.84086
[2026-05-06 09:48:47,187] INFO:  >> [SAFE_HANDOVER] Syncing JP225 SL to 60875.54086
[2026-05-06 09:48:47,187] INFO:  >> [SAFE_HANDOVER] Syncing JP225 SL to 60875.44086
[2026-05-06 09:48:47,187] INFO:  >> [SAFE_HANDOVER] Syncing JP225 SL to 60869.14086
[2026-05-06 09:48:47,188] INFO:  >> [SAFE_HANDOVER] Syncing JP225 SL to 60866.74086
[2026-05-06 09:48:47,188] INFO:  >> [SAFE_HANDOVER] Syncing JP225 SL to 60883.24086
[2026-05-06 09:48:47,188] INFO:  >> [SAFE_HANDOVER] Syncing JP225 SL to 60888.74086
[2026-05-06 09:48:47,189] INFO:  >> [SAFE_HANDOVER] Syncing JP225 SL to 60888.24086
[2026-05-06 09:48:47,189] INFO:  >> [SAFE_HANDOVER] Syncing JP225 SL to 60891.34086
[2026-05-06 09:48:47,189] INFO:  >> [SAFE_HANDOVER] Syncing JP225 SL to 60893.64086
[2026-05-06 09:48:47,190] INFO:  >> [SAFE_HANDOVER] Syncing JP225 SL to 60883.24086
[2026-05-06 09:48:47,190] INFO:  >> [SAFE_HANDOVER] Syncing JP225 SL to 60879.14086
[2026-05-06 09:48:47,190] INFO:  >> [SAFE_HANDOVER] Syncing JP225 SL to 60880.64086
[2026-05-06 09:48:47,190] INFO:  >> [SAFE_HANDOVER] Syncing JP225 SL to 60880.64086
[2026-05-06 09:48:47,191] INFO:  >> [SAFE_HANDOVER] Syncing JP225 SL to 60871.24086
[2026-05-06 09:48:47,191] INFO:  >> [SAFE_HANDOVER] Syncing JP225 SL to 60878.64086
[2026-05-06 09:48:47,191] INFO:  >> [SAFE_HANDOVER] Syncing JP225 SL to 60881.54086
[2026-05-06 09:48:47,191] INFO:  >> [SAFE_HANDOVER] Syncing JP225 SL to 60876.64086
[2026-05-06 09:48:47,192] INFO:  >> [SAFE_HANDOVER] Syncing JP225 SL to 60873.04086
[2026-05-06 09:48:47,192] INFO:  >> [SAFE_HANDOVER] Syncing JP225 SL to 60875.74086
[2026-05-06 09:48:47,194] INFO:  >> [SAFE_HANDOVER] Syncing JP225 SL to 60869.14086
[2026-05-06 09:48:47,366] INFO:  >> [HARVESTER] GAMMA is dominating. Scaling in reinforcements...
[2026-05-06 09:48:47,367] ERROR:  !! [HARVESTER_ERR] cannot access local variable 'symbol' where it is not associated with a value
[2026-05-06 09:48:57,587] INFO:  >> [SAFE_HANDOVER] Syncing JP225 SL to 60829.54086
[2026-05-06 09:48:57,587] INFO:  >> [SAFE_HANDOVER] Syncing JP225 SL to 60825.64086
[2026-05-06 09:48:57,588] INFO:  >> [SAFE_HANDOVER] Syncing JP225 SL to 60831.14086
[2026-05-06 09:48:57,589] INFO:  >> [SAFE_HANDOVER] Syncing JP225 SL to 60833.64086
[2026-05-06 09:48:57,589] INFO:  >> [SAFE_HANDOVER] Syncing JP225 SL to 60828.64086
[2026-05-06 09:48:57,589] INFO:  >> [SAFE_HANDOVER] Syncing JP225 SL to 60828.74086
[2026-05-06 09:48:57,590] INFO:  >> [SAFE_HANDOVER] Syncing JP225 SL to 60831.84086
[2026-05-06 09:48:57,590] INFO:  >> [SAFE_HANDOVER] Syncing JP225 SL to 60846.04086
[2026-05-06 09:48:57,590] INFO:  >> [SAFE_HANDOVER] Syncing JP225 SL to 60848.64086
[2026-05-06 09:48:57,590] INFO:  >> [SAFE_HANDOVER] Syncing JP225 SL to 60855.34086
[2026-05-06 09:48:57,591] INFO:  >> [SAFE_HANDOVER] Syncing JP225 SL to 60858.24086
[2026-05-06 09:48:57,591] INFO:  >> [SAFE_HANDOVER] Syncing JP225 SL to 60855.64086
[2026-05-06 09:48:57,592] INFO:  >> [SAFE_HANDOVER] Syncing JP225 SL to 60860.34086
[2026-05-06 09:48:57,592] INFO:  >> [SAFE_HANDOVER] Syncing JP225 SL to 60861.14086
[2026-05-06 09:48:57,592] INFO:  >> [SAFE_HANDOVER] Syncing JP225 SL to 60868.84086
[2026-05-06 09:48:57,592] INFO:  >> [SAFE_HANDOVER] Syncing JP225 SL to 60875.54086
[2026-05-06 09:48:57,593] INFO:  >> [SAFE_HANDOVER] Syncing JP225 SL to 60875.44086
[2026-05-06 09:48:57,593] INFO:  >> [SAFE_HANDOVER] Syncing JP225 SL to 60869.14086
[2026-05-06 09:48:57,593] INFO:  >> [SAFE_HANDOVER] Syncing JP225 SL to 60866.74086
[2026-05-06 09:48:57,594] INFO:  >> [SAFE_HANDOVER] Syncing JP225 SL to 60883.24086
[2026-05-06 09:48:57,594] INFO:  >> [SAFE_HANDOVER] Syncing JP225 SL to 60888.74086
[2026-05-06 09:48:57,594] INFO:  >> [SAFE_HANDOVER] Syncing JP225 SL to 60888.24086
[2026-05-06 09:48:57,594] INFO:  >> [SAFE_HANDOVER] Syncing JP225 SL to 60891.34086
[2026-05-06 09:48:57,595] INFO:  >> [SAFE_HANDOVER] Syncing JP225 SL to 60893.64086
[2026-05-06 09:48:57,595] INFO:  >> [SAFE_HANDOVER] Syncing JP225 SL to 60883.24086
[2026-05-06 09:48:57,595] INFO:  >> [SAFE_HANDOVER] Syncing JP225 SL to 60879.14086
[2026-05-06 09:48:57,596] INFO:  >> [SAFE_HANDOVER] Syncing JP225 SL to 60880.64086
[2026-05-06 09:48:57,596] INFO:  >> [SAFE_HANDOVER] Syncing JP225 SL to 60880.64086
[2026-05-06 09:48:57,597] INFO:  >> [SAFE_HANDOVER] Syncing JP225 SL to 60871.24086
[2026-05-06 09:48:57,597] INFO:  >> [SAFE_HANDOVER] Syncing JP225 SL to 60878.64086
[2026-05-06 09:48:57,597] INFO:  >> [SAFE_HANDOVER] Syncing JP225 SL to 60881.54086
[2026-05-06 09:48:57,597] INFO:  >> [SAFE_HANDOVER] Syncing JP225 SL to 60876.64086
[2026-05-06 09:48:57,598] INFO:  >> [SAFE_HANDOVER] Syncing JP225 SL to 60873.04086
[2026-05-06 09:48:57,598] INFO:  >> [SAFE_HANDOVER] Syncing JP225 SL to 60875.74086
[2026-05-06 09:48:57,598] INFO:  >> [SAFE_HANDOVER] Syncing JP225 SL to 60869.14086
[2026-05-06 09:48:57,599] INFO:  >> [SAFE_HANDOVER] Syncing JP225 SL to 60875.54086
[2026-05-06 09:48:57,710] INFO:  >> [HARVESTER] GAMMA is dominating. Scaling in reinforcements...
[2026-05-06 09:48:57,710] ERROR:  !! [HARVESTER_ERR] cannot access local variable 'symbol' where it is not associated with a value
[2026-05-06 09:49:07,939] INFO:  >> [SAFE_HANDOVER] Syncing JP225 SL to 60829.54086
[2026-05-06 09:49:07,941] INFO:  >> [SAFE_HANDOVER] Syncing JP225 SL to 60825.64086
[2026-05-06 09:49:07,941] INFO:  >> [SAFE_HANDOVER] Syncing JP225 SL to 60831.14086
[2026-05-06 09:49:07,941] INFO:  >> [SAFE_HANDOVER] Syncing JP225 SL to 60833.64086
[2026-05-06 09:49:07,943] INFO:  >> [SAFE_HANDOVER] Syncing JP225 SL to 60828.64086
[2026-05-06 09:49:07,943] INFO:  >> [SAFE_HANDOVER] Syncing JP225 SL to 60828.74086
[2026-05-06 09:49:07,944] INFO:  >> [SAFE_HANDOVER] Syncing JP225 SL to 60831.84086
[2026-05-06 09:49:07,944] INFO:  >> [SAFE_HANDOVER] Syncing JP225 SL to 60846.04086
[2026-05-06 09:49:07,945] INFO:  >> [SAFE_HANDOVER] Syncing JP225 SL to 60848.64086
[2026-05-06 09:49:07,946] INFO:  >> [SAFE_HANDOVER] Syncing JP225 SL to 60855.34086
[2026-05-06 09:49:07,947] INFO:  >> [SAFE_HANDOVER] Syncing JP225 SL to 60858.24086
[2026-05-06 09:49:07,947] INFO:  >> [SAFE_HANDOVER] Syncing JP225 SL to 60855.64086
[2026-05-06 09:49:07,948] INFO:  >> [SAFE_HANDOVER] Syncing JP225 SL to 60860.34086
[2026-05-06 09:49:07,948] INFO:  >> [SAFE_HANDOVER] Syncing JP225 SL to 60861.14086
[2026-05-06 09:49:07,949] INFO:  >> [SAFE_HANDOVER] Syncing JP225 SL to 60868.84086
[2026-05-06 09:49:07,949] INFO:  >> [SAFE_HANDOVER] Syncing JP225 SL to 60875.54086
[2026-05-06 09:49:07,949] INFO:  >> [SAFE_HANDOVER] Syncing JP225 SL to 60875.44086
[2026-05-06 09:49:07,950] INFO:  >> [SAFE_HANDOVER] Syncing JP225 SL to 60869.14086
[2026-05-06 09:49:07,951] INFO:  >> [SAFE_HANDOVER] Syncing JP225 SL to 60866.74086
[2026-05-06 09:49:07,951] INFO:  >> [SAFE_HANDOVER] Syncing JP225 SL to 60883.24086
[2026-05-06 09:49:07,952] INFO:  >> [SAFE_HANDOVER] Syncing JP225 SL to 60888.74086
[2026-05-06 09:49:07,952] INFO:  >> [SAFE_HANDOVER] Syncing JP225 SL to 60888.24086
[2026-05-06 09:49:07,953] INFO:  >> [SAFE_HANDOVER] Syncing JP225 SL to 60891.34086
[2026-05-06 09:49:07,953] INFO:  >> [SAFE_HANDOVER] Syncing JP225 SL to 60893.64086
[2026-05-06 09:49:07,954] INFO:  >> [SAFE_HANDOVER] Syncing JP225 SL to 60883.24086
[2026-05-06 09:49:07,954] INFO:  >> [SAFE_HANDOVER] Syncing JP225 SL to 60879.14086
[2026-05-06 09:49:07,955] INFO:  >> [SAFE_HANDOVER] Syncing JP225 SL to 60880.64086
[2026-05-06 09:49:07,955] INFO:  >> [SAFE_HANDOVER] Syncing JP225 SL to 60880.64086
[2026-05-06 09:49:07,956] INFO:  >> [SAFE_HANDOVER] Syncing JP225 SL to 60871.24086
[2026-05-06 09:49:07,956] INFO:  >> [SAFE_HANDOVER] Syncing JP225 SL to 60878.64086
[2026-05-06 09:49:07,956] INFO:  >> [SAFE_HANDOVER] Syncing JP225 SL to 60881.54086
[2026-05-06 09:49:07,957] INFO:  >> [SAFE_HANDOVER] Syncing JP225 SL to 60876.64086
[2026-05-06 09:49:07,958] INFO:  >> [SAFE_HANDOVER] Syncing JP225 SL to 60873.04086
[2026-05-06 09:49:07,958] INFO:  >> [SAFE_HANDOVER] Syncing JP225 SL to 60875.74086
[2026-05-06 09:49:07,958] INFO:  >> [SAFE_HANDOVER] Syncing JP225 SL to 60869.14086
[2026-05-06 09:49:07,959] INFO:  >> [SAFE_HANDOVER] Syncing JP225 SL to 60875.54086
[2026-05-06 09:49:07,961] INFO:  >> [SAFE_HANDOVER] Syncing JP225 SL to 60878.54086
[2026-05-06 09:49:08,130] INFO:  >> [HARVESTER] GAMMA is dominating. Scaling in reinforcements...
[2026-05-06 09:49:08,130] ERROR:  !! [HARVESTER_ERR] cannot access local variable 'symbol' where it is not associated with a value
[2026-05-06 09:49:18,364] INFO:  >> [SAFE_HANDOVER] Syncing JP225 SL to 60829.54086
[2026-05-06 09:49:18,365] INFO:  >> [SAFE_HANDOVER] Syncing JP225 SL to 60825.64086
[2026-05-06 09:49:18,365] INFO:  >> [SAFE_HANDOVER] Syncing JP225 SL to 60831.14086
[2026-05-06 09:49:18,366] INFO:  >> [SAFE_HANDOVER] Syncing JP225 SL to 60833.64086
[2026-05-06 09:49:18,366] INFO:  >> [SAFE_HANDOVER] Syncing JP225 SL to 60828.64086
[2026-05-06 09:49:18,366] INFO:  >> [SAFE_HANDOVER] Syncing JP225 SL to 60828.74086
[2026-05-06 09:49:18,367] INFO:  >> [SAFE_HANDOVER] Syncing JP225 SL to 60831.84086
[2026-05-06 09:49:18,367] INFO:  >> [SAFE_HANDOVER] Syncing JP225 SL to 60846.04086
[2026-05-06 09:49:18,367] INFO:  >> [SAFE_HANDOVER] Syncing JP225 SL to 60848.64086
[2026-05-06 09:49:18,367] INFO:  >> [SAFE_HANDOVER] Syncing JP225 SL to 60855.34086
[2026-05-06 09:49:18,367] INFO:  >> [SAFE_HANDOVER] Syncing JP225 SL to 60858.24086
[2026-05-06 09:49:18,367] INFO:  >> [SAFE_HANDOVER] Syncing JP225 SL to 60855.64086
[2026-05-06 09:49:18,368] INFO:  >> [SAFE_HANDOVER] Syncing JP225 SL to 60860.34086
[2026-05-06 09:49:18,368] INFO:  >> [SAFE_HANDOVER] Syncing JP225 SL to 60861.14086
[2026-05-06 09:49:18,369] INFO:  >> [SAFE_HANDOVER] Syncing JP225 SL to 60868.84086
[2026-05-06 09:49:18,369] INFO:  >> [SAFE_HANDOVER] Syncing JP225 SL to 60875.54086
[2026-05-06 09:49:18,369] INFO:  >> [SAFE_HANDOVER] Syncing JP225 SL to 60875.44086
[2026-05-06 09:49:18,369] INFO:  >> [SAFE_HANDOVER] Syncing JP225 SL to 60869.14086
[2026-05-06 09:49:18,370] INFO:  >> [SAFE_HANDOVER] Syncing JP225 SL to 60866.74086
[2026-05-06 09:49:18,370] INFO:  >> [SAFE_HANDOVER] Syncing JP225 SL to 60883.24086
[2026-05-06 09:49:18,371] INFO:  >> [SAFE_HANDOVER] Syncing JP225 SL to 60888.74086
[2026-05-06 09:49:18,371] INFO:  >> [SAFE_HANDOVER] Syncing JP225 SL to 60888.24086
[2026-05-06 09:49:18,371] INFO:  >> [SAFE_HANDOVER] Syncing JP225 SL to 60891.34086
[2026-05-06 09:49:18,371] INFO:  >> [SAFE_HANDOVER] Syncing JP225 SL to 60893.64086
[2026-05-06 09:49:18,372] INFO:  >> [SAFE_HANDOVER] Syncing JP225 SL to 60883.24086
[2026-05-06 09:49:18,372] INFO:  >> [SAFE_HANDOVER] Syncing JP225 SL to 60879.14086
[2026-05-06 09:49:18,372] INFO:  >> [SAFE_HANDOVER] Syncing JP225 SL to 60880.64086
[2026-05-06 09:49:18,372] INFO:  >> [SAFE_HANDOVER] Syncing JP225 SL to 60880.64086
[2026-05-06 09:49:18,373] INFO:  >> [SAFE_HANDOVER] Syncing JP225 SL to 60871.24086
[2026-05-06 09:49:18,373] INFO:  >> [SAFE_HANDOVER] Syncing JP225 SL to 60878.64086
[2026-05-06 09:49:18,373] INFO:  >> [SAFE_HANDOVER] Syncing JP225 SL to 60881.54086
[2026-05-06 09:49:18,373] INFO:  >> [SAFE_HANDOVER] Syncing JP225 SL to 60876.64086
[2026-05-06 09:49:18,373] INFO:  >> [SAFE_HANDOVER] Syncing JP225 SL to 60873.04086
[2026-05-06 09:49:18,373] INFO:  >> [SAFE_HANDOVER] Syncing JP225 SL to 60875.74086
[2026-05-06 09:49:18,374] INFO:  >> [SAFE_HANDOVER] Syncing JP225 SL to 60869.14086
[2026-05-06 09:49:18,374] INFO:  >> [SAFE_HANDOVER] Syncing JP225 SL to 60875.54086
[2026-05-06 09:49:18,374] INFO:  >> [SAFE_HANDOVER] Syncing JP225 SL to 60878.54086
[2026-05-06 09:49:18,376] INFO:  >> [SAFE_HANDOVER] Syncing JP225 SL to 60875.54086
[2026-05-06 09:49:18,523] INFO:  >> [HARVESTER] GAMMA is dominating. Scaling in reinforcements...
[2026-05-06 09:49:18,523] ERROR:  !! [HARVESTER_ERR] cannot access local variable 'symbol' where it is not associated with a value
[2026-05-06 09:49:28,782] INFO:  >> [SAFE_HANDOVER] Syncing JP225 SL to 60829.54086
[2026-05-06 09:49:28,784] INFO:  >> [SAFE_HANDOVER] Syncing JP225 SL to 60825.64086
[2026-05-06 09:49:28,785] INFO:  >> [SAFE_HANDOVER] Syncing JP225 SL to 60831.14086
[2026-05-06 09:49:28,785] INFO:  >> [SAFE_HANDOVER] Syncing JP225 SL to 60833.64086
[2026-05-06 09:49:28,786] INFO:  >> [SAFE_HANDOVER] Syncing JP225 SL to 60828.64086
[2026-05-06 09:49:28,787] INFO:  >> [SAFE_HANDOVER] Syncing JP225 SL to 60828.74086
[2026-05-06 09:49:28,788] INFO:  >> [SAFE_HANDOVER] Syncing JP225 SL to 60831.84086
[2026-05-06 09:49:28,789] INFO:  >> [SAFE_HANDOVER] Syncing JP225 SL to 60846.04086
[2026-05-06 09:49:28,790] INFO:  >> [SAFE_HANDOVER] Syncing JP225 SL to 60848.64086
[2026-05-06 09:49:28,791] INFO:  >> [SAFE_HANDOVER] Syncing JP225 SL to 60855.34086
[2026-05-06 09:49:28,792] INFO:  >> [SAFE_HANDOVER] Syncing JP225 SL to 60858.24086
[2026-05-06 09:49:28,793] INFO:  >> [SAFE_HANDOVER] Syncing JP225 SL to 60855.64086
[2026-05-06 09:49:28,794] INFO:  >> [SAFE_HANDOVER] Syncing JP225 SL to 60860.34086
[2026-05-06 09:49:28,795] INFO:  >> [SAFE_HANDOVER] Syncing JP225 SL to 60861.14086
[2026-05-06 09:49:28,796] INFO:  >> [SAFE_HANDOVER] Syncing JP225 SL to 60868.84086
[2026-05-06 09:49:28,797] INFO:  >> [SAFE_HANDOVER] Syncing JP225 SL to 60875.54086
[2026-05-06 09:49:28,797] INFO:  >> [SAFE_HANDOVER] Syncing JP225 SL to 60875.44086
[2026-05-06 09:49:28,798] INFO:  >> [SAFE_HANDOVER] Syncing JP225 SL to 60869.14086
[2026-05-06 09:49:28,800] INFO:  >> [SAFE_HANDOVER] Syncing JP225 SL to 60866.74086
[2026-05-06 09:49:28,802] INFO:  >> [SAFE_HANDOVER] Syncing JP225 SL to 60883.24086
[2026-05-06 09:49:28,803] INFO:  >> [SAFE_HANDOVER] Syncing JP225 SL to 60888.74086
[2026-05-06 09:49:28,804] INFO:  >> [SAFE_HANDOVER] Syncing JP225 SL to 60888.24086
[2026-05-06 09:49:28,805] INFO:  >> [SAFE_HANDOVER] Syncing JP225 SL to 60891.34086
[2026-05-06 09:49:28,806] INFO:  >> [SAFE_HANDOVER] Syncing JP225 SL to 60893.64086
[2026-05-06 09:49:28,807] INFO:  >> [SAFE_HANDOVER] Syncing JP225 SL to 60883.24086
[2026-05-06 09:49:28,808] INFO:  >> [SAFE_HANDOVER] Syncing JP225 SL to 60879.14086
[2026-05-06 09:49:28,809] INFO:  >> [SAFE_HANDOVER] Syncing JP225 SL to 60880.64086
[2026-05-06 09:49:28,810] INFO:  >> [SAFE_HANDOVER] Syncing JP225 SL to 60880.64086
[2026-05-06 09:49:28,811] INFO:  >> [SAFE_HANDOVER] Syncing JP225 SL to 60871.24086
[2026-05-06 09:49:28,812] INFO:  >> [SAFE_HANDOVER] Syncing JP225 SL to 60878.64086
[2026-05-06 09:49:28,814] INFO:  >> [SAFE_HANDOVER] Syncing JP225 SL to 60881.54086
[2026-05-06 09:49:28,815] INFO:  >> [SAFE_HANDOVER] Syncing JP225 SL to 60876.64086
[2026-05-06 09:49:28,817] INFO:  >> [SAFE_HANDOVER] Syncing JP225 SL to 60873.04086
[2026-05-06 09:49:28,819] INFO:  >> [SAFE_HANDOVER] Syncing JP225 SL to 60875.74086
[2026-05-06 09:49:28,820] INFO:  >> [SAFE_HANDOVER] Syncing JP225 SL to 60869.14086
[2026-05-06 09:49:28,821] INFO:  >> [SAFE_HANDOVER] Syncing JP225 SL to 60875.54086
[2026-05-06 09:49:28,823] INFO:  >> [SAFE_HANDOVER] Syncing JP225 SL to 60878.54086
[2026-05-06 09:49:28,823] INFO:  >> [SAFE_HANDOVER] Syncing JP225 SL to 60875.54086
[2026-05-06 09:49:28,825] INFO:  >> [SAFE_HANDOVER] Syncing JP225 SL to 60884.34086
[2026-05-06 09:49:28,929] INFO:  >> [HARVESTER] GAMMA is dominating. Scaling in reinforcements...
[2026-05-06 09:49:28,929] ERROR:  !! [HARVESTER_ERR] cannot access local variable 'symbol' where it is not associated with a value
[2026-05-06 09:49:39,185] INFO:  >> [SAFE_HANDOVER] Syncing JP225 SL to 60829.54086
[2026-05-06 09:49:39,186] INFO:  >> [SAFE_HANDOVER] Syncing JP225 SL to 60825.64086
[2026-05-06 09:49:39,186] INFO:  >> [SAFE_HANDOVER] Syncing JP225 SL to 60831.14086
[2026-05-06 09:49:39,187] INFO:  >> [SAFE_HANDOVER] Syncing JP225 SL to 60833.64086
[2026-05-06 09:49:39,187] INFO:  >> [SAFE_HANDOVER] Syncing JP225 SL to 60828.64086
[2026-05-06 09:49:39,187] INFO:  >> [SAFE_HANDOVER] Syncing JP225 SL to 60828.74086
[2026-05-06 09:49:39,188] INFO:  >> [SAFE_HANDOVER] Syncing JP225 SL to 60831.84086
[2026-05-06 09:49:39,188] INFO:  >> [SAFE_HANDOVER] Syncing JP225 SL to 60846.04086
[2026-05-06 09:49:39,189] INFO:  >> [SAFE_HANDOVER] Syncing JP225 SL to 60848.64086
[2026-05-06 09:49:39,189] INFO:  >> [SAFE_HANDOVER] Syncing JP225 SL to 60855.34086
[2026-05-06 09:49:39,189] INFO:  >> [SAFE_HANDOVER] Syncing JP225 SL to 60858.24086
[2026-05-06 09:49:39,190] INFO:  >> [SAFE_HANDOVER] Syncing JP225 SL to 60855.64086
[2026-05-06 09:49:39,190] INFO:  >> [SAFE_HANDOVER] Syncing JP225 SL to 60860.34086
[2026-05-06 09:49:39,190] INFO:  >> [SAFE_HANDOVER] Syncing JP225 SL to 60861.14086
[2026-05-06 09:49:39,191] INFO:  >> [SAFE_HANDOVER] Syncing JP225 SL to 60868.84086
[2026-05-06 09:49:39,191] INFO:  >> [SAFE_HANDOVER] Syncing JP225 SL to 60875.54086
[2026-05-06 09:49:39,191] INFO:  >> [SAFE_HANDOVER] Syncing JP225 SL to 60875.44086
[2026-05-06 09:49:39,192] INFO:  >> [SAFE_HANDOVER] Syncing JP225 SL to 60869.14086
[2026-05-06 09:49:39,192] INFO:  >> [SAFE_HANDOVER] Syncing JP225 SL to 60866.74086
[2026-05-06 09:49:39,192] INFO:  >> [SAFE_HANDOVER] Syncing JP225 SL to 60883.24086
[2026-05-06 09:49:39,193] INFO:  >> [SAFE_HANDOVER] Syncing JP225 SL to 60888.74086
[2026-05-06 09:49:39,193] INFO:  >> [SAFE_HANDOVER] Syncing JP225 SL to 60888.24086
[2026-05-06 09:49:39,193] INFO:  >> [SAFE_HANDOVER] Syncing JP225 SL to 60891.34086
[2026-05-06 09:49:39,194] INFO:  >> [SAFE_HANDOVER] Syncing JP225 SL to 60893.64086
[2026-05-06 09:49:39,194] INFO:  >> [SAFE_HANDOVER] Syncing JP225 SL to 60883.24086
[2026-05-06 09:49:39,194] INFO:  >> [SAFE_HANDOVER] Syncing JP225 SL to 60879.14086
[2026-05-06 09:49:39,195] INFO:  >> [SAFE_HANDOVER] Syncing JP225 SL to 60880.64086
[2026-05-06 09:49:39,195] INFO:  >> [SAFE_HANDOVER] Syncing JP225 SL to 60880.64086
[2026-05-06 09:49:39,196] INFO:  >> [SAFE_HANDOVER] Syncing JP225 SL to 60871.24086
[2026-05-06 09:49:39,196] INFO:  >> [SAFE_HANDOVER] Syncing JP225 SL to 60878.64086
[2026-05-06 09:49:39,196] INFO:  >> [SAFE_HANDOVER] Syncing JP225 SL to 60881.54086
[2026-05-06 09:49:39,197] INFO:  >> [SAFE_HANDOVER] Syncing JP225 SL to 60876.64086
[2026-05-06 09:49:39,197] INFO:  >> [SAFE_HANDOVER] Syncing JP225 SL to 60873.04086
[2026-05-06 09:49:39,198] INFO:  >> [SAFE_HANDOVER] Syncing JP225 SL to 60875.74086
[2026-05-06 09:49:39,198] INFO:  >> [SAFE_HANDOVER] Syncing JP225 SL to 60869.14086
[2026-05-06 09:49:39,198] INFO:  >> [SAFE_HANDOVER] Syncing JP225 SL to 60875.54086
[2026-05-06 09:49:39,199] INFO:  >> [SAFE_HANDOVER] Syncing JP225 SL to 60878.54086
[2026-05-06 09:49:39,199] INFO:  >> [SAFE_HANDOVER] Syncing JP225 SL to 60875.54086
[2026-05-06 09:49:39,199] INFO:  >> [SAFE_HANDOVER] Syncing JP225 SL to 60884.34086
[2026-05-06 09:49:39,200] INFO:  >> [SAFE_HANDOVER] Syncing JP225 SL to 60886.84086
[2026-05-06 09:49:39,306] INFO:  >> [HARVESTER] GAMMA is dominating. Scaling in reinforcements...
[2026-05-06 09:49:39,306] ERROR:  !! [HARVESTER_ERR] cannot access local variable 'symbol' where it is not associated with a value
[2026-05-06 09:49:49,581] INFO:  >> [SAFE_HANDOVER] Syncing JP225 SL to 60829.54086
[2026-05-06 09:49:49,581] INFO:  >> [SAFE_HANDOVER] Syncing JP225 SL to 60825.64086
[2026-05-06 09:49:49,582] INFO:  >> [SAFE_HANDOVER] Syncing JP225 SL to 60831.14086
[2026-05-06 09:49:49,582] INFO:  >> [SAFE_HANDOVER] Syncing JP225 SL to 60833.64086
[2026-05-06 09:49:49,582] INFO:  >> [SAFE_HANDOVER] Syncing JP225 SL to 60828.64086
[2026-05-06 09:49:49,583] INFO:  >> [SAFE_HANDOVER] Syncing JP225 SL to 60828.74086
[2026-05-06 09:49:49,583] INFO:  >> [SAFE_HANDOVER] Syncing JP225 SL to 60831.84086
[2026-05-06 09:49:49,584] INFO:  >> [SAFE_HANDOVER] Syncing JP225 SL to 60846.04086
[2026-05-06 09:49:49,584] INFO:  >> [SAFE_HANDOVER] Syncing JP225 SL to 60848.64086
[2026-05-06 09:49:49,584] INFO:  >> [SAFE_HANDOVER] Syncing JP225 SL to 60855.34086
[2026-05-06 09:49:49,585] INFO:  >> [SAFE_HANDOVER] Syncing JP225 SL to 60858.24086
[2026-05-06 09:49:49,585] INFO:  >> [SAFE_HANDOVER] Syncing JP225 SL to 60855.64086
[2026-05-06 09:49:49,585] INFO:  >> [SAFE_HANDOVER] Syncing JP225 SL to 60860.34086
[2026-05-06 09:49:49,586] INFO:  >> [SAFE_HANDOVER] Syncing JP225 SL to 60861.14086
[2026-05-06 09:49:49,586] INFO:  >> [SAFE_HANDOVER] Syncing JP225 SL to 60868.84086
[2026-05-06 09:49:49,586] INFO:  >> [SAFE_HANDOVER] Syncing JP225 SL to 60875.54086
[2026-05-06 09:49:49,586] INFO:  >> [SAFE_HANDOVER] Syncing JP225 SL to 60875.44086
[2026-05-06 09:49:49,587] INFO:  >> [SAFE_HANDOVER] Syncing JP225 SL to 60869.14086
[2026-05-06 09:49:49,587] INFO:  >> [SAFE_HANDOVER] Syncing JP225 SL to 60866.74086
[2026-05-06 09:49:49,587] INFO:  >> [SAFE_HANDOVER] Syncing JP225 SL to 60883.24086
[2026-05-06 09:49:49,587] INFO:  >> [SAFE_HANDOVER] Syncing JP225 SL to 60888.74086
[2026-05-06 09:49:49,587] INFO:  >> [SAFE_HANDOVER] Syncing JP225 SL to 60888.24086
[2026-05-06 09:49:49,588] INFO:  >> [SAFE_HANDOVER] Syncing JP225 SL to 60891.34086
[2026-05-06 09:49:49,588] INFO:  >> [SAFE_HANDOVER] Syncing JP225 SL to 60893.64086
[2026-05-06 09:49:49,589] INFO:  >> [SAFE_HANDOVER] Syncing JP225 SL to 60883.24086
[2026-05-06 09:49:49,589] INFO:  >> [SAFE_HANDOVER] Syncing JP225 SL to 60879.14086
[2026-05-06 09:49:49,589] INFO:  >> [SAFE_HANDOVER] Syncing JP225 SL to 60880.64086
[2026-05-06 09:49:49,589] INFO:  >> [SAFE_HANDOVER] Syncing JP225 SL to 60880.64086
[2026-05-06 09:49:49,590] INFO:  >> [SAFE_HANDOVER] Syncing JP225 SL to 60871.24086
[2026-05-06 09:49:49,590] INFO:  >> [SAFE_HANDOVER] Syncing JP225 SL to 60878.64086
[2026-05-06 09:49:49,590] INFO:  >> [SAFE_HANDOVER] Syncing JP225 SL to 60881.54086
[2026-05-06 09:49:49,590] INFO:  >> [SAFE_HANDOVER] Syncing JP225 SL to 60876.64086
[2026-05-06 09:49:49,591] INFO:  >> [SAFE_HANDOVER] Syncing JP225 SL to 60873.04086
[2026-05-06 09:49:49,591] INFO:  >> [SAFE_HANDOVER] Syncing JP225 SL to 60875.74086
[2026-05-06 09:49:49,591] INFO:  >> [SAFE_HANDOVER] Syncing JP225 SL to 60869.14086
[2026-05-06 09:49:49,591] INFO:  >> [SAFE_HANDOVER] Syncing JP225 SL to 60875.54086
[2026-05-06 09:49:49,591] INFO:  >> [SAFE_HANDOVER] Syncing JP225 SL to 60878.54086
[2026-05-06 09:49:49,592] INFO:  >> [SAFE_HANDOVER] Syncing JP225 SL to 60875.54086
[2026-05-06 09:49:49,592] INFO:  >> [SAFE_HANDOVER] Syncing JP225 SL to 60884.34086
[2026-05-06 09:49:49,592] INFO:  >> [SAFE_HANDOVER] Syncing JP225 SL to 60886.84086
[2026-05-06 09:49:49,593] INFO:  >> [SAFE_HANDOVER] Syncing JP225 SL to 60891.14086
[2026-05-06 09:49:49,695] INFO:  >> [HARVESTER] GAMMA is dominating. Scaling in reinforcements...
[2026-05-06 09:49:49,696] ERROR:  !! [HARVESTER_ERR] cannot access local variable 'symbol' where it is not associated with a value
[2026-05-06 09:49:59,906] INFO:  >> [SAFE_HANDOVER] Syncing JP225 SL to 60829.54086
[2026-05-06 09:49:59,906] INFO:  >> [SAFE_HANDOVER] Syncing JP225 SL to 60825.64086
[2026-05-06 09:49:59,906] INFO:  >> [SAFE_HANDOVER] Syncing JP225 SL to 60831.14086
[2026-05-06 09:49:59,906] INFO:  >> [SAFE_HANDOVER] Syncing JP225 SL to 60833.64086
[2026-05-06 09:49:59,907] INFO:  >> [SAFE_HANDOVER] Syncing JP225 SL to 60828.64086
[2026-05-06 09:49:59,907] INFO:  >> [SAFE_HANDOVER] Syncing JP225 SL to 60828.74086
[2026-05-06 09:49:59,907] INFO:  >> [SAFE_HANDOVER] Syncing JP225 SL to 60831.84086
[2026-05-06 09:49:59,907] INFO:  >> [SAFE_HANDOVER] Syncing JP225 SL to 60846.04086
[2026-05-06 09:49:59,908] INFO:  >> [SAFE_HANDOVER] Syncing JP225 SL to 60848.64086
[2026-05-06 09:49:59,908] INFO:  >> [SAFE_HANDOVER] Syncing JP225 SL to 60855.34086
[2026-05-06 09:49:59,908] INFO:  >> [SAFE_HANDOVER] Syncing JP225 SL to 60858.24086
[2026-05-06 09:49:59,908] INFO:  >> [SAFE_HANDOVER] Syncing JP225 SL to 60855.64086
[2026-05-06 09:49:59,909] INFO:  >> [SAFE_HANDOVER] Syncing JP225 SL to 60860.34086
[2026-05-06 09:49:59,909] INFO:  >> [SAFE_HANDOVER] Syncing JP225 SL to 60861.14086
[2026-05-06 09:49:59,909] INFO:  >> [SAFE_HANDOVER] Syncing JP225 SL to 60868.84086
[2026-05-06 09:49:59,909] INFO:  >> [SAFE_HANDOVER] Syncing JP225 SL to 60875.54086
[2026-05-06 09:49:59,910] INFO:  >> [SAFE_HANDOVER] Syncing JP225 SL to 60875.44086
[2026-05-06 09:49:59,910] INFO:  >> [SAFE_HANDOVER] Syncing JP225 SL to 60869.14086
[2026-05-06 09:49:59,911] INFO:  >> [SAFE_HANDOVER] Syncing JP225 SL to 60866.74086
[2026-05-06 09:49:59,911] INFO:  >> [SAFE_HANDOVER] Syncing JP225 SL to 60883.24086
[2026-05-06 09:49:59,911] INFO:  >> [SAFE_HANDOVER] Syncing JP225 SL to 60888.74086
[2026-05-06 09:49:59,911] INFO:  >> [SAFE_HANDOVER] Syncing JP225 SL to 60888.24086
[2026-05-06 09:49:59,911] INFO:  >> [SAFE_HANDOVER] Syncing JP225 SL to 60891.34086
[2026-05-06 09:49:59,912] INFO:  >> [SAFE_HANDOVER] Syncing JP225 SL to 60893.64086
[2026-05-06 09:49:59,912] INFO:  >> [SAFE_HANDOVER] Syncing JP225 SL to 60883.24086
[2026-05-06 09:49:59,912] INFO:  >> [SAFE_HANDOVER] Syncing JP225 SL to 60879.14086
[2026-05-06 09:49:59,913] INFO:  >> [SAFE_HANDOVER] Syncing JP225 SL to 60880.64086
[2026-05-06 09:49:59,913] INFO:  >> [SAFE_HANDOVER] Syncing JP225 SL to 60880.64086
[2026-05-06 09:49:59,913] INFO:  >> [SAFE_HANDOVER] Syncing JP225 SL to 60871.24086
[2026-05-06 09:49:59,913] INFO:  >> [SAFE_HANDOVER] Syncing JP225 SL to 60878.64086
[2026-05-06 09:49:59,914] INFO:  >> [SAFE_HANDOVER] Syncing JP225 SL to 60881.54086
[2026-05-06 09:49:59,914] INFO:  >> [SAFE_HANDOVER] Syncing JP225 SL to 60876.64086
[2026-05-06 09:49:59,944] INFO:  >> [SAFE_HANDOVER] Syncing JP225 SL to 60873.04086
[2026-05-06 09:49:59,945] INFO:  >> [SAFE_HANDOVER] Syncing JP225 SL to 60875.74086
[2026-05-06 09:49:59,946] INFO:  >> [SAFE_HANDOVER] Syncing JP225 SL to 60869.14086
[2026-05-06 09:49:59,946] INFO:  >> [SAFE_HANDOVER] Syncing JP225 SL to 60875.54086
[2026-05-06 09:49:59,946] INFO:  >> [SAFE_HANDOVER] Syncing JP225 SL to 60878.54086
[2026-05-06 09:49:59,947] INFO:  >> [SAFE_HANDOVER] Syncing JP225 SL to 60875.54086
[2026-05-06 09:49:59,947] INFO:  >> [SAFE_HANDOVER] Syncing JP225 SL to 60884.34086
[2026-05-06 09:49:59,947] INFO:  >> [SAFE_HANDOVER] Syncing JP225 SL to 60886.84086
[2026-05-06 09:49:59,947] INFO:  >> [SAFE_HANDOVER] Syncing JP225 SL to 60891.14086
[2026-05-06 09:49:59,949] INFO:  >> [SAFE_HANDOVER] Syncing JP225 SL to 60891.14086
[2026-05-06 09:50:00,057] INFO:  >> [HARVESTER] GAMMA is dominating. Scaling in reinforcements...
[2026-05-06 09:50:00,057] ERROR:  !! [HARVESTER_ERR] cannot access local variable 'symbol' where it is not associated with a value
[2026-05-06 09:50:10,278] INFO:  >> [SAFE_HANDOVER] Syncing JP225 SL to 60829.54086
[2026-05-06 09:50:10,279] INFO:  >> [SAFE_HANDOVER] Syncing JP225 SL to 60825.64086
[2026-05-06 09:50:10,279] INFO:  >> [SAFE_HANDOVER] Syncing JP225 SL to 60831.14086
[2026-05-06 09:50:10,279] INFO:  >> [SAFE_HANDOVER] Syncing JP225 SL to 60833.64086
[2026-05-06 09:50:10,279] INFO:  >> [SAFE_HANDOVER] Syncing JP225 SL to 60828.64086
[2026-05-06 09:50:10,280] INFO:  >> [SAFE_HANDOVER] Syncing JP225 SL to 60828.74086
[2026-05-06 09:50:10,280] INFO:  >> [SAFE_HANDOVER] Syncing JP225 SL to 60831.84086
[2026-05-06 09:50:10,280] INFO:  >> [SAFE_HANDOVER] Syncing JP225 SL to 60846.04086
[2026-05-06 09:50:10,280] INFO:  >> [SAFE_HANDOVER] Syncing JP225 SL to 60848.64086
[2026-05-06 09:50:10,280] INFO:  >> [SAFE_HANDOVER] Syncing JP225 SL to 60855.34086
[2026-05-06 09:50:10,281] INFO:  >> [SAFE_HANDOVER] Syncing JP225 SL to 60858.24086
[2026-05-06 09:50:10,281] INFO:  >> [SAFE_HANDOVER] Syncing JP225 SL to 60855.64086
[2026-05-06 09:50:10,282] INFO:  >> [SAFE_HANDOVER] Syncing JP225 SL to 60860.34086
[2026-05-06 09:50:10,282] INFO:  >> [SAFE_HANDOVER] Syncing JP225 SL to 60861.14086
[2026-05-06 09:50:10,282] INFO:  >> [SAFE_HANDOVER] Syncing JP225 SL to 60868.84086
[2026-05-06 09:50:10,282] INFO:  >> [SAFE_HANDOVER] Syncing JP225 SL to 60875.54086
[2026-05-06 09:50:10,283] INFO:  >> [SAFE_HANDOVER] Syncing JP225 SL to 60875.44086
[2026-05-06 09:50:10,283] INFO:  >> [SAFE_HANDOVER] Syncing JP225 SL to 60869.14086
[2026-05-06 09:50:10,283] INFO:  >> [SAFE_HANDOVER] Syncing JP225 SL to 60866.74086
[2026-05-06 09:50:10,284] INFO:  >> [SAFE_HANDOVER] Syncing JP225 SL to 60883.24086
[2026-05-06 09:50:10,284] INFO:  >> [SAFE_HANDOVER] Syncing JP225 SL to 60888.74086
[2026-05-06 09:50:10,284] INFO:  >> [SAFE_HANDOVER] Syncing JP225 SL to 60888.24086
[2026-05-06 09:50:10,285] INFO:  >> [SAFE_HANDOVER] Syncing JP225 SL to 60891.34086
[2026-05-06 09:50:10,285] INFO:  >> [SAFE_HANDOVER] Syncing JP225 SL to 60893.64086
[2026-05-06 09:50:10,285] INFO:  >> [SAFE_HANDOVER] Syncing JP225 SL to 60883.24086
[2026-05-06 09:50:10,285] INFO:  >> [SAFE_HANDOVER] Syncing JP225 SL to 60879.14086
[2026-05-06 09:50:10,285] INFO:  >> [SAFE_HANDOVER] Syncing JP225 SL to 60880.64086
[2026-05-06 09:50:10,286] INFO:  >> [SAFE_HANDOVER] Syncing JP225 SL to 60880.64086
[2026-05-06 09:50:10,286] INFO:  >> [SAFE_HANDOVER] Syncing JP225 SL to 60871.24086
[2026-05-06 09:50:10,286] INFO:  >> [SAFE_HANDOVER] Syncing JP225 SL to 60878.64086
[2026-05-06 09:50:10,287] INFO:  >> [SAFE_HANDOVER] Syncing JP225 SL to 60881.54086
[2026-05-06 09:50:10,287] INFO:  >> [SAFE_HANDOVER] Syncing JP225 SL to 60876.64086
[2026-05-06 09:50:10,287] INFO:  >> [SAFE_HANDOVER] Syncing JP225 SL to 60873.04086
[2026-05-06 09:50:10,287] INFO:  >> [SAFE_HANDOVER] Syncing JP225 SL to 60875.74086
[2026-05-06 09:50:10,288] INFO:  >> [SAFE_HANDOVER] Syncing JP225 SL to 60869.14086
[2026-05-06 09:50:10,288] INFO:  >> [SAFE_HANDOVER] Syncing JP225 SL to 60875.54086
[2026-05-06 09:50:10,317] INFO:  >> [SAFE_HANDOVER] Syncing JP225 SL to 60878.54086
[2026-05-06 09:50:10,317] INFO:  >> [SAFE_HANDOVER] Syncing JP225 SL to 60875.54086
[2026-05-06 09:50:10,317] INFO:  >> [SAFE_HANDOVER] Syncing JP225 SL to 60884.34086
[2026-05-06 09:50:10,317] INFO:  >> [SAFE_HANDOVER] Syncing JP225 SL to 60886.84086
[2026-05-06 09:50:10,319] INFO:  >> [SAFE_HANDOVER] Syncing JP225 SL to 60891.14086
[2026-05-06 09:50:10,319] INFO:  >> [SAFE_HANDOVER] Syncing JP225 SL to 60891.14086
[2026-05-06 09:50:10,321] INFO:  >> [SAFE_HANDOVER] Syncing JP225 SL to 60891.14086
[2026-05-06 09:50:10,433] INFO:  >> [HARVESTER] GAMMA is dominating. Scaling in reinforcements...
[2026-05-06 09:50:10,433] ERROR:  !! [HARVESTER_ERR] cannot access local variable 'symbol' where it is not associated with a value
[2026-05-06 09:50:20,646] INFO:  >> [SAFE_HANDOVER] Syncing JP225 SL to 60829.54086
[2026-05-06 09:50:20,646] INFO:  >> [SAFE_HANDOVER] Syncing JP225 SL to 60825.64086
[2026-05-06 09:50:20,646] INFO:  >> [SAFE_HANDOVER] Syncing JP225 SL to 60831.14086
[2026-05-06 09:50:20,647] INFO:  >> [SAFE_HANDOVER] Syncing JP225 SL to 60833.64086
[2026-05-06 09:50:20,647] INFO:  >> [SAFE_HANDOVER] Syncing JP225 SL to 60828.64086
[2026-05-06 09:50:20,648] INFO:  >> [SAFE_HANDOVER] Syncing JP225 SL to 60828.74086
[2026-05-06 09:50:20,648] INFO:  >> [SAFE_HANDOVER] Syncing JP225 SL to 60831.84086
[2026-05-06 09:50:20,649] INFO:  >> [SAFE_HANDOVER] Syncing JP225 SL to 60846.04086
[2026-05-06 09:50:20,649] INFO:  >> [SAFE_HANDOVER] Syncing JP225 SL to 60848.64086
[2026-05-06 09:50:20,649] INFO:  >> [SAFE_HANDOVER] Syncing JP225 SL to 60855.34086
[2026-05-06 09:50:20,649] INFO:  >> [SAFE_HANDOVER] Syncing JP225 SL to 60858.24086
[2026-05-06 09:50:20,650] INFO:  >> [SAFE_HANDOVER] Syncing JP225 SL to 60855.64086
[2026-05-06 09:50:20,650] INFO:  >> [SAFE_HANDOVER] Syncing JP225 SL to 60860.34086
[2026-05-06 09:50:20,651] INFO:  >> [SAFE_HANDOVER] Syncing JP225 SL to 60861.14086
[2026-05-06 09:50:20,651] INFO:  >> [SAFE_HANDOVER] Syncing JP225 SL to 60868.84086
[2026-05-06 09:50:20,651] INFO:  >> [SAFE_HANDOVER] Syncing JP225 SL to 60875.54086
[2026-05-06 09:50:20,652] INFO:  >> [SAFE_HANDOVER] Syncing JP225 SL to 60875.44086
[2026-05-06 09:50:20,652] INFO:  >> [SAFE_HANDOVER] Syncing JP225 SL to 60869.14086
[2026-05-06 09:50:20,653] INFO:  >> [SAFE_HANDOVER] Syncing JP225 SL to 60866.74086
[2026-05-06 09:50:20,653] INFO:  >> [SAFE_HANDOVER] Syncing JP225 SL to 60883.24086
[2026-05-06 09:50:20,653] INFO:  >> [SAFE_HANDOVER] Syncing JP225 SL to 60888.74086
[2026-05-06 09:50:20,653] INFO:  >> [SAFE_HANDOVER] Syncing JP225 SL to 60888.24086
[2026-05-06 09:50:20,654] INFO:  >> [SAFE_HANDOVER] Syncing JP225 SL to 60891.34086
[2026-05-06 09:50:20,654] INFO:  >> [SAFE_HANDOVER] Syncing JP225 SL to 60893.64086
[2026-05-06 09:50:20,654] INFO:  >> [SAFE_HANDOVER] Syncing JP225 SL to 60883.24086
[2026-05-06 09:50:20,654] INFO:  >> [SAFE_HANDOVER] Syncing JP225 SL to 60879.14086
[2026-05-06 09:50:20,655] INFO:  >> [SAFE_HANDOVER] Syncing JP225 SL to 60880.64086
[2026-05-06 09:50:20,655] INFO:  >> [SAFE_HANDOVER] Syncing JP225 SL to 60880.64086
[2026-05-06 09:50:20,655] INFO:  >> [SAFE_HANDOVER] Syncing JP225 SL to 60871.24086
[2026-05-06 09:50:20,656] INFO:  >> [SAFE_HANDOVER] Syncing JP225 SL to 60878.64086
[2026-05-06 09:50:20,656] INFO:  >> [SAFE_HANDOVER] Syncing JP225 SL to 60881.54086
[2026-05-06 09:50:20,656] INFO:  >> [SAFE_HANDOVER] Syncing JP225 SL to 60876.64086
[2026-05-06 09:50:20,657] INFO:  >> [SAFE_HANDOVER] Syncing JP225 SL to 60873.04086
[2026-05-06 09:50:20,657] INFO:  >> [SAFE_HANDOVER] Syncing JP225 SL to 60875.74086
[2026-05-06 09:50:20,657] INFO:  >> [SAFE_HANDOVER] Syncing JP225 SL to 60869.14086
[2026-05-06 09:50:20,658] INFO:  >> [SAFE_HANDOVER] Syncing JP225 SL to 60875.54086
[2026-05-06 09:50:20,658] INFO:  >> [SAFE_HANDOVER] Syncing JP225 SL to 60878.54086
[2026-05-06 09:50:20,658] INFO:  >> [SAFE_HANDOVER] Syncing JP225 SL to 60875.54086
[2026-05-06 09:50:20,658] INFO:  >> [SAFE_HANDOVER] Syncing JP225 SL to 60884.34086
[2026-05-06 09:50:20,659] INFO:  >> [SAFE_HANDOVER] Syncing JP225 SL to 60886.84086
[2026-05-06 09:50:20,660] INFO:  >> [SAFE_HANDOVER] Syncing JP225 SL to 60891.14086
[2026-05-06 09:50:20,660] INFO:  >> [SAFE_HANDOVER] Syncing JP225 SL to 60891.14086
[2026-05-06 09:50:20,660] INFO:  >> [SAFE_HANDOVER] Syncing JP225 SL to 60891.14086
[2026-05-06 09:50:20,660] INFO:  >> [SAFE_HANDOVER] Syncing JP225 SL to 60884.14086
[2026-05-06 09:50:20,762] INFO:  >> [HARVESTER] GAMMA is dominating. Scaling in reinforcements...
[2026-05-06 09:50:20,762] ERROR:  !! [HARVESTER_ERR] cannot access local variable 'symbol' where it is not associated with a value
[2026-05-06 09:50:30,975] INFO:  >> [SAFE_HANDOVER] Syncing JP225 SL to 60829.54086
[2026-05-06 09:50:30,975] INFO:  >> [SAFE_HANDOVER] Syncing JP225 SL to 60825.64086
[2026-05-06 09:50:30,975] INFO:  >> [SAFE_HANDOVER] Syncing JP225 SL to 60831.14086
[2026-05-06 09:50:30,975] INFO:  >> [SAFE_HANDOVER] Syncing JP225 SL to 60833.64086
[2026-05-06 09:50:30,976] INFO:  >> [SAFE_HANDOVER] Syncing JP225 SL to 60828.64086
[2026-05-06 09:50:30,976] INFO:  >> [SAFE_HANDOVER] Syncing JP225 SL to 60828.74086
[2026-05-06 09:50:30,977] INFO:  >> [SAFE_HANDOVER] Syncing JP225 SL to 60831.84086
[2026-05-06 09:50:30,977] INFO:  >> [SAFE_HANDOVER] Syncing JP225 SL to 60846.04086
[2026-05-06 09:50:30,977] INFO:  >> [SAFE_HANDOVER] Syncing JP225 SL to 60848.64086
[2026-05-06 09:50:30,977] INFO:  >> [SAFE_HANDOVER] Syncing JP225 SL to 60855.34086
[2026-05-06 09:50:30,978] INFO:  >> [SAFE_HANDOVER] Syncing JP225 SL to 60858.24086
[2026-05-06 09:50:30,978] INFO:  >> [SAFE_HANDOVER] Syncing JP225 SL to 60855.64086
[2026-05-06 09:50:30,978] INFO:  >> [SAFE_HANDOVER] Syncing JP225 SL to 60860.34086
[2026-05-06 09:50:30,978] INFO:  >> [SAFE_HANDOVER] Syncing JP225 SL to 60861.14086
[2026-05-06 09:50:30,979] INFO:  >> [SAFE_HANDOVER] Syncing JP225 SL to 60868.84086
[2026-05-06 09:50:30,979] INFO:  >> [SAFE_HANDOVER] Syncing JP225 SL to 60875.54086
[2026-05-06 09:50:30,979] INFO:  >> [SAFE_HANDOVER] Syncing JP225 SL to 60875.44086
[2026-05-06 09:50:30,979] INFO:  >> [SAFE_HANDOVER] Syncing JP225 SL to 60869.14086
[2026-05-06 09:50:30,980] INFO:  >> [SAFE_HANDOVER] Syncing JP225 SL to 60866.74086
[2026-05-06 09:50:30,980] INFO:  >> [SAFE_HANDOVER] Syncing JP225 SL to 60883.24086
[2026-05-06 09:50:30,980] INFO:  >> [SAFE_HANDOVER] Syncing JP225 SL to 60888.74086
[2026-05-06 09:50:30,980] INFO:  >> [SAFE_HANDOVER] Syncing JP225 SL to 60888.24086
[2026-05-06 09:50:30,981] INFO:  >> [SAFE_HANDOVER] Syncing JP225 SL to 60891.34086
[2026-05-06 09:50:30,982] INFO:  >> [SAFE_HANDOVER] Syncing JP225 SL to 60893.64086
[2026-05-06 09:50:30,982] INFO:  >> [SAFE_HANDOVER] Syncing JP225 SL to 60883.24086
[2026-05-06 09:50:30,982] INFO:  >> [SAFE_HANDOVER] Syncing JP225 SL to 60879.14086
[2026-05-06 09:50:30,983] INFO:  >> [SAFE_HANDOVER] Syncing JP225 SL to 60880.64086
[2026-05-06 09:50:30,983] INFO:  >> [SAFE_HANDOVER] Syncing JP225 SL to 60880.64086
[2026-05-06 09:50:30,983] INFO:  >> [SAFE_HANDOVER] Syncing JP225 SL to 60871.24086
[2026-05-06 09:50:30,983] INFO:  >> [SAFE_HANDOVER] Syncing JP225 SL to 60878.64086
[2026-05-06 09:50:30,983] INFO:  >> [SAFE_HANDOVER] Syncing JP225 SL to 60881.54086
[2026-05-06 09:50:30,984] INFO:  >> [SAFE_HANDOVER] Syncing JP225 SL to 60876.64086
[2026-05-06 09:50:30,984] INFO:  >> [SAFE_HANDOVER] Syncing JP225 SL to 60873.04086
[2026-05-06 09:50:30,985] INFO:  >> [SAFE_HANDOVER] Syncing JP225 SL to 60875.74086
[2026-05-06 09:50:30,985] INFO:  >> [SAFE_HANDOVER] Syncing JP225 SL to 60869.14086
[2026-05-06 09:50:30,986] INFO:  >> [SAFE_HANDOVER] Syncing JP225 SL to 60875.54086
[2026-05-06 09:50:30,986] INFO:  >> [SAFE_HANDOVER] Syncing JP225 SL to 60878.54086
[2026-05-06 09:50:30,986] INFO:  >> [SAFE_HANDOVER] Syncing JP225 SL to 60875.54086
[2026-05-06 09:50:30,987] INFO:  >> [SAFE_HANDOVER] Syncing JP225 SL to 60884.34086
[2026-05-06 09:50:30,987] INFO:  >> [SAFE_HANDOVER] Syncing JP225 SL to 60886.84086
[2026-05-06 09:50:30,987] INFO:  >> [SAFE_HANDOVER] Syncing JP225 SL to 60891.14086
[2026-05-06 09:50:30,987] INFO:  >> [SAFE_HANDOVER] Syncing JP225 SL to 60891.14086
[2026-05-06 09:50:30,988] INFO:  >> [SAFE_HANDOVER] Syncing JP225 SL to 60891.14086
[2026-05-06 09:50:30,988] INFO:  >> [SAFE_HANDOVER] Syncing JP225 SL to 60884.14086
[2026-05-06 09:50:30,991] INFO:  >> [SAFE_HANDOVER] Syncing JP225 SL to 60881.74086
[2026-05-06 09:50:31,121] INFO:  >> [HARVESTER] GAMMA is dominating. Scaling in reinforcements...
[2026-05-06 09:50:31,121] ERROR:  !! [HARVESTER_ERR] cannot access local variable 'symbol' where it is not associated with a value
[2026-05-06 09:50:41,398] INFO:  >> [SAFE_HANDOVER] Syncing JP225 SL to 60829.54086
[2026-05-06 09:50:41,398] INFO:  >> [SAFE_HANDOVER] Syncing JP225 SL to 60825.64086
[2026-05-06 09:50:41,398] INFO:  >> [SAFE_HANDOVER] Syncing JP225 SL to 60831.14086
[2026-05-06 09:50:41,399] INFO:  >> [SAFE_HANDOVER] Syncing JP225 SL to 60833.64086
[2026-05-06 09:50:41,399] INFO:  >> [SAFE_HANDOVER] Syncing JP225 SL to 60828.64086
[2026-05-06 09:50:41,399] INFO:  >> [SAFE_HANDOVER] Syncing JP225 SL to 60828.74086
[2026-05-06 09:50:41,399] INFO:  >> [SAFE_HANDOVER] Syncing JP225 SL to 60831.84086
[2026-05-06 09:50:41,400] INFO:  >> [SAFE_HANDOVER] Syncing JP225 SL to 60846.04086
[2026-05-06 09:50:41,400] INFO:  >> [SAFE_HANDOVER] Syncing JP225 SL to 60848.64086
[2026-05-06 09:50:41,400] INFO:  >> [SAFE_HANDOVER] Syncing JP225 SL to 60855.34086
[2026-05-06 09:50:41,401] INFO:  >> [SAFE_HANDOVER] Syncing JP225 SL to 60858.24086
[2026-05-06 09:50:41,401] INFO:  >> [SAFE_HANDOVER] Syncing JP225 SL to 60855.64086
[2026-05-06 09:50:41,401] INFO:  >> [SAFE_HANDOVER] Syncing JP225 SL to 60860.34086
[2026-05-06 09:50:41,401] INFO:  >> [SAFE_HANDOVER] Syncing JP225 SL to 60861.14086
[2026-05-06 09:50:41,401] INFO:  >> [SAFE_HANDOVER] Syncing JP225 SL to 60868.84086
[2026-05-06 09:50:41,402] INFO:  >> [SAFE_HANDOVER] Syncing JP225 SL to 60875.54086
[2026-05-06 09:50:41,402] INFO:  >> [SAFE_HANDOVER] Syncing JP225 SL to 60875.44086
[2026-05-06 09:50:41,402] INFO:  >> [SAFE_HANDOVER] Syncing JP225 SL to 60869.14086
[2026-05-06 09:50:41,402] INFO:  >> [SAFE_HANDOVER] Syncing JP225 SL to 60866.74086
[2026-05-06 09:50:41,402] INFO:  >> [SAFE_HANDOVER] Syncing JP225 SL to 60883.24086
[2026-05-06 09:50:41,403] INFO:  >> [SAFE_HANDOVER] Syncing JP225 SL to 60888.74086
[2026-05-06 09:50:41,403] INFO:  >> [SAFE_HANDOVER] Syncing JP225 SL to 60888.24086
[2026-05-06 09:50:41,404] INFO:  >> [SAFE_HANDOVER] Syncing JP225 SL to 60891.34086
[2026-05-06 09:50:41,404] INFO:  >> [SAFE_HANDOVER] Syncing JP225 SL to 60893.64086
[2026-05-06 09:50:41,404] INFO:  >> [SAFE_HANDOVER] Syncing JP225 SL to 60883.24086
[2026-05-06 09:50:41,404] INFO:  >> [SAFE_HANDOVER] Syncing JP225 SL to 60879.14086
[2026-05-06 09:50:41,404] INFO:  >> [SAFE_HANDOVER] Syncing JP225 SL to 60880.64086
[2026-05-06 09:50:41,405] INFO:  >> [SAFE_HANDOVER] Syncing JP225 SL to 60880.64086
[2026-05-06 09:50:41,405] INFO:  >> [SAFE_HANDOVER] Syncing JP225 SL to 60871.24086
[2026-05-06 09:50:41,405] INFO:  >> [SAFE_HANDOVER] Syncing JP225 SL to 60878.64086
[2026-05-06 09:50:41,405] INFO:  >> [SAFE_HANDOVER] Syncing JP225 SL to 60881.54086
[2026-05-06 09:50:41,406] INFO:  >> [SAFE_HANDOVER] Syncing JP225 SL to 60876.64086
[2026-05-06 09:50:41,406] INFO:  >> [SAFE_HANDOVER] Syncing JP225 SL to 60873.04086
[2026-05-06 09:50:41,406] INFO:  >> [SAFE_HANDOVER] Syncing JP225 SL to 60875.74086
[2026-05-06 09:50:41,406] INFO:  >> [SAFE_HANDOVER] Syncing JP225 SL to 60869.14086
[2026-05-06 09:50:41,406] INFO:  >> [SAFE_HANDOVER] Syncing JP225 SL to 60875.54086
[2026-05-06 09:50:41,406] INFO:  >> [SAFE_HANDOVER] Syncing JP225 SL to 60878.54086
[2026-05-06 09:50:41,406] INFO:  >> [SAFE_HANDOVER] Syncing JP225 SL to 60875.54086
[2026-05-06 09:50:41,407] INFO:  >> [SAFE_HANDOVER] Syncing JP225 SL to 60884.34086
[2026-05-06 09:50:41,407] INFO:  >> [SAFE_HANDOVER] Syncing JP225 SL to 60886.84086
[2026-05-06 09:50:41,407] INFO:  >> [SAFE_HANDOVER] Syncing JP225 SL to 60891.14086
[2026-05-06 09:50:41,408] INFO:  >> [SAFE_HANDOVER] Syncing JP225 SL to 60891.14086
[2026-05-06 09:50:41,408] INFO:  >> [SAFE_HANDOVER] Syncing JP225 SL to 60891.14086
[2026-05-06 09:50:41,408] INFO:  >> [SAFE_HANDOVER] Syncing JP225 SL to 60884.14086
[2026-05-06 09:50:41,408] INFO:  >> [SAFE_HANDOVER] Syncing JP225 SL to 60881.74086
[2026-05-06 09:50:41,410] INFO:  >> [SAFE_HANDOVER] Syncing JP225 SL to 60885.64086
[2026-05-06 09:50:41,605] INFO:  >> [HARVESTER] GAMMA is dominating. Scaling in reinforcements...
[2026-05-06 09:50:41,605] ERROR:  !! [HARVESTER_ERR] cannot access local variable 'symbol' where it is not associated with a value
[2026-05-06 09:50:51,887] INFO:  >> [SAFE_HANDOVER] Syncing JP225 SL to 60829.54086
[2026-05-06 09:50:51,887] INFO:  >> [SAFE_HANDOVER] Syncing JP225 SL to 60825.64086
[2026-05-06 09:50:51,887] INFO:  >> [SAFE_HANDOVER] Syncing JP225 SL to 60831.14086
[2026-05-06 09:50:51,887] INFO:  >> [SAFE_HANDOVER] Syncing JP225 SL to 60833.64086
[2026-05-06 09:50:51,888] INFO:  >> [SAFE_HANDOVER] Syncing JP225 SL to 60828.64086
[2026-05-06 09:50:51,888] INFO:  >> [SAFE_HANDOVER] Syncing JP225 SL to 60828.74086
[2026-05-06 09:50:51,889] INFO:  >> [SAFE_HANDOVER] Syncing JP225 SL to 60831.84086
[2026-05-06 09:50:51,889] INFO:  >> [SAFE_HANDOVER] Syncing JP225 SL to 60846.04086
[2026-05-06 09:50:51,889] INFO:  >> [SAFE_HANDOVER] Syncing JP225 SL to 60848.64086
[2026-05-06 09:50:51,889] INFO:  >> [SAFE_HANDOVER] Syncing JP225 SL to 60855.34086
[2026-05-06 09:50:51,890] INFO:  >> [SAFE_HANDOVER] Syncing JP225 SL to 60858.24086
[2026-05-06 09:50:51,890] INFO:  >> [SAFE_HANDOVER] Syncing JP225 SL to 60855.64086
[2026-05-06 09:50:51,890] INFO:  >> [SAFE_HANDOVER] Syncing JP225 SL to 60860.34086
[2026-05-06 09:50:51,890] INFO:  >> [SAFE_HANDOVER] Syncing JP225 SL to 60861.14086
[2026-05-06 09:50:51,891] INFO:  >> [SAFE_HANDOVER] Syncing JP225 SL to 60868.84086
[2026-05-06 09:50:51,891] INFO:  >> [SAFE_HANDOVER] Syncing JP225 SL to 60875.54086
[2026-05-06 09:50:51,891] INFO:  >> [SAFE_HANDOVER] Syncing JP225 SL to 60875.44086
[2026-05-06 09:50:51,891] INFO:  >> [SAFE_HANDOVER] Syncing JP225 SL to 60869.14086
[2026-05-06 09:50:51,892] INFO:  >> [SAFE_HANDOVER] Syncing JP225 SL to 60866.74086
[2026-05-06 09:50:51,892] INFO:  >> [SAFE_HANDOVER] Syncing JP225 SL to 60883.24086
[2026-05-06 09:50:51,893] INFO:  >> [SAFE_HANDOVER] Syncing JP225 SL to 60888.74086
[2026-05-06 09:50:51,893] INFO:  >> [SAFE_HANDOVER] Syncing JP225 SL to 60888.24086
[2026-05-06 09:50:51,893] INFO:  >> [SAFE_HANDOVER] Syncing JP225 SL to 60891.34086
[2026-05-06 09:50:51,893] INFO:  >> [SAFE_HANDOVER] Syncing JP225 SL to 60893.64086
[2026-05-06 09:50:51,894] INFO:  >> [SAFE_HANDOVER] Syncing JP225 SL to 60883.24086
[2026-05-06 09:50:51,894] INFO:  >> [SAFE_HANDOVER] Syncing JP225 SL to 60879.14086
[2026-05-06 09:50:51,894] INFO:  >> [SAFE_HANDOVER] Syncing JP225 SL to 60880.64086
[2026-05-06 09:50:51,894] INFO:  >> [SAFE_HANDOVER] Syncing JP225 SL to 60880.64086
[2026-05-06 09:50:51,895] INFO:  >> [SAFE_HANDOVER] Syncing JP225 SL to 60871.24086
[2026-05-06 09:50:51,895] INFO:  >> [SAFE_HANDOVER] Syncing JP225 SL to 60878.64086
[2026-05-06 09:50:51,895] INFO:  >> [SAFE_HANDOVER] Syncing JP225 SL to 60881.54086
[2026-05-06 09:50:51,895] INFO:  >> [SAFE_HANDOVER] Syncing JP225 SL to 60876.64086
[2026-05-06 09:50:51,896] INFO:  >> [SAFE_HANDOVER] Syncing JP225 SL to 60873.04086
[2026-05-06 09:50:51,896] INFO:  >> [SAFE_HANDOVER] Syncing JP225 SL to 60875.74086
[2026-05-06 09:50:51,896] INFO:  >> [SAFE_HANDOVER] Syncing JP225 SL to 60869.14086
[2026-05-06 09:50:51,896] INFO:  >> [SAFE_HANDOVER] Syncing JP225 SL to 60875.54086
[2026-05-06 09:50:51,896] INFO:  >> [SAFE_HANDOVER] Syncing JP225 SL to 60878.54086
[2026-05-06 09:50:51,897] INFO:  >> [SAFE_HANDOVER] Syncing JP225 SL to 60875.54086
[2026-05-06 09:50:51,897] INFO:  >> [SAFE_HANDOVER] Syncing JP225 SL to 60884.34086
[2026-05-06 09:50:51,898] INFO:  >> [SAFE_HANDOVER] Syncing JP225 SL to 60886.84086
[2026-05-06 09:50:51,898] INFO:  >> [SAFE_HANDOVER] Syncing JP225 SL to 60891.14086
[2026-05-06 09:50:51,898] INFO:  >> [SAFE_HANDOVER] Syncing JP225 SL to 60891.14086
[2026-05-06 09:50:51,899] INFO:  >> [SAFE_HANDOVER] Syncing JP225 SL to 60891.14086
[2026-05-06 09:50:51,899] INFO:  >> [SAFE_HANDOVER] Syncing JP225 SL to 60884.14086
[2026-05-06 09:50:51,900] INFO:  >> [SAFE_HANDOVER] Syncing JP225 SL to 60881.74086
[2026-05-06 09:50:51,900] INFO:  >> [SAFE_HANDOVER] Syncing JP225 SL to 60885.64086
[2026-05-06 09:50:51,900] INFO:  >> [SAFE_HANDOVER] Syncing JP225 SL to 60885.54086
[2026-05-06 09:50:52,018] INFO:  >> [HARVESTER] GAMMA is dominating. Scaling in reinforcements...
[2026-05-06 09:50:52,019] ERROR:  !! [HARVESTER_ERR] cannot access local variable 'symbol' where it is not associated with a value
[2026-05-06 09:51:02,255] INFO:  >> [SAFE_HANDOVER] Syncing JP225 SL to 60829.54086
[2026-05-06 09:51:02,256] INFO:  >> [SAFE_HANDOVER] Syncing JP225 SL to 60825.64086
[2026-05-06 09:51:02,256] INFO:  >> [SAFE_HANDOVER] Syncing JP225 SL to 60831.14086
[2026-05-06 09:51:02,256] INFO:  >> [SAFE_HANDOVER] Syncing JP225 SL to 60833.64086
[2026-05-06 09:51:02,256] INFO:  >> [SAFE_HANDOVER] Syncing JP225 SL to 60828.64086
[2026-05-06 09:51:02,257] INFO:  >> [SAFE_HANDOVER] Syncing JP225 SL to 60828.74086
[2026-05-06 09:51:02,257] INFO:  >> [SAFE_HANDOVER] Syncing JP225 SL to 60831.84086
[2026-05-06 09:51:02,257] INFO:  >> [SAFE_HANDOVER] Syncing JP225 SL to 60846.04086
[2026-05-06 09:51:02,257] INFO:  >> [SAFE_HANDOVER] Syncing JP225 SL to 60848.64086
[2026-05-06 09:51:02,258] INFO:  >> [SAFE_HANDOVER] Syncing JP225 SL to 60855.34086
[2026-05-06 09:51:02,258] INFO:  >> [SAFE_HANDOVER] Syncing JP225 SL to 60858.24086
[2026-05-06 09:51:02,258] INFO:  >> [SAFE_HANDOVER] Syncing JP225 SL to 60855.64086
[2026-05-06 09:51:02,258] INFO:  >> [SAFE_HANDOVER] Syncing JP225 SL to 60860.34086
[2026-05-06 09:51:02,258] INFO:  >> [SAFE_HANDOVER] Syncing JP225 SL to 60861.14086
[2026-05-06 09:51:02,259] INFO:  >> [SAFE_HANDOVER] Syncing JP225 SL to 60868.84086
[2026-05-06 09:51:02,259] INFO:  >> [SAFE_HANDOVER] Syncing JP225 SL to 60875.54086
[2026-05-06 09:51:02,259] INFO:  >> [SAFE_HANDOVER] Syncing JP225 SL to 60875.44086
[2026-05-06 09:51:02,260] INFO:  >> [SAFE_HANDOVER] Syncing JP225 SL to 60869.14086
[2026-05-06 09:51:02,260] INFO:  >> [SAFE_HANDOVER] Syncing JP225 SL to 60866.74086
[2026-05-06 09:51:02,260] INFO:  >> [SAFE_HANDOVER] Syncing JP225 SL to 60883.24086
[2026-05-06 09:51:02,260] INFO:  >> [SAFE_HANDOVER] Syncing JP225 SL to 60888.74086
[2026-05-06 09:51:02,261] INFO:  >> [SAFE_HANDOVER] Syncing JP225 SL to 60888.24086
[2026-05-06 09:51:02,261] INFO:  >> [SAFE_HANDOVER] Syncing JP225 SL to 60891.34086
[2026-05-06 09:51:02,261] INFO:  >> [SAFE_HANDOVER] Syncing JP225 SL to 60893.64086
[2026-05-06 09:51:02,261] INFO:  >> [SAFE_HANDOVER] Syncing JP225 SL to 60883.24086
[2026-05-06 09:51:02,262] INFO:  >> [SAFE_HANDOVER] Syncing JP225 SL to 60879.14086
[2026-05-06 09:51:02,262] INFO:  >> [SAFE_HANDOVER] Syncing JP225 SL to 60880.64086
[2026-05-06 09:51:02,262] INFO:  >> [SAFE_HANDOVER] Syncing JP225 SL to 60880.64086
[2026-05-06 09:51:02,263] INFO:  >> [SAFE_HANDOVER] Syncing JP225 SL to 60871.24086
[2026-05-06 09:51:02,263] INFO:  >> [SAFE_HANDOVER] Syncing JP225 SL to 60878.64086
[2026-05-06 09:51:02,263] INFO:  >> [SAFE_HANDOVER] Syncing JP225 SL to 60881.54086
[2026-05-06 09:51:02,263] INFO:  >> [SAFE_HANDOVER] Syncing JP225 SL to 60876.64086
[2026-05-06 09:51:02,264] INFO:  >> [SAFE_HANDOVER] Syncing JP225 SL to 60873.04086
[2026-05-06 09:51:02,264] INFO:  >> [SAFE_HANDOVER] Syncing JP225 SL to 60875.74086
[2026-05-06 09:51:02,264] INFO:  >> [SAFE_HANDOVER] Syncing JP225 SL to 60869.14086
[2026-05-06 09:51:02,265] INFO:  >> [SAFE_HANDOVER] Syncing JP225 SL to 60875.54086
[2026-05-06 09:51:02,265] INFO:  >> [SAFE_HANDOVER] Syncing JP225 SL to 60878.54086
[2026-05-06 09:51:02,265] INFO:  >> [SAFE_HANDOVER] Syncing JP225 SL to 60875.54086
[2026-05-06 09:51:02,266] INFO:  >> [SAFE_HANDOVER] Syncing JP225 SL to 60884.34086
[2026-05-06 09:51:02,266] INFO:  >> [SAFE_HANDOVER] Syncing JP225 SL to 60886.84086
[2026-05-06 09:51:02,266] INFO:  >> [SAFE_HANDOVER] Syncing JP225 SL to 60891.14086
[2026-05-06 09:51:02,266] INFO:  >> [SAFE_HANDOVER] Syncing JP225 SL to 60891.14086
[2026-05-06 09:51:02,266] INFO:  >> [SAFE_HANDOVER] Syncing JP225 SL to 60891.14086
[2026-05-06 09:51:02,267] INFO:  >> [SAFE_HANDOVER] Syncing JP225 SL to 60884.14086
[2026-05-06 09:51:02,267] INFO:  >> [SAFE_HANDOVER] Syncing JP225 SL to 60881.74086
[2026-05-06 09:51:02,268] INFO:  >> [SAFE_HANDOVER] Syncing JP225 SL to 60885.64086
[2026-05-06 09:51:02,268] INFO:  >> [SAFE_HANDOVER] Syncing JP225 SL to 60885.54086
[2026-05-06 09:51:02,268] INFO:  >> [SAFE_HANDOVER] Syncing JP225 SL to 60888.24086
[2026-05-06 09:51:02,414] INFO:  >> [HARVESTER] GAMMA is dominating. Scaling in reinforcements...
[2026-05-06 09:51:02,414] ERROR:  !! [HARVESTER_ERR] cannot access local variable 'symbol' where it is not associated with a value
[2026-05-06 09:51:12,623] INFO:  >> [SAFE_HANDOVER] Syncing JP225 SL to 60829.54086
[2026-05-06 09:51:12,623] INFO:  >> [SAFE_HANDOVER] Syncing JP225 SL to 60825.64086
[2026-05-06 09:51:12,623] INFO:  >> [SAFE_HANDOVER] Syncing JP225 SL to 60831.14086
[2026-05-06 09:51:12,624] INFO:  >> [SAFE_HANDOVER] Syncing JP225 SL to 60833.64086
[2026-05-06 09:51:12,624] INFO:  >> [SAFE_HANDOVER] Syncing JP225 SL to 60828.64086
[2026-05-06 09:51:12,624] INFO:  >> [SAFE_HANDOVER] Syncing JP225 SL to 60828.74086
[2026-05-06 09:51:12,624] INFO:  >> [SAFE_HANDOVER] Syncing JP225 SL to 60831.84086
[2026-05-06 09:51:12,624] INFO:  >> [SAFE_HANDOVER] Syncing JP225 SL to 60846.04086
[2026-05-06 09:51:12,625] INFO:  >> [SAFE_HANDOVER] Syncing JP225 SL to 60848.64086
[2026-05-06 09:51:12,625] INFO:  >> [SAFE_HANDOVER] Syncing JP225 SL to 60855.34086
[2026-05-06 09:51:12,625] INFO:  >> [SAFE_HANDOVER] Syncing JP225 SL to 60858.24086
[2026-05-06 09:51:12,625] INFO:  >> [SAFE_HANDOVER] Syncing JP225 SL to 60855.64086
[2026-05-06 09:51:12,626] INFO:  >> [SAFE_HANDOVER] Syncing JP225 SL to 60860.34086
[2026-05-06 09:51:12,626] INFO:  >> [SAFE_HANDOVER] Syncing JP225 SL to 60861.14086
[2026-05-06 09:51:12,626] INFO:  >> [SAFE_HANDOVER] Syncing JP225 SL to 60868.84086
[2026-05-06 09:51:12,626] INFO:  >> [SAFE_HANDOVER] Syncing JP225 SL to 60875.54086
[2026-05-06 09:51:12,654] INFO:  >> [SAFE_HANDOVER] Syncing JP225 SL to 60875.44086
[2026-05-06 09:51:12,654] INFO:  >> [SAFE_HANDOVER] Syncing JP225 SL to 60869.14086
[2026-05-06 09:51:12,655] INFO:  >> [SAFE_HANDOVER] Syncing JP225 SL to 60866.74086
[2026-05-06 09:51:12,655] INFO:  >> [SAFE_HANDOVER] Syncing JP225 SL to 60883.24086
[2026-05-06 09:51:12,656] INFO:  >> [SAFE_HANDOVER] Syncing JP225 SL to 60888.74086
[2026-05-06 09:51:12,656] INFO:  >> [SAFE_HANDOVER] Syncing JP225 SL to 60888.24086
[2026-05-06 09:51:12,657] INFO:  >> [SAFE_HANDOVER] Syncing JP225 SL to 60891.34086
[2026-05-06 09:51:12,657] INFO:  >> [SAFE_HANDOVER] Syncing JP225 SL to 60893.64086
[2026-05-06 09:51:12,657] INFO:  >> [SAFE_HANDOVER] Syncing JP225 SL to 60883.24086
[2026-05-06 09:51:12,658] INFO:  >> [SAFE_HANDOVER] Syncing JP225 SL to 60879.14086
[2026-05-06 09:51:12,658] INFO:  >> [SAFE_HANDOVER] Syncing JP225 SL to 60880.64086
[2026-05-06 09:51:12,659] INFO:  >> [SAFE_HANDOVER] Syncing JP225 SL to 60880.64086
[2026-05-06 09:51:12,659] INFO:  >> [SAFE_HANDOVER] Syncing JP225 SL to 60871.24086
[2026-05-06 09:51:12,660] INFO:  >> [SAFE_HANDOVER] Syncing JP225 SL to 60878.64086
[2026-05-06 09:51:12,660] INFO:  >> [SAFE_HANDOVER] Syncing JP225 SL to 60881.54086
[2026-05-06 09:51:12,660] INFO:  >> [SAFE_HANDOVER] Syncing JP225 SL to 60876.64086
[2026-05-06 09:51:12,661] INFO:  >> [SAFE_HANDOVER] Syncing JP225 SL to 60873.04086
[2026-05-06 09:51:12,661] INFO:  >> [SAFE_HANDOVER] Syncing JP225 SL to 60875.74086
[2026-05-06 09:51:12,661] INFO:  >> [SAFE_HANDOVER] Syncing JP225 SL to 60869.14086
[2026-05-06 09:51:12,662] INFO:  >> [SAFE_HANDOVER] Syncing JP225 SL to 60875.54086
[2026-05-06 09:51:12,662] INFO:  >> [SAFE_HANDOVER] Syncing JP225 SL to 60878.54086
[2026-05-06 09:51:12,662] INFO:  >> [SAFE_HANDOVER] Syncing JP225 SL to 60875.54086
[2026-05-06 09:51:12,662] INFO:  >> [SAFE_HANDOVER] Syncing JP225 SL to 60884.34086
[2026-05-06 09:51:12,663] INFO:  >> [SAFE_HANDOVER] Syncing JP225 SL to 60886.84086
[2026-05-06 09:51:12,663] INFO:  >> [SAFE_HANDOVER] Syncing JP225 SL to 60891.14086
[2026-05-06 09:51:12,663] INFO:  >> [SAFE_HANDOVER] Syncing JP225 SL to 60891.14086
[2026-05-06 09:51:12,664] INFO:  >> [SAFE_HANDOVER] Syncing JP225 SL to 60891.14086
[2026-05-06 09:51:12,664] INFO:  >> [SAFE_HANDOVER] Syncing JP225 SL to 60884.14086
[2026-05-06 09:51:12,664] INFO:  >> [SAFE_HANDOVER] Syncing JP225 SL to 60881.74086
[2026-05-06 09:51:12,665] INFO:  >> [SAFE_HANDOVER] Syncing JP225 SL to 60885.64086
[2026-05-06 09:51:12,666] INFO:  >> [SAFE_HANDOVER] Syncing JP225 SL to 60885.54086
[2026-05-06 09:51:12,666] INFO:  >> [SAFE_HANDOVER] Syncing JP225 SL to 60888.24086
[2026-05-06 09:51:12,667] INFO:  >> [SAFE_HANDOVER] Syncing JP225 SL to 60886.54086
[2026-05-06 09:51:12,783] INFO:  >> [HARVESTER] GAMMA is dominating. Scaling in reinforcements...
[2026-05-06 09:51:12,784] ERROR:  !! [HARVESTER_ERR] cannot access local variable 'symbol' where it is not associated with a value
[2026-05-06 09:51:23,056] INFO:  >> [SAFE_HANDOVER] Syncing JP225 SL to 60829.54086
[2026-05-06 09:51:23,056] INFO:  >> [SAFE_HANDOVER] Syncing JP225 SL to 60825.64086
[2026-05-06 09:51:23,057] INFO:  >> [SAFE_HANDOVER] Syncing JP225 SL to 60831.14086
[2026-05-06 09:51:23,057] INFO:  >> [SAFE_HANDOVER] Syncing JP225 SL to 60833.64086
[2026-05-06 09:51:23,057] INFO:  >> [SAFE_HANDOVER] Syncing JP225 SL to 60828.64086
[2026-05-06 09:51:23,057] INFO:  >> [SAFE_HANDOVER] Syncing JP225 SL to 60828.74086
[2026-05-06 09:51:23,058] INFO:  >> [SAFE_HANDOVER] Syncing JP225 SL to 60831.84086
[2026-05-06 09:51:23,058] INFO:  >> [SAFE_HANDOVER] Syncing JP225 SL to 60846.04086
[2026-05-06 09:51:23,058] INFO:  >> [SAFE_HANDOVER] Syncing JP225 SL to 60848.64086
[2026-05-06 09:51:23,058] INFO:  >> [SAFE_HANDOVER] Syncing JP225 SL to 60855.34086
[2026-05-06 09:51:23,058] INFO:  >> [SAFE_HANDOVER] Syncing JP225 SL to 60858.24086
[2026-05-06 09:51:23,059] INFO:  >> [SAFE_HANDOVER] Syncing JP225 SL to 60855.64086
[2026-05-06 09:51:23,059] INFO:  >> [SAFE_HANDOVER] Syncing JP225 SL to 60860.34086
[2026-05-06 09:51:23,059] INFO:  >> [SAFE_HANDOVER] Syncing JP225 SL to 60861.14086
[2026-05-06 09:51:23,059] INFO:  >> [SAFE_HANDOVER] Syncing JP225 SL to 60868.84086
[2026-05-06 09:51:23,059] INFO:  >> [SAFE_HANDOVER] Syncing JP225 SL to 60875.54086
[2026-05-06 09:51:23,060] INFO:  >> [SAFE_HANDOVER] Syncing JP225 SL to 60875.44086
[2026-05-06 09:51:23,060] INFO:  >> [SAFE_HANDOVER] Syncing JP225 SL to 60869.14086
[2026-05-06 09:51:23,060] INFO:  >> [SAFE_HANDOVER] Syncing JP225 SL to 60866.74086
[2026-05-06 09:51:23,061] INFO:  >> [SAFE_HANDOVER] Syncing JP225 SL to 60883.24086
[2026-05-06 09:51:23,061] INFO:  >> [SAFE_HANDOVER] Syncing JP225 SL to 60888.74086
[2026-05-06 09:51:23,061] INFO:  >> [SAFE_HANDOVER] Syncing JP225 SL to 60888.24086
[2026-05-06 09:51:23,061] INFO:  >> [SAFE_HANDOVER] Syncing JP225 SL to 60891.34086
[2026-05-06 09:51:23,061] INFO:  >> [SAFE_HANDOVER] Syncing JP225 SL to 60893.64086
[2026-05-06 09:51:23,062] INFO:  >> [SAFE_HANDOVER] Syncing JP225 SL to 60883.24086
[2026-05-06 09:51:23,062] INFO:  >> [SAFE_HANDOVER] Syncing JP225 SL to 60879.14086
[2026-05-06 09:51:23,062] INFO:  >> [SAFE_HANDOVER] Syncing JP225 SL to 60880.64086
[2026-05-06 09:51:23,062] INFO:  >> [SAFE_HANDOVER] Syncing JP225 SL to 60880.64086
[2026-05-06 09:51:23,063] INFO:  >> [SAFE_HANDOVER] Syncing JP225 SL to 60871.24086
[2026-05-06 09:51:23,063] INFO:  >> [SAFE_HANDOVER] Syncing JP225 SL to 60878.64086
[2026-05-06 09:51:23,063] INFO:  >> [SAFE_HANDOVER] Syncing JP225 SL to 60881.54086
[2026-05-06 09:51:23,063] INFO:  >> [SAFE_HANDOVER] Syncing JP225 SL to 60876.64086
[2026-05-06 09:51:23,064] INFO:  >> [SAFE_HANDOVER] Syncing JP225 SL to 60873.04086
[2026-05-06 09:51:23,064] INFO:  >> [SAFE_HANDOVER] Syncing JP225 SL to 60875.74086
[2026-05-06 09:51:23,064] INFO:  >> [SAFE_HANDOVER] Syncing JP225 SL to 60869.14086
[2026-05-06 09:51:23,064] INFO:  >> [SAFE_HANDOVER] Syncing JP225 SL to 60875.54086
[2026-05-06 09:51:23,065] INFO:  >> [SAFE_HANDOVER] Syncing JP225 SL to 60878.54086
[2026-05-06 09:51:23,065] INFO:  >> [SAFE_HANDOVER] Syncing JP225 SL to 60875.54086
[2026-05-06 09:51:23,065] INFO:  >> [SAFE_HANDOVER] Syncing JP225 SL to 60884.34086
[2026-05-06 09:51:23,066] INFO:  >> [SAFE_HANDOVER] Syncing JP225 SL to 60886.84086
[2026-05-06 09:51:23,066] INFO:  >> [SAFE_HANDOVER] Syncing JP225 SL to 60891.14086
[2026-05-06 09:51:23,066] INFO:  >> [SAFE_HANDOVER] Syncing JP225 SL to 60891.14086
[2026-05-06 09:51:23,067] INFO:  >> [SAFE_HANDOVER] Syncing JP225 SL to 60891.14086
[2026-05-06 09:51:23,067] INFO:  >> [SAFE_HANDOVER] Syncing JP225 SL to 60884.14086
[2026-05-06 09:51:23,067] INFO:  >> [SAFE_HANDOVER] Syncing JP225 SL to 60881.74086
[2026-05-06 09:51:23,067] INFO:  >> [SAFE_HANDOVER] Syncing JP225 SL to 60885.64086
[2026-05-06 09:51:23,067] INFO:  >> [SAFE_HANDOVER] Syncing JP225 SL to 60885.54086
[2026-05-06 09:51:23,067] INFO:  >> [SAFE_HANDOVER] Syncing JP225 SL to 60888.24086
[2026-05-06 09:51:23,068] INFO:  >> [SAFE_HANDOVER] Syncing JP225 SL to 60886.54086
[2026-05-06 09:51:23,068] INFO:  >> [SAFE_HANDOVER] Syncing JP225 SL to 60886.54086
[2026-05-06 09:51:23,204] INFO:  >> [HARVESTER] GAMMA is dominating. Scaling in reinforcements...
[2026-05-06 09:51:23,204] ERROR:  !! [HARVESTER_ERR] cannot access local variable 'symbol' where it is not associated with a value
[2026-05-06 09:51:33,411] INFO:  >> [SAFE_HANDOVER] Syncing JP225 SL to 60829.54086
[2026-05-06 09:51:33,411] INFO:  >> [SAFE_HANDOVER] Syncing JP225 SL to 60825.64086
[2026-05-06 09:51:33,411] INFO:  >> [SAFE_HANDOVER] Syncing JP225 SL to 60831.14086
[2026-05-06 09:51:33,412] INFO:  >> [SAFE_HANDOVER] Syncing JP225 SL to 60833.64086
[2026-05-06 09:51:33,413] INFO:  >> [SAFE_HANDOVER] Syncing JP225 SL to 60828.64086
[2026-05-06 09:51:33,413] INFO:  >> [SAFE_HANDOVER] Syncing JP225 SL to 60828.74086
[2026-05-06 09:51:33,414] INFO:  >> [SAFE_HANDOVER] Syncing JP225 SL to 60831.84086
[2026-05-06 09:51:33,414] INFO:  >> [SAFE_HANDOVER] Syncing JP225 SL to 60846.04086
[2026-05-06 09:51:33,414] INFO:  >> [SAFE_HANDOVER] Syncing JP225 SL to 60848.64086
[2026-05-06 09:51:33,414] INFO:  >> [SAFE_HANDOVER] Syncing JP225 SL to 60855.34086
[2026-05-06 09:51:33,415] INFO:  >> [SAFE_HANDOVER] Syncing JP225 SL to 60858.24086
[2026-05-06 09:51:33,415] INFO:  >> [SAFE_HANDOVER] Syncing JP225 SL to 60855.64086
[2026-05-06 09:51:33,415] INFO:  >> [SAFE_HANDOVER] Syncing JP225 SL to 60860.34086
[2026-05-06 09:51:33,416] INFO:  >> [SAFE_HANDOVER] Syncing JP225 SL to 60861.14086
[2026-05-06 09:51:33,416] INFO:  >> [SAFE_HANDOVER] Syncing JP225 SL to 60868.84086
[2026-05-06 09:51:33,416] INFO:  >> [SAFE_HANDOVER] Syncing JP225 SL to 60875.54086
[2026-05-06 09:51:33,416] INFO:  >> [SAFE_HANDOVER] Syncing JP225 SL to 60875.44086
[2026-05-06 09:51:33,417] INFO:  >> [SAFE_HANDOVER] Syncing JP225 SL to 60869.14086
[2026-05-06 09:51:33,417] INFO:  >> [SAFE_HANDOVER] Syncing JP225 SL to 60866.74086
[2026-05-06 09:51:33,417] INFO:  >> [SAFE_HANDOVER] Syncing JP225 SL to 60883.24086
[2026-05-06 09:51:33,418] INFO:  >> [SAFE_HANDOVER] Syncing JP225 SL to 60888.74086
[2026-05-06 09:51:33,418] INFO:  >> [SAFE_HANDOVER] Syncing JP225 SL to 60888.24086
[2026-05-06 09:51:33,418] INFO:  >> [SAFE_HANDOVER] Syncing JP225 SL to 60891.34086
[2026-05-06 09:51:33,418] INFO:  >> [SAFE_HANDOVER] Syncing JP225 SL to 60893.64086
[2026-05-06 09:51:33,418] INFO:  >> [SAFE_HANDOVER] Syncing JP225 SL to 60883.24086
[2026-05-06 09:51:33,419] INFO:  >> [SAFE_HANDOVER] Syncing JP225 SL to 60879.14086
[2026-05-06 09:51:33,419] INFO:  >> [SAFE_HANDOVER] Syncing JP225 SL to 60880.64086
[2026-05-06 09:51:33,419] INFO:  >> [SAFE_HANDOVER] Syncing JP225 SL to 60880.64086
[2026-05-06 09:51:33,419] INFO:  >> [SAFE_HANDOVER] Syncing JP225 SL to 60871.24086
[2026-05-06 09:51:33,419] INFO:  >> [SAFE_HANDOVER] Syncing JP225 SL to 60878.64086
[2026-05-06 09:51:33,420] INFO:  >> [SAFE_HANDOVER] Syncing JP225 SL to 60881.54086
[2026-05-06 09:51:33,420] INFO:  >> [SAFE_HANDOVER] Syncing JP225 SL to 60876.64086
[2026-05-06 09:51:33,420] INFO:  >> [SAFE_HANDOVER] Syncing JP225 SL to 60873.04086
[2026-05-06 09:51:33,420] INFO:  >> [SAFE_HANDOVER] Syncing JP225 SL to 60875.74086
[2026-05-06 09:51:33,421] INFO:  >> [SAFE_HANDOVER] Syncing JP225 SL to 60869.14086
[2026-05-06 09:51:33,421] INFO:  >> [SAFE_HANDOVER] Syncing JP225 SL to 60875.54086
[2026-05-06 09:51:33,422] INFO:  >> [SAFE_HANDOVER] Syncing JP225 SL to 60878.54086
[2026-05-06 09:51:33,422] INFO:  >> [SAFE_HANDOVER] Syncing JP225 SL to 60875.54086
[2026-05-06 09:51:33,422] INFO:  >> [SAFE_HANDOVER] Syncing JP225 SL to 60884.34086
[2026-05-06 09:51:33,422] INFO:  >> [SAFE_HANDOVER] Syncing JP225 SL to 60886.84086
[2026-05-06 09:51:33,422] INFO:  >> [SAFE_HANDOVER] Syncing JP225 SL to 60891.14086
[2026-05-06 09:51:33,423] INFO:  >> [SAFE_HANDOVER] Syncing JP225 SL to 60891.14086
[2026-05-06 09:51:33,423] INFO:  >> [SAFE_HANDOVER] Syncing JP225 SL to 60891.14086
[2026-05-06 09:51:33,423] INFO:  >> [SAFE_HANDOVER] Syncing JP225 SL to 60884.14086
[2026-05-06 09:51:33,423] INFO:  >> [SAFE_HANDOVER] Syncing JP225 SL to 60881.74086
[2026-05-06 09:51:33,423] INFO:  >> [SAFE_HANDOVER] Syncing JP225 SL to 60885.64086
[2026-05-06 09:51:33,423] INFO:  >> [SAFE_HANDOVER] Syncing JP225 SL to 60885.54086
[2026-05-06 09:51:33,424] INFO:  >> [SAFE_HANDOVER] Syncing JP225 SL to 60888.24086
[2026-05-06 09:51:33,424] INFO:  >> [SAFE_HANDOVER] Syncing JP225 SL to 60886.54086
[2026-05-06 09:51:33,425] INFO:  >> [SAFE_HANDOVER] Syncing JP225 SL to 60886.54086
[2026-05-06 09:51:33,426] INFO:  >> [SAFE_HANDOVER] Syncing JP225 SL to 60884.24086
[2026-05-06 09:51:33,564] INFO:  >> [HARVESTER] GAMMA is dominating. Scaling in reinforcements...
[2026-05-06 09:51:33,564] ERROR:  !! [HARVESTER_ERR] cannot access local variable 'symbol' where it is not associated with a value
[2026-05-06 09:51:43,797] INFO:  >> [SAFE_HANDOVER] Syncing JP225 SL to 60829.54086
[2026-05-06 09:51:43,798] INFO:  >> [SAFE_HANDOVER] Syncing JP225 SL to 60825.64086
[2026-05-06 09:51:43,799] INFO:  >> [SAFE_HANDOVER] Syncing JP225 SL to 60831.14086
[2026-05-06 09:51:43,799] INFO:  >> [SAFE_HANDOVER] Syncing JP225 SL to 60833.64086
[2026-05-06 09:51:43,799] INFO:  >> [SAFE_HANDOVER] Syncing JP225 SL to 60828.64086
[2026-05-06 09:51:43,800] INFO:  >> [SAFE_HANDOVER] Syncing JP225 SL to 60828.74086
[2026-05-06 09:51:43,800] INFO:  >> [SAFE_HANDOVER] Syncing JP225 SL to 60831.84086
[2026-05-06 09:51:43,800] INFO:  >> [SAFE_HANDOVER] Syncing JP225 SL to 60846.04086
[2026-05-06 09:51:43,800] INFO:  >> [SAFE_HANDOVER] Syncing JP225 SL to 60848.64086
[2026-05-06 09:51:43,801] INFO:  >> [SAFE_HANDOVER] Syncing JP225 SL to 60855.34086
[2026-05-06 09:51:43,801] INFO:  >> [SAFE_HANDOVER] Syncing JP225 SL to 60858.24086
[2026-05-06 09:51:43,801] INFO:  >> [SAFE_HANDOVER] Syncing JP225 SL to 60855.64086
[2026-05-06 09:51:43,801] INFO:  >> [SAFE_HANDOVER] Syncing JP225 SL to 60860.34086
[2026-05-06 09:51:43,802] INFO:  >> [SAFE_HANDOVER] Syncing JP225 SL to 60861.14086
[2026-05-06 09:51:43,803] INFO:  >> [SAFE_HANDOVER] Syncing JP225 SL to 60868.84086
[2026-05-06 09:51:43,803] INFO:  >> [SAFE_HANDOVER] Syncing JP225 SL to 60875.54086
[2026-05-06 09:51:43,803] INFO:  >> [SAFE_HANDOVER] Syncing JP225 SL to 60875.44086
[2026-05-06 09:51:43,803] INFO:  >> [SAFE_HANDOVER] Syncing JP225 SL to 60869.14086
[2026-05-06 09:51:43,804] INFO:  >> [SAFE_HANDOVER] Syncing JP225 SL to 60866.74086
[2026-05-06 09:51:43,804] INFO:  >> [SAFE_HANDOVER] Syncing JP225 SL to 60883.24086
[2026-05-06 09:51:43,804] INFO:  >> [SAFE_HANDOVER] Syncing JP225 SL to 60888.74086
[2026-05-06 09:51:43,804] INFO:  >> [SAFE_HANDOVER] Syncing JP225 SL to 60888.24086
[2026-05-06 09:51:43,805] INFO:  >> [SAFE_HANDOVER] Syncing JP225 SL to 60891.34086
[2026-05-06 09:51:43,805] INFO:  >> [SAFE_HANDOVER] Syncing JP225 SL to 60893.64086
[2026-05-06 09:51:43,806] INFO:  >> [SAFE_HANDOVER] Syncing JP225 SL to 60883.24086
[2026-05-06 09:51:43,806] INFO:  >> [SAFE_HANDOVER] Syncing JP225 SL to 60879.14086
[2026-05-06 09:51:43,806] INFO:  >> [SAFE_HANDOVER] Syncing JP225 SL to 60880.64086
[2026-05-06 09:51:43,806] INFO:  >> [SAFE_HANDOVER] Syncing JP225 SL to 60880.64086
[2026-05-06 09:51:43,807] INFO:  >> [SAFE_HANDOVER] Syncing JP225 SL to 60871.24086
[2026-05-06 09:51:43,807] INFO:  >> [SAFE_HANDOVER] Syncing JP225 SL to 60878.64086
[2026-05-06 09:51:43,808] INFO:  >> [SAFE_HANDOVER] Syncing JP225 SL to 60881.54086
[2026-05-06 09:51:43,808] INFO:  >> [SAFE_HANDOVER] Syncing JP225 SL to 60876.64086
[2026-05-06 09:51:43,808] INFO:  >> [SAFE_HANDOVER] Syncing JP225 SL to 60873.04086
[2026-05-06 09:51:43,809] INFO:  >> [SAFE_HANDOVER] Syncing JP225 SL to 60875.74086
[2026-05-06 09:51:43,809] INFO:  >> [SAFE_HANDOVER] Syncing JP225 SL to 60869.14086
[2026-05-06 09:51:43,809] INFO:  >> [SAFE_HANDOVER] Syncing JP225 SL to 60875.54086
[2026-05-06 09:51:43,810] INFO:  >> [SAFE_HANDOVER] Syncing JP225 SL to 60878.54086
[2026-05-06 09:51:43,810] INFO:  >> [SAFE_HANDOVER] Syncing JP225 SL to 60875.54086
[2026-05-06 09:51:43,810] INFO:  >> [SAFE_HANDOVER] Syncing JP225 SL to 60884.34086
[2026-05-06 09:51:43,810] INFO:  >> [SAFE_HANDOVER] Syncing JP225 SL to 60886.84086
[2026-05-06 09:51:43,811] INFO:  >> [SAFE_HANDOVER] Syncing JP225 SL to 60891.14086
[2026-05-06 09:51:43,811] INFO:  >> [SAFE_HANDOVER] Syncing JP225 SL to 60891.14086
[2026-05-06 09:51:43,811] INFO:  >> [SAFE_HANDOVER] Syncing JP225 SL to 60891.14086
[2026-05-06 09:51:43,812] INFO:  >> [SAFE_HANDOVER] Syncing JP225 SL to 60884.14086
[2026-05-06 09:51:43,812] INFO:  >> [SAFE_HANDOVER] Syncing JP225 SL to 60881.74086
[2026-05-06 09:51:43,812] INFO:  >> [SAFE_HANDOVER] Syncing JP225 SL to 60885.64086
[2026-05-06 09:51:43,812] INFO:  >> [SAFE_HANDOVER] Syncing JP225 SL to 60885.54086
[2026-05-06 09:51:43,813] INFO:  >> [SAFE_HANDOVER] Syncing JP225 SL to 60888.24086
[2026-05-06 09:51:43,814] INFO:  >> [SAFE_HANDOVER] Syncing JP225 SL to 60886.54086
[2026-05-06 09:51:43,814] INFO:  >> [SAFE_HANDOVER] Syncing JP225 SL to 60886.54086
[2026-05-06 09:51:43,814] INFO:  >> [SAFE_HANDOVER] Syncing JP225 SL to 60884.24086
[2026-05-06 09:51:43,817] INFO:  >> [SAFE_HANDOVER] Syncing JP225 SL to 60881.84086
[2026-05-06 09:51:43,949] INFO:  >> [HARVESTER] GAMMA is dominating. Scaling in reinforcements...
[2026-05-06 09:51:43,949] ERROR:  !! [HARVESTER_ERR] cannot access local variable 'symbol' where it is not associated with a value
[2026-05-06 09:51:54,217] INFO:  >> [SAFE_HANDOVER] Syncing JP225 SL to 60829.54086
[2026-05-06 09:51:54,217] INFO:  >> [SAFE_HANDOVER] Syncing JP225 SL to 60825.64086
[2026-05-06 09:51:54,217] INFO:  >> [SAFE_HANDOVER] Syncing JP225 SL to 60831.14086
[2026-05-06 09:51:54,218] INFO:  >> [SAFE_HANDOVER] Syncing JP225 SL to 60833.64086
[2026-05-06 09:51:54,218] INFO:  >> [SAFE_HANDOVER] Syncing JP225 SL to 60828.64086
[2026-05-06 09:51:54,219] INFO:  >> [SAFE_HANDOVER] Syncing JP225 SL to 60828.74086
[2026-05-06 09:51:54,219] INFO:  >> [SAFE_HANDOVER] Syncing JP225 SL to 60831.84086
[2026-05-06 09:51:54,220] INFO:  >> [SAFE_HANDOVER] Syncing JP225 SL to 60846.04086
[2026-05-06 09:51:54,220] INFO:  >> [SAFE_HANDOVER] Syncing JP225 SL to 60848.64086
[2026-05-06 09:51:54,220] INFO:  >> [SAFE_HANDOVER] Syncing JP225 SL to 60855.34086
[2026-05-06 09:51:54,221] INFO:  >> [SAFE_HANDOVER] Syncing JP225 SL to 60858.24086
[2026-05-06 09:51:54,221] INFO:  >> [SAFE_HANDOVER] Syncing JP225 SL to 60855.64086
[2026-05-06 09:51:54,221] INFO:  >> [SAFE_HANDOVER] Syncing JP225 SL to 60860.34086
[2026-05-06 09:51:54,221] INFO:  >> [SAFE_HANDOVER] Syncing JP225 SL to 60861.14086
[2026-05-06 09:51:54,222] INFO:  >> [SAFE_HANDOVER] Syncing JP225 SL to 60868.84086
[2026-05-06 09:51:54,222] INFO:  >> [SAFE_HANDOVER] Syncing JP225 SL to 60875.54086
[2026-05-06 09:51:54,222] INFO:  >> [SAFE_HANDOVER] Syncing JP225 SL to 60875.44086
[2026-05-06 09:51:54,222] INFO:  >> [SAFE_HANDOVER] Syncing JP225 SL to 60869.14086
[2026-05-06 09:51:54,223] INFO:  >> [SAFE_HANDOVER] Syncing JP225 SL to 60866.74086
[2026-05-06 09:51:54,223] INFO:  >> [SAFE_HANDOVER] Syncing JP225 SL to 60883.24086
[2026-05-06 09:51:54,223] INFO:  >> [SAFE_HANDOVER] Syncing JP225 SL to 60888.74086
[2026-05-06 09:51:54,223] INFO:  >> [SAFE_HANDOVER] Syncing JP225 SL to 60888.24086
[2026-05-06 09:51:54,224] INFO:  >> [SAFE_HANDOVER] Syncing JP225 SL to 60891.34086
[2026-05-06 09:51:54,224] INFO:  >> [SAFE_HANDOVER] Syncing JP225 SL to 60893.64086
[2026-05-06 09:51:54,224] INFO:  >> [SAFE_HANDOVER] Syncing JP225 SL to 60883.24086
[2026-05-06 09:51:54,224] INFO:  >> [SAFE_HANDOVER] Syncing JP225 SL to 60879.14086
[2026-05-06 09:51:54,224] INFO:  >> [SAFE_HANDOVER] Syncing JP225 SL to 60880.64086
[2026-05-06 09:51:54,224] INFO:  >> [SAFE_HANDOVER] Syncing JP225 SL to 60880.64086
[2026-05-06 09:51:54,225] INFO:  >> [SAFE_HANDOVER] Syncing JP225 SL to 60871.24086
[2026-05-06 09:51:54,225] INFO:  >> [SAFE_HANDOVER] Syncing JP225 SL to 60878.64086
[2026-05-06 09:51:54,226] INFO:  >> [SAFE_HANDOVER] Syncing JP225 SL to 60881.54086
[2026-05-06 09:51:54,226] INFO:  >> [SAFE_HANDOVER] Syncing JP225 SL to 60876.64086
[2026-05-06 09:51:54,226] INFO:  >> [SAFE_HANDOVER] Syncing JP225 SL to 60873.04086
[2026-05-06 09:51:54,226] INFO:  >> [SAFE_HANDOVER] Syncing JP225 SL to 60875.74086
[2026-05-06 09:51:54,226] INFO:  >> [SAFE_HANDOVER] Syncing JP225 SL to 60869.14086
[2026-05-06 09:51:54,227] INFO:  >> [SAFE_HANDOVER] Syncing JP225 SL to 60875.54086
[2026-05-06 09:51:54,227] INFO:  >> [SAFE_HANDOVER] Syncing JP225 SL to 60878.54086
[2026-05-06 09:51:54,227] INFO:  >> [SAFE_HANDOVER] Syncing JP225 SL to 60875.54086
[2026-05-06 09:51:54,227] INFO:  >> [SAFE_HANDOVER] Syncing JP225 SL to 60884.34086
[2026-05-06 09:51:54,227] INFO:  >> [SAFE_HANDOVER] Syncing JP225 SL to 60886.84086
[2026-05-06 09:51:54,227] INFO:  >> [SAFE_HANDOVER] Syncing JP225 SL to 60891.14086
[2026-05-06 09:51:54,228] INFO:  >> [SAFE_HANDOVER] Syncing JP225 SL to 60891.14086
[2026-05-06 09:51:54,228] INFO:  >> [SAFE_HANDOVER] Syncing JP225 SL to 60891.14086
[2026-05-06 09:51:54,229] INFO:  >> [SAFE_HANDOVER] Syncing JP225 SL to 60884.14086
[2026-05-06 09:51:54,229] INFO:  >> [SAFE_HANDOVER] Syncing JP225 SL to 60881.74086
[2026-05-06 09:51:54,229] INFO:  >> [SAFE_HANDOVER] Syncing JP225 SL to 60885.64086
[2026-05-06 09:51:54,229] INFO:  >> [SAFE_HANDOVER] Syncing JP225 SL to 60885.54086
[2026-05-06 09:51:54,230] INFO:  >> [SAFE_HANDOVER] Syncing JP225 SL to 60888.24086
[2026-05-06 09:51:54,230] INFO:  >> [SAFE_HANDOVER] Syncing JP225 SL to 60886.54086
[2026-05-06 09:51:54,230] INFO:  >> [SAFE_HANDOVER] Syncing JP225 SL to 60886.54086
[2026-05-06 09:51:54,230] INFO:  >> [SAFE_HANDOVER] Syncing JP225 SL to 60884.24086
[2026-05-06 09:51:54,231] INFO:  >> [SAFE_HANDOVER] Syncing JP225 SL to 60881.84086
[2026-05-06 09:51:54,231] INFO:  >> [SAFE_HANDOVER] Syncing JP225 SL to 60883.64086
[2026-05-06 09:51:54,333] INFO:  >> [HARVESTER] GAMMA is dominating. Scaling in reinforcements...
[2026-05-06 09:51:54,333] ERROR:  !! [HARVESTER_ERR] cannot access local variable 'symbol' where it is not associated with a value
[2026-05-06 09:52:04,546] INFO:  >> [SAFE_HANDOVER] Syncing JP225 SL to 60829.54086
[2026-05-06 09:52:04,546] INFO:  >> [SAFE_HANDOVER] Syncing JP225 SL to 60825.64086
[2026-05-06 09:52:04,547] INFO:  >> [SAFE_HANDOVER] Syncing JP225 SL to 60831.14086
[2026-05-06 09:52:04,547] INFO:  >> [SAFE_HANDOVER] Syncing JP225 SL to 60833.64086
[2026-05-06 09:52:04,548] INFO:  >> [SAFE_HANDOVER] Syncing JP225 SL to 60828.64086
[2026-05-06 09:52:04,548] INFO:  >> [SAFE_HANDOVER] Syncing JP225 SL to 60828.74086
[2026-05-06 09:52:04,548] INFO:  >> [SAFE_HANDOVER] Syncing JP225 SL to 60831.84086
[2026-05-06 09:52:04,549] INFO:  >> [SAFE_HANDOVER] Syncing JP225 SL to 60846.04086
[2026-05-06 09:52:04,549] INFO:  >> [SAFE_HANDOVER] Syncing JP225 SL to 60848.64086
[2026-05-06 09:52:04,549] INFO:  >> [SAFE_HANDOVER] Syncing JP225 SL to 60855.34086
[2026-05-06 09:52:04,549] INFO:  >> [SAFE_HANDOVER] Syncing JP225 SL to 60858.24086
[2026-05-06 09:52:04,549] INFO:  >> [SAFE_HANDOVER] Syncing JP225 SL to 60855.64086
[2026-05-06 09:52:04,550] INFO:  >> [SAFE_HANDOVER] Syncing JP225 SL to 60860.34086
[2026-05-06 09:52:04,550] INFO:  >> [SAFE_HANDOVER] Syncing JP225 SL to 60861.14086
[2026-05-06 09:52:04,550] INFO:  >> [SAFE_HANDOVER] Syncing JP225 SL to 60868.84086
[2026-05-06 09:52:04,550] INFO:  >> [SAFE_HANDOVER] Syncing JP225 SL to 60875.54086
[2026-05-06 09:52:04,550] INFO:  >> [SAFE_HANDOVER] Syncing JP225 SL to 60875.44086
[2026-05-06 09:52:04,551] INFO:  >> [SAFE_HANDOVER] Syncing JP225 SL to 60869.14086
[2026-05-06 09:52:04,551] INFO:  >> [SAFE_HANDOVER] Syncing JP225 SL to 60866.74086
[2026-05-06 09:52:04,551] INFO:  >> [SAFE_HANDOVER] Syncing JP225 SL to 60883.24086
[2026-05-06 09:52:04,551] INFO:  >> [SAFE_HANDOVER] Syncing JP225 SL to 60888.74086
[2026-05-06 09:52:04,551] INFO:  >> [SAFE_HANDOVER] Syncing JP225 SL to 60888.24086
[2026-05-06 09:52:04,551] INFO:  >> [SAFE_HANDOVER] Syncing JP225 SL to 60891.34086
[2026-05-06 09:52:04,551] INFO:  >> [SAFE_HANDOVER] Syncing JP225 SL to 60893.64086
[2026-05-06 09:52:04,552] INFO:  >> [SAFE_HANDOVER] Syncing JP225 SL to 60883.24086
[2026-05-06 09:52:04,552] INFO:  >> [SAFE_HANDOVER] Syncing JP225 SL to 60879.14086
[2026-05-06 09:52:04,553] INFO:  >> [SAFE_HANDOVER] Syncing JP225 SL to 60880.64086
[2026-05-06 09:52:04,553] INFO:  >> [SAFE_HANDOVER] Syncing JP225 SL to 60880.64086
[2026-05-06 09:52:04,553] INFO:  >> [SAFE_HANDOVER] Syncing JP225 SL to 60871.24086
[2026-05-06 09:52:04,553] INFO:  >> [SAFE_HANDOVER] Syncing JP225 SL to 60878.64086
[2026-05-06 09:52:04,553] INFO:  >> [SAFE_HANDOVER] Syncing JP225 SL to 60881.54086
[2026-05-06 09:52:04,554] INFO:  >> [SAFE_HANDOVER] Syncing JP225 SL to 60876.64086
[2026-05-06 09:52:04,554] INFO:  >> [SAFE_HANDOVER] Syncing JP225 SL to 60873.04086
[2026-05-06 09:52:04,554] INFO:  >> [SAFE_HANDOVER] Syncing JP225 SL to 60875.74086
[2026-05-06 09:52:04,554] INFO:  >> [SAFE_HANDOVER] Syncing JP225 SL to 60869.14086
[2026-05-06 09:52:04,554] INFO:  >> [SAFE_HANDOVER] Syncing JP225 SL to 60875.54086
[2026-05-06 09:52:04,554] INFO:  >> [SAFE_HANDOVER] Syncing JP225 SL to 60878.54086
[2026-05-06 09:52:04,554] INFO:  >> [SAFE_HANDOVER] Syncing JP225 SL to 60875.54086
[2026-05-06 09:52:04,555] INFO:  >> [SAFE_HANDOVER] Syncing JP225 SL to 60884.34086
[2026-05-06 09:52:04,555] INFO:  >> [SAFE_HANDOVER] Syncing JP225 SL to 60886.84086
[2026-05-06 09:52:04,555] INFO:  >> [SAFE_HANDOVER] Syncing JP225 SL to 60891.14086
[2026-05-06 09:52:04,555] INFO:  >> [SAFE_HANDOVER] Syncing JP225 SL to 60891.14086
[2026-05-06 09:52:04,555] INFO:  >> [SAFE_HANDOVER] Syncing JP225 SL to 60891.14086
[2026-05-06 09:52:04,557] INFO:  >> [SAFE_HANDOVER] Syncing JP225 SL to 60884.14086
[2026-05-06 09:52:04,557] INFO:  >> [SAFE_HANDOVER] Syncing JP225 SL to 60881.74086
[2026-05-06 09:52:04,557] INFO:  >> [SAFE_HANDOVER] Syncing JP225 SL to 60885.64086
[2026-05-06 09:52:04,557] INFO:  >> [SAFE_HANDOVER] Syncing JP225 SL to 60885.54086
[2026-05-06 09:52:04,558] INFO:  >> [SAFE_HANDOVER] Syncing JP225 SL to 60888.24086
[2026-05-06 09:52:04,558] INFO:  >> [SAFE_HANDOVER] Syncing JP225 SL to 60886.54086
[2026-05-06 09:52:04,558] INFO:  >> [SAFE_HANDOVER] Syncing JP225 SL to 60886.54086
[2026-05-06 09:52:04,558] INFO:  >> [SAFE_HANDOVER] Syncing JP225 SL to 60884.24086
[2026-05-06 09:52:04,559] INFO:  >> [SAFE_HANDOVER] Syncing JP225 SL to 60881.84086
[2026-05-06 09:52:04,559] INFO:  >> [SAFE_HANDOVER] Syncing JP225 SL to 60883.64086
[2026-05-06 09:52:04,560] INFO:  >> [SAFE_HANDOVER] Syncing JP225 SL to 60895.74086
[2026-05-06 09:52:04,725] INFO:  >> [HARVESTER] GAMMA is dominating. Scaling in reinforcements...
[2026-05-06 09:52:04,725] ERROR:  !! [HARVESTER_ERR] cannot access local variable 'symbol' where it is not associated with a value
[2026-05-06 09:52:14,949] INFO:  >> [SAFE_HANDOVER] Syncing JP225 SL to 60829.54086
[2026-05-06 09:52:14,950] INFO:  >> [SAFE_HANDOVER] Syncing JP225 SL to 60825.64086
[2026-05-06 09:52:14,950] INFO:  >> [SAFE_HANDOVER] Syncing JP225 SL to 60831.14086
[2026-05-06 09:52:14,951] INFO:  >> [SAFE_HANDOVER] Syncing JP225 SL to 60833.64086
[2026-05-06 09:52:14,951] INFO:  >> [SAFE_HANDOVER] Syncing JP225 SL to 60828.64086
[2026-05-06 09:52:14,951] INFO:  >> [SAFE_HANDOVER] Syncing JP225 SL to 60828.74086
[2026-05-06 09:52:14,951] INFO:  >> [SAFE_HANDOVER] Syncing JP225 SL to 60831.84086
[2026-05-06 09:52:14,952] INFO:  >> [SAFE_HANDOVER] Syncing JP225 SL to 60846.04086
[2026-05-06 09:52:14,952] INFO:  >> [SAFE_HANDOVER] Syncing JP225 SL to 60848.64086
[2026-05-06 09:52:14,952] INFO:  >> [SAFE_HANDOVER] Syncing JP225 SL to 60855.34086
[2026-05-06 09:52:14,952] INFO:  >> [SAFE_HANDOVER] Syncing JP225 SL to 60858.24086
[2026-05-06 09:52:14,953] INFO:  >> [SAFE_HANDOVER] Syncing JP225 SL to 60855.64086
[2026-05-06 09:52:14,953] INFO:  >> [SAFE_HANDOVER] Syncing JP225 SL to 60860.34086
[2026-05-06 09:52:14,953] INFO:  >> [SAFE_HANDOVER] Syncing JP225 SL to 60861.14086
[2026-05-06 09:52:14,953] INFO:  >> [SAFE_HANDOVER] Syncing JP225 SL to 60868.84086
[2026-05-06 09:52:14,954] INFO:  >> [SAFE_HANDOVER] Syncing JP225 SL to 60875.54086
[2026-05-06 09:52:14,954] INFO:  >> [SAFE_HANDOVER] Syncing JP225 SL to 60875.44086
[2026-05-06 09:52:14,954] INFO:  >> [SAFE_HANDOVER] Syncing JP225 SL to 60869.14086
[2026-05-06 09:52:14,954] INFO:  >> [SAFE_HANDOVER] Syncing JP225 SL to 60866.74086
[2026-05-06 09:52:14,954] INFO:  >> [SAFE_HANDOVER] Syncing JP225 SL to 60883.24086
[2026-05-06 09:52:14,954] INFO:  >> [SAFE_HANDOVER] Syncing JP225 SL to 60888.74086
[2026-05-06 09:52:14,954] INFO:  >> [SAFE_HANDOVER] Syncing JP225 SL to 60888.24086
[2026-05-06 09:52:14,956] INFO:  >> [SAFE_HANDOVER] Syncing JP225 SL to 60891.34086
[2026-05-06 09:52:14,956] INFO:  >> [SAFE_HANDOVER] Syncing JP225 SL to 60893.64086
[2026-05-06 09:52:14,956] INFO:  >> [SAFE_HANDOVER] Syncing JP225 SL to 60883.24086
[2026-05-06 09:52:14,956] INFO:  >> [SAFE_HANDOVER] Syncing JP225 SL to 60879.14086
[2026-05-06 09:52:14,957] INFO:  >> [SAFE_HANDOVER] Syncing JP225 SL to 60880.64086
[2026-05-06 09:52:14,957] INFO:  >> [SAFE_HANDOVER] Syncing JP225 SL to 60880.64086
[2026-05-06 09:52:14,957] INFO:  >> [SAFE_HANDOVER] Syncing JP225 SL to 60871.24086
[2026-05-06 09:52:14,957] INFO:  >> [SAFE_HANDOVER] Syncing JP225 SL to 60878.64086
[2026-05-06 09:52:14,957] INFO:  >> [SAFE_HANDOVER] Syncing JP225 SL to 60881.54086
[2026-05-06 09:52:14,958] INFO:  >> [SAFE_HANDOVER] Syncing JP225 SL to 60876.64086
[2026-05-06 09:52:14,958] INFO:  >> [SAFE_HANDOVER] Syncing JP225 SL to 60873.04086
[2026-05-06 09:52:14,958] INFO:  >> [SAFE_HANDOVER] Syncing JP225 SL to 60875.74086
[2026-05-06 09:52:14,958] INFO:  >> [SAFE_HANDOVER] Syncing JP225 SL to 60869.14086
[2026-05-06 09:52:14,958] INFO:  >> [SAFE_HANDOVER] Syncing JP225 SL to 60875.54086
[2026-05-06 09:52:14,959] INFO:  >> [SAFE_HANDOVER] Syncing JP225 SL to 60878.54086
[2026-05-06 09:52:14,959] INFO:  >> [SAFE_HANDOVER] Syncing JP225 SL to 60875.54086
[2026-05-06 09:52:14,959] INFO:  >> [SAFE_HANDOVER] Syncing JP225 SL to 60884.34086
[2026-05-06 09:52:14,959] INFO:  >> [SAFE_HANDOVER] Syncing JP225 SL to 60886.84086
[2026-05-06 09:52:14,959] INFO:  >> [SAFE_HANDOVER] Syncing JP225 SL to 60891.14086
[2026-05-06 09:52:14,959] INFO:  >> [SAFE_HANDOVER] Syncing JP225 SL to 60891.14086
[2026-05-06 09:52:14,960] INFO:  >> [SAFE_HANDOVER] Syncing JP225 SL to 60891.14086
[2026-05-06 09:52:14,960] INFO:  >> [SAFE_HANDOVER] Syncing JP225 SL to 60884.14086
[2026-05-06 09:52:14,960] INFO:  >> [SAFE_HANDOVER] Syncing JP225 SL to 60881.74086
[2026-05-06 09:52:14,960] INFO:  >> [SAFE_HANDOVER] Syncing JP225 SL to 60885.64086
[2026-05-06 09:52:14,960] INFO:  >> [SAFE_HANDOVER] Syncing JP225 SL to 60885.54086
[2026-05-06 09:52:14,961] INFO:  >> [SAFE_HANDOVER] Syncing JP225 SL to 60888.24086
[2026-05-06 09:52:14,961] INFO:  >> [SAFE_HANDOVER] Syncing JP225 SL to 60886.54086
[2026-05-06 09:52:14,961] INFO:  >> [SAFE_HANDOVER] Syncing JP225 SL to 60886.54086
[2026-05-06 09:52:14,961] INFO:  >> [SAFE_HANDOVER] Syncing JP225 SL to 60884.24086
[2026-05-06 09:52:14,961] INFO:  >> [SAFE_HANDOVER] Syncing JP225 SL to 60881.84086
[2026-05-06 09:52:14,961] INFO:  >> [SAFE_HANDOVER] Syncing JP225 SL to 60883.64086
[2026-05-06 09:52:14,962] INFO:  >> [SAFE_HANDOVER] Syncing JP225 SL to 60895.74086
[2026-05-06 09:52:14,964] INFO:  >> [SAFE_HANDOVER] Syncing JP225 SL to 60903.24086
[2026-05-06 09:52:15,132] INFO:  >> [HARVESTER] GAMMA is dominating. Scaling in reinforcements...
[2026-05-06 09:52:15,132] ERROR:  !! [HARVESTER_ERR] cannot access local variable 'symbol' where it is not associated with a value
[2026-05-06 09:52:25,369] INFO:  >> [SAFE_HANDOVER] Syncing DE30 SL to 24231.93171
[2026-05-06 09:52:25,406] INFO:  >> [SAFE_HANDOVER] Syncing XAUUSD SL to 4622.68482
[2026-05-06 09:52:25,435] INFO:  >> [SAFE_HANDOVER] Syncing AUDUSD SL to 0.72254
[2026-05-06 09:52:25,465] INFO:  >> [SAFE_HANDOVER] Syncing JP225 SL to 60873.86371
[2026-05-06 09:52:25,496] INFO:  >> [SAFE_HANDOVER] Syncing JP225 SL to 60869.96371
[2026-05-06 09:52:25,524] INFO:  >> [SAFE_HANDOVER] Syncing JP225 SL to 60875.46371
[2026-05-06 09:52:25,551] INFO:  >> [SAFE_HANDOVER] Syncing JP225 SL to 60877.96371
[2026-05-06 09:52:25,580] INFO:  >> [SAFE_HANDOVER] Syncing JP225 SL to 60872.96371
[2026-05-06 09:52:25,608] INFO:  >> [SAFE_HANDOVER] Syncing JP225 SL to 60873.06371
[2026-05-06 09:52:25,636] INFO:  >> [SAFE_HANDOVER] Syncing JP225 SL to 60876.16371
[2026-05-06 09:52:25,665] INFO:  >> [SAFE_HANDOVER] Syncing JP225 SL to 60890.36371
[2026-05-06 09:52:25,694] INFO:  >> [SAFE_HANDOVER] Syncing JP225 SL to 60892.96371
[2026-05-06 09:52:25,728] INFO:  >> [SAFE_HANDOVER] Syncing JP225 SL to 60899.66371
[2026-05-06 09:52:25,757] INFO:  >> [SAFE_HANDOVER] Syncing JP225 SL to 60902.56371
[2026-05-06 09:52:25,786] INFO:  >> [SAFE_HANDOVER] Syncing JP225 SL to 60899.96371
[2026-05-06 09:52:25,814] INFO:  >> [SAFE_HANDOVER] Syncing JP225 SL to 60904.66371
[2026-05-06 09:52:25,841] INFO:  >> [SAFE_HANDOVER] Syncing JP225 SL to 60905.46371
[2026-05-06 09:52:25,870] INFO:  >> [SAFE_HANDOVER] Syncing JP225 SL to 60913.16371
[2026-05-06 09:52:25,913] INFO:  >> [SAFE_HANDOVER] Syncing JP225 SL to 60919.86371
[2026-05-06 09:52:25,942] INFO:  >> [SAFE_HANDOVER] Syncing JP225 SL to 60919.76371
[2026-05-06 09:52:25,971] INFO:  >> [SAFE_HANDOVER] Syncing JP225 SL to 60913.46371
[2026-05-06 09:52:26,008] INFO:  >> [SAFE_HANDOVER] Syncing JP225 SL to 60911.06371
[2026-05-06 09:52:26,045] INFO:  >> [SAFE_HANDOVER] Syncing JP225 SL to 60927.56371
[2026-05-06 09:52:26,073] INFO:  >> [SAFE_HANDOVER] Syncing JP225 SL to 60933.06371
[2026-05-06 09:52:26,102] INFO:  >> [SAFE_HANDOVER] Syncing JP225 SL to 60932.56371
[2026-05-06 09:52:26,130] INFO:  >> [SAFE_HANDOVER] Syncing JP225 SL to 60935.66371
[2026-05-06 09:52:26,158] INFO:  >> [SAFE_HANDOVER] Syncing JP225 SL to 60937.96371
[2026-05-06 09:52:26,187] INFO:  >> [SAFE_HANDOVER] Syncing JP225 SL to 60927.56371
[2026-05-06 09:52:26,215] INFO:  >> [SAFE_HANDOVER] Syncing JP225 SL to 60923.46371
[2026-05-06 09:52:26,245] INFO:  >> [SAFE_HANDOVER] Syncing JP225 SL to 60924.96371
[2026-05-06 09:52:26,272] INFO:  >> [SAFE_HANDOVER] Syncing JP225 SL to 60924.96371
[2026-05-06 09:52:26,301] INFO:  >> [SAFE_HANDOVER] Syncing JP225 SL to 60915.56371
[2026-05-06 09:52:26,331] INFO:  >> [SAFE_HANDOVER] Syncing JP225 SL to 60922.96371
[2026-05-06 09:52:26,360] INFO:  >> [SAFE_HANDOVER] Syncing JP225 SL to 60925.86371
[2026-05-06 09:52:26,387] INFO:  >> [SAFE_HANDOVER] Syncing JP225 SL to 60920.96371
[2026-05-06 09:52:26,415] INFO:  >> [SAFE_HANDOVER] Syncing JP225 SL to 60917.36371
[2026-05-06 09:52:26,445] INFO:  >> [SAFE_HANDOVER] Syncing JP225 SL to 60920.06371
[2026-05-06 09:52:26,472] INFO:  >> [SAFE_HANDOVER] Syncing JP225 SL to 60913.46371
[2026-05-06 09:52:26,501] INFO:  >> [SAFE_HANDOVER] Syncing JP225 SL to 60919.86371
[2026-05-06 09:52:26,528] INFO:  >> [SAFE_HANDOVER] Syncing JP225 SL to 60922.86371
[2026-05-06 09:52:26,556] INFO:  >> [SAFE_HANDOVER] Syncing JP225 SL to 60919.86371
[2026-05-06 09:52:26,584] INFO:  >> [SAFE_HANDOVER] Syncing JP225 SL to 60928.66371
[2026-05-06 09:52:26,613] INFO:  >> [SAFE_HANDOVER] Syncing JP225 SL to 60931.16371
[2026-05-06 09:52:26,651] INFO:  >> [SAFE_HANDOVER] Syncing JP225 SL to 60935.46371
[2026-05-06 09:52:26,681] INFO:  >> [SAFE_HANDOVER] Syncing JP225 SL to 60935.46371
[2026-05-06 09:52:26,708] INFO:  >> [SAFE_HANDOVER] Syncing JP225 SL to 60935.46371
[2026-05-06 09:52:26,736] INFO:  >> [SAFE_HANDOVER] Syncing JP225 SL to 60928.46371
[2026-05-06 09:52:26,765] INFO:  >> [SAFE_HANDOVER] Syncing JP225 SL to 60926.06371
[2026-05-06 09:52:26,794] INFO:  >> [SAFE_HANDOVER] Syncing JP225 SL to 60929.96371
[2026-05-06 09:52:26,821] INFO:  >> [SAFE_HANDOVER] Syncing JP225 SL to 60929.86371
[2026-05-06 09:52:26,849] INFO:  >> [SAFE_HANDOVER] Syncing JP225 SL to 60932.56371
[2026-05-06 09:52:26,878] INFO:  >> [SAFE_HANDOVER] Syncing JP225 SL to 60930.86371
[2026-05-06 09:52:26,910] INFO:  >> [SAFE_HANDOVER] Syncing JP225 SL to 60930.86371
[2026-05-06 09:52:26,937] INFO:  >> [SAFE_HANDOVER] Syncing JP225 SL to 60928.56371
[2026-05-06 09:52:26,967] INFO:  >> [SAFE_HANDOVER] Syncing JP225 SL to 60926.16371
[2026-05-06 09:52:26,995] INFO:  >> [SAFE_HANDOVER] Syncing JP225 SL to 60927.96371
[2026-05-06 09:52:27,022] INFO:  >> [SAFE_HANDOVER] Syncing JP225 SL to 60940.06371
[2026-05-06 09:52:27,050] INFO:  >> [SAFE_HANDOVER] Syncing JP225 SL to 60947.56371
[2026-05-06 09:52:27,078] INFO:  >> [SAFE_HANDOVER] Syncing JP225 SL to 60945.06371
[2026-05-06 09:52:27,204] INFO:  >> [HARVESTER] GAMMA is dominating. Scaling in reinforcements...
[2026-05-06 09:52:27,204] ERROR:  !! [HARVESTER_ERR] cannot access local variable 'symbol' where it is not associated with a value
[2026-05-06 09:52:37,420] INFO:  >> [SAFE_HANDOVER] Syncing DE30 SL to 24231.93171
[2026-05-06 09:52:37,431] INFO:  >> [SAFE_HANDOVER] Syncing JP225 SL to 60947.56371
[2026-05-06 09:52:37,562] INFO:  >> [HARVESTER] GAMMA is dominating. Scaling in reinforcements...
[2026-05-06 09:52:37,562] ERROR:  !! [HARVESTER_ERR] cannot access local variable 'symbol' where it is not associated with a value
[2026-05-06 09:52:47,814] INFO:  >> [SAFE_HANDOVER] Syncing DE30 SL to 24231.93171
[2026-05-06 09:52:47,824] INFO:  >> [SAFE_HANDOVER] Syncing JP225 SL to 60950.06371
[2026-05-06 09:52:47,958] INFO:  >> [HARVESTER] GAMMA is dominating. Scaling in reinforcements...
[2026-05-06 09:52:47,960] ERROR:  !! [HARVESTER_ERR] cannot access local variable 'symbol' where it is not associated with a value
[2026-05-06 09:52:58,179] INFO:  >> [SAFE_HANDOVER] Syncing DE30 SL to 24231.93171
[2026-05-06 09:52:58,294] INFO:  >> [HARVESTER] GAMMA is dominating. Scaling in reinforcements...
[2026-05-06 09:52:58,294] ERROR:  !! [HARVESTER_ERR] cannot access local variable 'symbol' where it is not associated with a value
[2026-05-06 09:53:08,546] INFO:  >> [SAFE_HANDOVER] Syncing DE30 SL to 24231.90686
[2026-05-06 09:53:08,582] INFO:  >> [SAFE_HANDOVER] Syncing JP225 SL to 60936.06371
[2026-05-06 09:53:08,816] INFO:  >> [HARVESTER] GAMMA is dominating. Scaling in reinforcements...
[2026-05-06 09:53:08,816] ERROR:  !! [HARVESTER_ERR] cannot access local variable 'symbol' where it is not associated with a value
[2026-05-06 09:53:19,069] INFO:  >> [SAFE_HANDOVER] Syncing DE30 SL to 24231.90686
[2026-05-06 09:53:19,233] INFO:  >> [SAFE_HANDOVER] Syncing JP225 SL to 60931.26371
[2026-05-06 09:53:19,336] INFO:  >> [HARVESTER] GAMMA is dominating. Scaling in reinforcements...
[2026-05-06 09:53:19,336] ERROR:  !! [HARVESTER_ERR] cannot access local variable 'symbol' where it is not associated with a value
[2026-05-06 09:53:29,558] INFO:  >> [SAFE_HANDOVER] Syncing DE30 SL to 24231.90271
[2026-05-06 09:53:29,674] INFO:  >> [HARVESTER] GAMMA is dominating. Scaling in reinforcements...
[2026-05-06 09:53:29,674] ERROR:  !! [HARVESTER_ERR] cannot access local variable 'symbol' where it is not associated with a value
[2026-05-06 09:53:39,893] INFO:  >> [SAFE_HANDOVER] Syncing JP225 SL to 60938.46371
[2026-05-06 09:53:40,033] INFO:  >> [HARVESTER] GAMMA is dominating. Scaling in reinforcements...
[2026-05-06 09:53:40,034] ERROR:  !! [HARVESTER_ERR] cannot access local variable 'symbol' where it is not associated with a value
[2026-05-06 09:53:50,280] INFO:  >> [SAFE_HANDOVER] Syncing JP225 SL to 60937.96371
[2026-05-06 09:53:50,445] INFO:  >> [HARVESTER] GAMMA is dominating. Scaling in reinforcements...
[2026-05-06 09:53:50,445] ERROR:  !! [HARVESTER_ERR] cannot access local variable 'symbol' where it is not associated with a value
[2026-05-06 09:54:00,767] INFO:  >> [HARVESTER] GAMMA is dominating. Scaling in reinforcements...
[2026-05-06 09:54:00,767] ERROR:  !! [HARVESTER_ERR] cannot access local variable 'symbol' where it is not associated with a value
[2026-05-06 09:54:10,981] INFO:  >> [SAFE_HANDOVER] Syncing JP225 SL to 60932.26371
[2026-05-06 09:54:11,120] INFO:  >> [HARVESTER] GAMMA is dominating. Scaling in reinforcements...
[2026-05-06 09:54:11,120] ERROR:  !! [HARVESTER_ERR] cannot access local variable 'symbol' where it is not associated with a value
[2026-05-06 09:54:21,356] INFO:  >> [SAFE_HANDOVER] Syncing JP225 SL to 60928.46371
[2026-05-06 09:54:21,489] INFO:  >> [HARVESTER] GAMMA is dominating. Scaling in reinforcements...
[2026-05-06 09:54:21,489] ERROR:  !! [HARVESTER_ERR] cannot access local variable 'symbol' where it is not associated with a value
[2026-05-06 09:54:31,826] INFO:  >> [HARVESTER] GAMMA is dominating. Scaling in reinforcements...
[2026-05-06 09:54:31,826] ERROR:  !! [HARVESTER_ERR] cannot access local variable 'symbol' where it is not associated with a value
[2026-05-06 09:54:42,076] INFO:  >> [SAFE_HANDOVER] Syncing JP225 SL to 60928.46371
[2026-05-06 09:54:42,211] INFO:  >> [HARVESTER] GAMMA is dominating. Scaling in reinforcements...
[2026-05-06 09:54:42,211] ERROR:  !! [HARVESTER_ERR] cannot access local variable 'symbol' where it is not associated with a value
[2026-05-06 09:54:52,467] INFO:  >> [SAFE_HANDOVER] Syncing JP225 SL to 60929.76371
[2026-05-06 09:54:52,628] INFO:  >> [HARVESTER] GAMMA is dominating. Scaling in reinforcements...
[2026-05-06 09:54:52,628] ERROR:  !! [HARVESTER_ERR] cannot access local variable 'symbol' where it is not associated with a value
[2026-05-06 09:55:02,969] INFO:  >> [HARVESTER] GAMMA is dominating. Scaling in reinforcements...
[2026-05-06 09:55:02,969] ERROR:  !! [HARVESTER_ERR] cannot access local variable 'symbol' where it is not associated with a value
[2026-05-06 09:55:13,206] INFO:  >> [SAFE_HANDOVER] Syncing JP225 SL to 60932.96371
[2026-05-06 09:55:13,338] INFO:  >> [HARVESTER] GAMMA is dominating. Scaling in reinforcements...
[2026-05-06 09:55:13,338] ERROR:  !! [HARVESTER_ERR] cannot access local variable 'symbol' where it is not associated with a value
[2026-05-06 09:55:23,599] INFO:  >> [SAFE_HANDOVER] Syncing JP225 SL to 60935.46371
[2026-05-06 09:55:23,730] INFO:  >> [HARVESTER] GAMMA is dominating. Scaling in reinforcements...
[2026-05-06 09:55:23,730] ERROR:  !! [HARVESTER_ERR] cannot access local variable 'symbol' where it is not associated with a value
[2026-05-06 09:55:34,086] INFO:  >> [HARVESTER] GAMMA is dominating. Scaling in reinforcements...
[2026-05-06 09:55:34,086] ERROR:  !! [HARVESTER_ERR] cannot access local variable 'symbol' where it is not associated with a value
[2026-05-06 09:55:44,335] INFO:  >> [SAFE_HANDOVER] Syncing JP225 SL to 60930.56371
[2026-05-06 09:55:44,467] INFO:  >> [HARVESTER] GAMMA is dominating. Scaling in reinforcements...
[2026-05-06 09:55:44,467] ERROR:  !! [HARVESTER_ERR] cannot access local variable 'symbol' where it is not associated with a value
[2026-05-06 09:55:54,689] INFO:  >> [SAFE_HANDOVER] Syncing JP225 SL to 60932.56371
[2026-05-06 09:55:54,793] INFO:  >> [HARVESTER] GAMMA is dominating. Scaling in reinforcements...
[2026-05-06 09:55:54,793] ERROR:  !! [HARVESTER_ERR] cannot access local variable 'symbol' where it is not associated with a value
[2026-05-06 09:56:05,196] INFO:  >> [SAFE_HANDOVER] Syncing JP225 SL to 60930.66371
[2026-05-06 09:56:05,297] INFO:  >> [HARVESTER] GAMMA is dominating. Scaling in reinforcements...
[2026-05-06 09:56:05,297] ERROR:  !! [HARVESTER_ERR] cannot access local variable 'symbol' where it is not associated with a value
[2026-05-06 09:56:15,530] INFO:  >> [SAFE_HANDOVER] Syncing JP225 SL to 60930.56371
[2026-05-06 09:56:15,632] INFO:  >> [HARVESTER] GAMMA is dominating. Scaling in reinforcements...
[2026-05-06 09:56:15,632] ERROR:  !! [HARVESTER_ERR] cannot access local variable 'symbol' where it is not associated with a value
[2026-05-06 09:56:25,957] INFO:  >> [HARVESTER] GAMMA is dominating. Scaling in reinforcements...
[2026-05-06 09:56:25,957] ERROR:  !! [HARVESTER_ERR] cannot access local variable 'symbol' where it is not associated with a value
[2026-05-06 09:56:36,186] INFO:  >> [SAFE_HANDOVER] Syncing JP225 SL to 60926.36371
[2026-05-06 09:56:36,287] INFO:  >> [HARVESTER] GAMMA is dominating. Scaling in reinforcements...
[2026-05-06 09:56:36,287] ERROR:  !! [HARVESTER_ERR] cannot access local variable 'symbol' where it is not associated with a value
[2026-05-06 09:56:46,520] INFO:  >> [SAFE_HANDOVER] Syncing JP225 SL to 60929.66371
[2026-05-06 09:56:46,632] INFO:  >> [HARVESTER] GAMMA is dominating. Scaling in reinforcements...
[2026-05-06 09:56:46,633] ERROR:  !! [HARVESTER_ERR] cannot access local variable 'symbol' where it is not associated with a value
[2026-05-06 09:56:57,022] INFO:  >> [HARVESTER] GAMMA is dominating. Scaling in reinforcements...
[2026-05-06 09:56:57,022] ERROR:  !! [HARVESTER_ERR] cannot access local variable 'symbol' where it is not associated with a value
[2026-05-06 09:57:07,423] INFO:  >> [SAFE_HANDOVER] Syncing JP225 SL to 60935.76371
[2026-05-06 09:57:07,528] INFO:  >> [HARVESTER] GAMMA is dominating. Scaling in reinforcements...
[2026-05-06 09:57:07,528] ERROR:  !! [HARVESTER_ERR] cannot access local variable 'symbol' where it is not associated with a value
[2026-05-06 09:57:17,752] INFO:  >> [SAFE_HANDOVER] Syncing JP225 SL to 60935.86371
[2026-05-06 09:57:17,856] INFO:  >> [HARVESTER] GAMMA is dominating. Scaling in reinforcements...
[2026-05-06 09:57:17,856] ERROR:  !! [HARVESTER_ERR] cannot access local variable 'symbol' where it is not associated with a value
[2026-05-06 09:57:28,182] INFO:  >> [HARVESTER] GAMMA is dominating. Scaling in reinforcements...
[2026-05-06 09:57:28,182] ERROR:  !! [HARVESTER_ERR] cannot access local variable 'symbol' where it is not associated with a value
[2026-05-06 09:57:38,415] INFO:  >> [SAFE_HANDOVER] Syncing JP225 SL to 60934.96371
[2026-05-06 09:57:38,516] INFO:  >> [HARVESTER] GAMMA is dominating. Scaling in reinforcements...
[2026-05-06 09:57:38,516] ERROR:  !! [HARVESTER_ERR] cannot access local variable 'symbol' where it is not associated with a value
[2026-05-06 09:57:48,940] INFO:  >> [SAFE_HANDOVER] Syncing JP225 SL to 60936.06371
[2026-05-06 09:57:49,048] INFO:  >> [HARVESTER] GAMMA is dominating. Scaling in reinforcements...
[2026-05-06 09:57:49,048] ERROR:  !! [HARVESTER_ERR] cannot access local variable 'symbol' where it is not associated with a value
[2026-05-06 09:57:59,390] INFO:  >> [HARVESTER] GAMMA is dominating. Scaling in reinforcements...
[2026-05-06 09:57:59,390] ERROR:  !! [HARVESTER_ERR] cannot access local variable 'symbol' where it is not associated with a value
[2026-05-06 09:58:09,629] INFO:  >> [SAFE_HANDOVER] Syncing JP225 SL to 60930.06371
[2026-05-06 09:58:09,733] INFO:  >> [HARVESTER] GAMMA is dominating. Scaling in reinforcements...
[2026-05-06 09:58:09,733] ERROR:  !! [HARVESTER_ERR] cannot access local variable 'symbol' where it is not associated with a value
[2026-05-06 09:58:19,963] INFO:  >> [SAFE_HANDOVER] Syncing JP225 SL to 60924.96371
[2026-05-06 09:58:20,066] INFO:  >> [HARVESTER] GAMMA is dominating. Scaling in reinforcements...
[2026-05-06 09:58:20,066] ERROR:  !! [HARVESTER_ERR] cannot access local variable 'symbol' where it is not associated with a value
[2026-05-06 09:58:30,382] INFO:  >> [HARVESTER] GAMMA is dominating. Scaling in reinforcements...
[2026-05-06 09:58:30,382] ERROR:  !! [HARVESTER_ERR] cannot access local variable 'symbol' where it is not associated with a value
[2026-05-06 09:58:40,609] INFO:  >> [SAFE_HANDOVER] Syncing JP225 SL to 60928.46371
[2026-05-06 09:58:40,713] INFO:  >> [HARVESTER] GAMMA is dominating. Scaling in reinforcements...
[2026-05-06 09:58:40,713] ERROR:  !! [HARVESTER_ERR] cannot access local variable 'symbol' where it is not associated with a value
[2026-05-06 09:58:50,946] INFO:  >> [SAFE_HANDOVER] Syncing JP225 SL to 60927.96371
[2026-05-06 09:58:51,052] INFO:  >> [HARVESTER] GAMMA is dominating. Scaling in reinforcements...
[2026-05-06 09:58:51,052] ERROR:  !! [HARVESTER_ERR] cannot access local variable 'symbol' where it is not associated with a value
[2026-05-06 09:59:01,374] INFO:  >> [HARVESTER] GAMMA is dominating. Scaling in reinforcements...
[2026-05-06 09:59:01,374] ERROR:  !! [HARVESTER_ERR] cannot access local variable 'symbol' where it is not associated with a value
[2026-05-06 09:59:11,606] INFO:  >> [SAFE_HANDOVER] Syncing JP225 SL to 60930.66371
[2026-05-06 09:59:11,709] INFO:  >> [HARVESTER] GAMMA is dominating. Scaling in reinforcements...
[2026-05-06 09:59:11,709] ERROR:  !! [HARVESTER_ERR] cannot access local variable 'symbol' where it is not associated with a value
[2026-05-06 09:59:22,016] INFO:  >> [SAFE_HANDOVER] Syncing JP225 SL to 60932.56371
[2026-05-06 09:59:22,171] INFO:  >> [HARVESTER] GAMMA is dominating. Scaling in reinforcements...
[2026-05-06 09:59:22,171] ERROR:  !! [HARVESTER_ERR] cannot access local variable 'symbol' where it is not associated with a value
[2026-05-06 09:59:32,567] INFO:  >> [HARVESTER] GAMMA is dominating. Scaling in reinforcements...
[2026-05-06 09:59:32,567] ERROR:  !! [HARVESTER_ERR] cannot access local variable 'symbol' where it is not associated with a value
[2026-05-06 09:59:42,823] INFO:  >> [SAFE_HANDOVER] Syncing JP225 SL to 60932.56371
[2026-05-06 09:59:43,013] INFO:  >> [HARVESTER] GAMMA is dominating. Scaling in reinforcements...
[2026-05-06 09:59:43,014] ERROR:  !! [HARVESTER_ERR] cannot access local variable 'symbol' where it is not associated with a value
[2026-05-06 09:59:53,237] INFO:  >> [SAFE_HANDOVER] Syncing JP225 SL to 60921.06371
[2026-05-06 09:59:53,379] INFO:  >> [HARVESTER] GAMMA is dominating. Scaling in reinforcements...
[2026-05-06 09:59:53,379] ERROR:  !! [HARVESTER_ERR] cannot access local variable 'symbol' where it is not associated with a value
[2026-05-06 10:00:03,642] INFO:  >> [SAFE_HANDOVER] Syncing DE30 SL to 24235.768
[2026-05-06 10:00:03,678] INFO:  >> [SAFE_HANDOVER] Syncing XAUUSD SL to 4623.36152
[2026-05-06 10:00:03,711] INFO:  >> [SAFE_HANDOVER] Syncing AUDUSD SL to 0.72258
[2026-05-06 10:00:03,746] INFO:  >> [SAFE_HANDOVER] Syncing JP225 SL to 60882.80814
[2026-05-06 10:00:03,774] INFO:  >> [SAFE_HANDOVER] Syncing JP225 SL to 60878.90814
[2026-05-06 10:00:03,803] INFO:  >> [SAFE_HANDOVER] Syncing JP225 SL to 60884.40814
[2026-05-06 10:00:03,838] INFO:  >> [SAFE_HANDOVER] Syncing JP225 SL to 60886.90814
[2026-05-06 10:00:03,870] INFO:  >> [SAFE_HANDOVER] Syncing JP225 SL to 60881.90814
[2026-05-06 10:00:03,904] INFO:  >> [SAFE_HANDOVER] Syncing JP225 SL to 60882.00814
[2026-05-06 10:00:03,933] INFO:  >> [SAFE_HANDOVER] Syncing JP225 SL to 60885.10814
[2026-05-06 10:00:03,961] INFO:  >> [SAFE_HANDOVER] Syncing JP225 SL to 60899.30814
[2026-05-06 10:00:03,990] INFO:  >> [SAFE_HANDOVER] Syncing JP225 SL to 60901.90814
[2026-05-06 10:00:04,023] INFO:  >> [SAFE_HANDOVER] Syncing JP225 SL to 60908.60814
[2026-05-06 10:00:04,052] INFO:  >> [SAFE_HANDOVER] Syncing JP225 SL to 60911.50814
[2026-05-06 10:00:04,082] INFO:  >> [SAFE_HANDOVER] Syncing JP225 SL to 60908.90814
[2026-05-06 10:00:04,111] INFO:  >> [SAFE_HANDOVER] Syncing JP225 SL to 60913.60814
[2026-05-06 10:00:04,140] INFO:  >> [SAFE_HANDOVER] Syncing JP225 SL to 60914.40814
[2026-05-06 10:00:04,169] INFO:  >> [SAFE_HANDOVER] Syncing JP225 SL to 60922.10814
[2026-05-06 10:00:04,198] INFO:  >> [SAFE_HANDOVER] Syncing JP225 SL to 60928.80814
[2026-05-06 10:00:04,227] INFO:  >> [SAFE_HANDOVER] Syncing JP225 SL to 60928.70814
[2026-05-06 10:00:04,257] INFO:  >> [SAFE_HANDOVER] Syncing JP225 SL to 60922.40814
[2026-05-06 10:00:04,285] INFO:  >> [SAFE_HANDOVER] Syncing JP225 SL to 60920.00814
[2026-05-06 10:00:04,314] INFO:  >> [SAFE_HANDOVER] Syncing JP225 SL to 60936.50814
[2026-05-06 10:00:04,350] INFO:  >> [SAFE_HANDOVER] Syncing JP225 SL to 60942.00814
[2026-05-06 10:00:04,383] INFO:  >> [SAFE_HANDOVER] Syncing JP225 SL to 60941.50814
[2026-05-06 10:00:04,411] INFO:  >> [SAFE_HANDOVER] Syncing JP225 SL to 60944.60814
[2026-05-06 10:00:04,438] INFO:  >> [SAFE_HANDOVER] Syncing JP225 SL to 60946.90814
[2026-05-06 10:00:04,474] INFO:  >> [SAFE_HANDOVER] Syncing JP225 SL to 60936.50814
[2026-05-06 10:00:04,502] INFO:  >> [SAFE_HANDOVER] Syncing JP225 SL to 60932.40814
[2026-05-06 10:00:04,532] INFO:  >> [SAFE_HANDOVER] Syncing JP225 SL to 60933.90814
[2026-05-06 10:00:04,560] INFO:  >> [SAFE_HANDOVER] Syncing JP225 SL to 60933.90814
[2026-05-06 10:00:04,589] INFO:  >> [SAFE_HANDOVER] Syncing JP225 SL to 60924.50814
[2026-05-06 10:00:04,617] INFO:  >> [SAFE_HANDOVER] Syncing JP225 SL to 60931.90814
[2026-05-06 10:00:04,645] INFO:  >> [SAFE_HANDOVER] Syncing JP225 SL to 60934.80814
[2026-05-06 10:00:04,673] INFO:  >> [SAFE_HANDOVER] Syncing JP225 SL to 60929.90814
[2026-05-06 10:00:04,703] INFO:  >> [SAFE_HANDOVER] Syncing JP225 SL to 60926.30814
[2026-05-06 10:00:04,731] INFO:  >> [SAFE_HANDOVER] Syncing JP225 SL to 60929.00814
[2026-05-06 10:00:04,759] INFO:  >> [SAFE_HANDOVER] Syncing JP225 SL to 60922.40814
[2026-05-06 10:00:04,787] INFO:  >> [SAFE_HANDOVER] Syncing JP225 SL to 60928.80814
[2026-05-06 10:00:04,816] INFO:  >> [SAFE_HANDOVER] Syncing JP225 SL to 60931.80814
[2026-05-06 10:00:04,844] INFO:  >> [SAFE_HANDOVER] Syncing JP225 SL to 60928.80814
[2026-05-06 10:00:04,873] INFO:  >> [SAFE_HANDOVER] Syncing JP225 SL to 60937.60814
[2026-05-06 10:00:04,901] INFO:  >> [SAFE_HANDOVER] Syncing JP225 SL to 60940.10814
[2026-05-06 10:00:04,930] INFO:  >> [SAFE_HANDOVER] Syncing JP225 SL to 60944.40814
[2026-05-06 10:00:04,958] INFO:  >> [SAFE_HANDOVER] Syncing JP225 SL to 60944.40814
[2026-05-06 10:00:04,989] INFO:  >> [SAFE_HANDOVER] Syncing JP225 SL to 60944.40814
[2026-05-06 10:00:05,018] INFO:  >> [SAFE_HANDOVER] Syncing JP225 SL to 60937.40814
[2026-05-06 10:00:05,045] INFO:  >> [SAFE_HANDOVER] Syncing JP225 SL to 60935.00814
[2026-05-06 10:00:05,075] INFO:  >> [SAFE_HANDOVER] Syncing JP225 SL to 60938.90814
[2026-05-06 10:00:05,103] INFO:  >> [SAFE_HANDOVER] Syncing JP225 SL to 60938.80814
[2026-05-06 10:00:05,132] INFO:  >> [SAFE_HANDOVER] Syncing JP225 SL to 60941.50814
[2026-05-06 10:00:05,161] INFO:  >> [SAFE_HANDOVER] Syncing JP225 SL to 60939.80814
[2026-05-06 10:00:05,194] INFO:  >> [SAFE_HANDOVER] Syncing JP225 SL to 60939.80814
[2026-05-06 10:00:05,223] INFO:  >> [SAFE_HANDOVER] Syncing JP225 SL to 60937.50814
[2026-05-06 10:00:05,251] INFO:  >> [SAFE_HANDOVER] Syncing JP225 SL to 60935.10814
[2026-05-06 10:00:05,279] INFO:  >> [SAFE_HANDOVER] Syncing JP225 SL to 60936.90814
[2026-05-06 10:00:05,308] INFO:  >> [SAFE_HANDOVER] Syncing JP225 SL to 60949.00814
[2026-05-06 10:00:05,338] INFO:  >> [SAFE_HANDOVER] Syncing JP225 SL to 60956.50814
[2026-05-06 10:00:05,366] INFO:  >> [SAFE_HANDOVER] Syncing JP225 SL to 60954.00814
[2026-05-06 10:00:05,394] INFO:  >> [SAFE_HANDOVER] Syncing JP225 SL to 60956.50814
[2026-05-06 10:00:05,421] INFO:  >> [SAFE_HANDOVER] Syncing JP225 SL to 60959.00814
[2026-05-06 10:00:05,450] INFO:  >> [SAFE_HANDOVER] Syncing JP225 SL to 60963.80814
[2026-05-06 10:00:05,485] INFO:  >> [SAFE_HANDOVER] Syncing JP225 SL to 60945.00814
[2026-05-06 10:00:05,513] INFO:  >> [SAFE_HANDOVER] Syncing JP225 SL to 60940.20814
[2026-05-06 10:00:05,542] INFO:  >> [SAFE_HANDOVER] Syncing JP225 SL to 60946.80814
[2026-05-06 10:00:05,571] INFO:  >> [SAFE_HANDOVER] Syncing JP225 SL to 60947.40814
[2026-05-06 10:00:05,618] INFO:  >> [SAFE_HANDOVER] Syncing JP225 SL to 60946.90814
[2026-05-06 10:00:05,647] INFO:  >> [SAFE_HANDOVER] Syncing JP225 SL to 60944.70814
[2026-05-06 10:00:05,675] INFO:  >> [SAFE_HANDOVER] Syncing JP225 SL to 60941.20814
[2026-05-06 10:00:05,703] INFO:  >> [SAFE_HANDOVER] Syncing JP225 SL to 60937.40814
[2026-05-06 10:00:05,731] INFO:  >> [SAFE_HANDOVER] Syncing JP225 SL to 60936.90814
[2026-05-06 10:00:05,760] INFO:  >> [SAFE_HANDOVER] Syncing JP225 SL to 60937.40814
[2026-05-06 10:00:05,790] INFO:  >> [SAFE_HANDOVER] Syncing JP225 SL to 60938.70814
[2026-05-06 10:00:05,818] INFO:  >> [SAFE_HANDOVER] Syncing JP225 SL to 60935.20814
[2026-05-06 10:00:05,845] INFO:  >> [SAFE_HANDOVER] Syncing JP225 SL to 60941.90814
[2026-05-06 10:00:05,874] INFO:  >> [SAFE_HANDOVER] Syncing JP225 SL to 60944.40814
[2026-05-06 10:00:05,902] INFO:  >> [SAFE_HANDOVER] Syncing JP225 SL to 60944.40814
[2026-05-06 10:00:05,930] INFO:  >> [SAFE_HANDOVER] Syncing JP225 SL to 60939.50814
[2026-05-06 10:00:05,957] INFO:  >> [SAFE_HANDOVER] Syncing JP225 SL to 60941.50814
[2026-05-06 10:00:05,986] INFO:  >> [SAFE_HANDOVER] Syncing JP225 SL to 60939.60814
[2026-05-06 10:00:06,015] INFO:  >> [SAFE_HANDOVER] Syncing JP225 SL to 60939.50814
[2026-05-06 10:00:06,044] INFO:  >> [SAFE_HANDOVER] Syncing JP225 SL to 60939.50814
[2026-05-06 10:00:06,072] INFO:  >> [SAFE_HANDOVER] Syncing JP225 SL to 60935.30814
[2026-05-06 10:00:06,100] INFO:  >> [SAFE_HANDOVER] Syncing JP225 SL to 60938.60814
[2026-05-06 10:00:06,129] INFO:  >> [SAFE_HANDOVER] Syncing JP225 SL to 60938.80814
[2026-05-06 10:00:06,159] INFO:  >> [SAFE_HANDOVER] Syncing JP225 SL to 60944.70814
[2026-05-06 10:00:06,187] INFO:  >> [SAFE_HANDOVER] Syncing JP225 SL to 60944.80814
[2026-05-06 10:00:06,221] INFO:  >> [SAFE_HANDOVER] Syncing JP225 SL to 60941.60814
[2026-05-06 10:00:06,250] INFO:  >> [SAFE_HANDOVER] Syncing JP225 SL to 60943.90814
[2026-05-06 10:00:06,278] INFO:  >> [SAFE_HANDOVER] Syncing JP225 SL to 60945.00814
[2026-05-06 10:00:06,306] INFO:  >> [SAFE_HANDOVER] Syncing JP225 SL to 60941.50814
[2026-05-06 10:00:06,337] INFO:  >> [SAFE_HANDOVER] Syncing JP225 SL to 60939.00814
[2026-05-06 10:00:06,373] INFO:  >> [SAFE_HANDOVER] Syncing JP225 SL to 60933.90814
[2026-05-06 10:00:06,402] INFO:  >> [SAFE_HANDOVER] Syncing JP225 SL to 60937.40814
[2026-05-06 10:00:06,430] INFO:  >> [SAFE_HANDOVER] Syncing JP225 SL to 60937.40814
[2026-05-06 10:00:06,461] INFO:  >> [SAFE_HANDOVER] Syncing JP225 SL to 60936.90814
[2026-05-06 10:00:06,489] INFO:  >> [SAFE_HANDOVER] Syncing JP225 SL to 60943.90814
[2026-05-06 10:00:06,522] INFO:  >> [SAFE_HANDOVER] Syncing JP225 SL to 60939.60814
[2026-05-06 10:00:06,551] INFO:  >> [SAFE_HANDOVER] Syncing JP225 SL to 60941.50814
[2026-05-06 10:00:06,578] INFO:  >> [SAFE_HANDOVER] Syncing JP225 SL to 60937.10814
[2026-05-06 10:00:06,607] INFO:  >> [SAFE_HANDOVER] Syncing JP225 SL to 60941.50814
[2026-05-06 10:00:06,635] INFO:  >> [SAFE_HANDOVER] Syncing JP225 SL to 60930.00814
[2026-05-06 10:00:06,664] INFO:  >> [SAFE_HANDOVER] Syncing JP225 SL to 60917.40814
[2026-05-06 10:00:06,849] INFO:  >> [HARVESTER] GAMMA is dominating. Scaling in reinforcements...
[2026-05-06 10:00:06,849] ERROR:  !! [HARVESTER_ERR] cannot access local variable 'symbol' where it is not associated with a value
[2026-05-06 10:00:17,093] INFO:  >> [SAFE_HANDOVER] Syncing JP225 SL to 60924.39386
[2026-05-06 10:00:17,229] INFO:  >> [HARVESTER] GAMMA is dominating. Scaling in reinforcements...
[2026-05-06 10:00:17,229] ERROR:  !! [HARVESTER_ERR] cannot access local variable 'symbol' where it is not associated with a value
[2026-05-06 10:00:27,463] INFO:  >> [SAFE_HANDOVER] Syncing JP225 SL to 60924.311
[2026-05-06 10:00:27,465] INFO:  >> [SAFE_HANDOVER] Syncing JP225 SL to 60938.311
[2026-05-06 10:00:27,599] INFO:  >> [HARVESTER] GAMMA is dominating. Scaling in reinforcements...
[2026-05-06 10:00:27,599] ERROR:  !! [HARVESTER_ERR] cannot access local variable 'symbol' where it is not associated with a value
[2026-05-06 10:00:37,873] INFO:  >> [SAFE_HANDOVER] Syncing JP225 SL to 60924.311
[2026-05-06 10:00:37,874] INFO:  >> [SAFE_HANDOVER] Syncing JP225 SL to 60938.311
[2026-05-06 10:00:37,877] INFO:  >> [SAFE_HANDOVER] Syncing JP225 SL to 60936.311
[2026-05-06 10:00:38,033] INFO:  >> [HARVESTER] GAMMA is dominating. Scaling in reinforcements...
[2026-05-06 10:00:38,033] ERROR:  !! [HARVESTER_ERR] cannot access local variable 'symbol' where it is not associated with a value
[2026-05-06 10:00:48,295] INFO:  >> [SAFE_HANDOVER] Syncing JP225 SL to 60936.79914
[2026-05-06 10:00:48,438] INFO:  >> [HARVESTER] GAMMA is dominating. Scaling in reinforcements...
[2026-05-06 10:00:48,438] ERROR:  !! [HARVESTER_ERR] cannot access local variable 'symbol' where it is not associated with a value
[2026-05-06 10:00:58,843] INFO:  >> [HARVESTER] GAMMA is dominating. Scaling in reinforcements...
[2026-05-06 10:00:58,843] ERROR:  !! [HARVESTER_ERR] cannot access local variable 'symbol' where it is not associated with a value
[2026-05-06 10:01:09,143] INFO:  >> [SAFE_HANDOVER] Syncing JP225 SL to 60933.59914
[2026-05-06 10:01:09,288] INFO:  >> [HARVESTER] GAMMA is dominating. Scaling in reinforcements...
[2026-05-06 10:01:09,288] ERROR:  !! [HARVESTER_ERR] cannot access local variable 'symbol' where it is not associated with a value
[2026-05-06 10:01:19,555] INFO:  >> [SAFE_HANDOVER] Syncing JP225 SL to 60929.29914
[2026-05-06 10:01:19,700] INFO:  >> [HARVESTER] GAMMA is dominating. Scaling in reinforcements...
[2026-05-06 10:01:19,701] ERROR:  !! [HARVESTER_ERR] cannot access local variable 'symbol' where it is not associated with a value
[2026-05-06 10:01:30,128] INFO:  >> [HARVESTER] GAMMA is dominating. Scaling in reinforcements...
[2026-05-06 10:01:30,128] ERROR:  !! [HARVESTER_ERR] cannot access local variable 'symbol' where it is not associated with a value
[2026-05-06 10:01:40,390] INFO:  >> [SAFE_HANDOVER] Syncing JP225 SL to 60938.78257
[2026-05-06 10:01:40,524] INFO:  >> [HARVESTER] GAMMA is dominating. Scaling in reinforcements...
[2026-05-06 10:01:40,526] ERROR:  !! [HARVESTER_ERR] cannot access local variable 'symbol' where it is not associated with a value
[2026-05-06 10:01:50,758] INFO:  >> [SAFE_HANDOVER] Syncing JP225 SL to 60939.608
[2026-05-06 10:01:50,889] INFO:  >> [HARVESTER] GAMMA is dominating. Scaling in reinforcements...
[2026-05-06 10:01:50,889] ERROR:  !! [HARVESTER_ERR] cannot access local variable 'symbol' where it is not associated with a value
[2026-05-06 10:02:01,163] INFO:  >> [SAFE_HANDOVER] Syncing JP225 SL to 60939.608
[2026-05-06 10:02:01,164] INFO:  >> [SAFE_HANDOVER] Syncing JP225 SL to 60941.708
[2026-05-06 10:02:01,271] INFO:  >> [HARVESTER] GAMMA is dominating. Scaling in reinforcements...
[2026-05-06 10:02:01,271] ERROR:  !! [HARVESTER_ERR] cannot access local variable 'symbol' where it is not associated with a value
[2026-05-06 10:02:11,532] INFO:  >> [SAFE_HANDOVER] Syncing JP225 SL to 60939.10443
[2026-05-06 10:02:11,665] INFO:  >> [HARVESTER] GAMMA is dominating. Scaling in reinforcements...
[2026-05-06 10:02:11,665] ERROR:  !! [HARVESTER_ERR] cannot access local variable 'symbol' where it is not associated with a value
[2026-05-06 10:02:21,922] INFO:  >> [SAFE_HANDOVER] Syncing JP225 SL to 60939.10443
[2026-05-06 10:02:21,925] INFO:  >> [SAFE_HANDOVER] Syncing JP225 SL to 60939.80443
[2026-05-06 10:02:22,060] INFO:  >> [HARVESTER] GAMMA is dominating. Scaling in reinforcements...
[2026-05-06 10:02:22,060] ERROR:  !! [HARVESTER_ERR] cannot access local variable 'symbol' where it is not associated with a value
[2026-05-06 10:02:32,309] INFO:  >> [SAFE_HANDOVER] Syncing DE30 SL to 24247.72586
[2026-05-06 10:02:32,337] INFO:  >> [SAFE_HANDOVER] Syncing XAUUSD SL to 4626.63637
[2026-05-06 10:02:32,366] INFO:  >> [SAFE_HANDOVER] Syncing AUDUSD SL to 0.72276
[2026-05-06 10:02:32,394] INFO:  >> [SAFE_HANDOVER] Syncing JP225 SL to 60923.52014
[2026-05-06 10:02:32,422] INFO:  >> [SAFE_HANDOVER] Syncing JP225 SL to 60919.62014
[2026-05-06 10:02:32,450] INFO:  >> [SAFE_HANDOVER] Syncing JP225 SL to 60925.12014
[2026-05-06 10:02:32,477] INFO:  >> [SAFE_HANDOVER] Syncing JP225 SL to 60927.62014
[2026-05-06 10:02:32,508] INFO:  >> [SAFE_HANDOVER] Syncing JP225 SL to 60922.62014
[2026-05-06 10:02:32,535] INFO:  >> [SAFE_HANDOVER] Syncing JP225 SL to 60922.72014
[2026-05-06 10:02:32,564] INFO:  >> [SAFE_HANDOVER] Syncing JP225 SL to 60925.82014
[2026-05-06 10:02:32,592] INFO:  >> [SAFE_HANDOVER] Syncing JP225 SL to 60940.02014
[2026-05-06 10:02:32,620] INFO:  >> [SAFE_HANDOVER] Syncing JP225 SL to 60942.62014
[2026-05-06 10:02:32,650] INFO:  >> [SAFE_HANDOVER] Syncing JP225 SL to 60949.32014
[2026-05-06 10:02:32,679] INFO:  >> [SAFE_HANDOVER] Syncing JP225 SL to 60952.22014
[2026-05-06 10:02:32,707] INFO:  >> [SAFE_HANDOVER] Syncing JP225 SL to 60949.62014
[2026-05-06 10:02:32,736] INFO:  >> [SAFE_HANDOVER] Syncing JP225 SL to 60954.32014
[2026-05-06 10:02:32,764] INFO:  >> [SAFE_HANDOVER] Syncing JP225 SL to 60955.12014
[2026-05-06 10:02:32,794] INFO:  >> [SAFE_HANDOVER] Syncing JP225 SL to 60962.82014
[2026-05-06 10:02:32,822] INFO:  >> [SAFE_HANDOVER] Syncing JP225 SL to 60969.52014
[2026-05-06 10:02:32,850] INFO:  >> [SAFE_HANDOVER] Syncing JP225 SL to 60969.42014
[2026-05-06 10:02:32,878] INFO:  >> [SAFE_HANDOVER] Syncing JP225 SL to 60963.12014
[2026-05-06 10:02:32,906] INFO:  >> [SAFE_HANDOVER] Syncing JP225 SL to 60960.72014
[2026-05-06 10:02:32,935] INFO:  >> [SAFE_HANDOVER] Syncing JP225 SL to 60977.22014
[2026-05-06 10:02:32,963] INFO:  >> [SAFE_HANDOVER] Syncing JP225 SL to 60982.72014
[2026-05-06 10:02:32,990] INFO:  >> [SAFE_HANDOVER] Syncing JP225 SL to 60982.22014
[2026-05-06 10:02:33,020] INFO:  >> [SAFE_HANDOVER] Syncing JP225 SL to 60985.32014
[2026-05-06 10:02:33,050] INFO:  >> [SAFE_HANDOVER] Syncing JP225 SL to 60987.62014
[2026-05-06 10:02:33,078] INFO:  >> [SAFE_HANDOVER] Syncing JP225 SL to 60977.22014
[2026-05-06 10:02:33,116] INFO:  >> [SAFE_HANDOVER] Syncing JP225 SL to 60973.12014
[2026-05-06 10:02:33,144] INFO:  >> [SAFE_HANDOVER] Syncing JP225 SL to 60974.62014
[2026-05-06 10:02:33,172] INFO:  >> [SAFE_HANDOVER] Syncing JP225 SL to 60974.62014
[2026-05-06 10:02:33,201] INFO:  >> [SAFE_HANDOVER] Syncing JP225 SL to 60965.22014
[2026-05-06 10:02:33,237] INFO:  >> [SAFE_HANDOVER] Syncing JP225 SL to 60972.62014
[2026-05-06 10:02:33,265] INFO:  >> [SAFE_HANDOVER] Syncing JP225 SL to 60975.52014
[2026-05-06 10:02:33,293] INFO:  >> [SAFE_HANDOVER] Syncing JP225 SL to 60970.62014
[2026-05-06 10:02:33,321] INFO:  >> [SAFE_HANDOVER] Syncing JP225 SL to 60967.02014
[2026-05-06 10:02:33,349] INFO:  >> [SAFE_HANDOVER] Syncing JP225 SL to 60969.72014
[2026-05-06 10:02:33,377] INFO:  >> [SAFE_HANDOVER] Syncing JP225 SL to 60963.12014
[2026-05-06 10:02:33,404] INFO:  >> [SAFE_HANDOVER] Syncing JP225 SL to 60969.52014
[2026-05-06 10:02:33,434] INFO:  >> [SAFE_HANDOVER] Syncing JP225 SL to 60972.52014
[2026-05-06 10:02:33,463] INFO:  >> [SAFE_HANDOVER] Syncing JP225 SL to 60969.52014
[2026-05-06 10:02:33,491] INFO:  >> [SAFE_HANDOVER] Syncing JP225 SL to 60978.32014
[2026-05-06 10:02:33,530] INFO:  >> [SAFE_HANDOVER] Syncing JP225 SL to 60980.82014
[2026-05-06 10:02:33,562] INFO:  >> [SAFE_HANDOVER] Syncing JP225 SL to 60985.12014
[2026-05-06 10:02:33,589] INFO:  >> [SAFE_HANDOVER] Syncing JP225 SL to 60985.12014
[2026-05-06 10:02:33,617] INFO:  >> [SAFE_HANDOVER] Syncing JP225 SL to 60985.12014
[2026-05-06 10:02:33,647] INFO:  >> [SAFE_HANDOVER] Syncing JP225 SL to 60978.12014
[2026-05-06 10:02:33,675] INFO:  >> [SAFE_HANDOVER] Syncing JP225 SL to 60975.72014
[2026-05-06 10:02:33,703] INFO:  >> [SAFE_HANDOVER] Syncing JP225 SL to 60979.62014
[2026-05-06 10:02:33,730] INFO:  >> [SAFE_HANDOVER] Syncing JP225 SL to 60979.52014
[2026-05-06 10:02:33,758] INFO:  >> [SAFE_HANDOVER] Syncing JP225 SL to 60982.22014
[2026-05-06 10:02:33,787] INFO:  >> [SAFE_HANDOVER] Syncing JP225 SL to 60980.52014
[2026-05-06 10:02:33,816] INFO:  >> [SAFE_HANDOVER] Syncing JP225 SL to 60980.52014
[2026-05-06 10:02:33,843] INFO:  >> [SAFE_HANDOVER] Syncing JP225 SL to 60978.22014
[2026-05-06 10:02:33,871] INFO:  >> [SAFE_HANDOVER] Syncing JP225 SL to 60975.82014
[2026-05-06 10:02:33,902] INFO:  >> [SAFE_HANDOVER] Syncing JP225 SL to 60977.62014
[2026-05-06 10:02:33,929] INFO:  >> [SAFE_HANDOVER] Syncing JP225 SL to 60989.72014
[2026-05-06 10:02:33,958] INFO:  >> [SAFE_HANDOVER] Syncing JP225 SL to 60997.22014
[2026-05-06 10:02:33,987] INFO:  >> [SAFE_HANDOVER] Syncing JP225 SL to 60994.72014
[2026-05-06 10:02:34,017] INFO:  >> [SAFE_HANDOVER] Syncing JP225 SL to 60997.22014
[2026-05-06 10:02:34,045] INFO:  >> [SAFE_HANDOVER] Syncing JP225 SL to 60999.72014
[2026-05-06 10:02:34,074] INFO:  >> [SAFE_HANDOVER] Syncing JP225 SL to 61004.52014
[2026-05-06 10:02:34,104] INFO:  >> [SAFE_HANDOVER] Syncing JP225 SL to 60985.72014
[2026-05-06 10:02:34,132] INFO:  >> [SAFE_HANDOVER] Syncing JP225 SL to 60980.92014
[2026-05-06 10:02:34,160] INFO:  >> [SAFE_HANDOVER] Syncing JP225 SL to 60987.52014
[2026-05-06 10:02:34,189] INFO:  >> [SAFE_HANDOVER] Syncing JP225 SL to 60988.12014
[2026-05-06 10:02:34,217] INFO:  >> [SAFE_HANDOVER] Syncing JP225 SL to 60987.62014
[2026-05-06 10:02:34,250] INFO:  >> [SAFE_HANDOVER] Syncing JP225 SL to 60985.42014
[2026-05-06 10:02:34,278] INFO:  >> [SAFE_HANDOVER] Syncing JP225 SL to 60981.92014
[2026-05-06 10:02:34,306] INFO:  >> [SAFE_HANDOVER] Syncing JP225 SL to 60978.12014
[2026-05-06 10:02:34,335] INFO:  >> [SAFE_HANDOVER] Syncing JP225 SL to 60977.62014
[2026-05-06 10:02:34,364] INFO:  >> [SAFE_HANDOVER] Syncing JP225 SL to 60978.12014
[2026-05-06 10:02:34,393] INFO:  >> [SAFE_HANDOVER] Syncing JP225 SL to 60979.42014
[2026-05-06 10:02:34,421] INFO:  >> [SAFE_HANDOVER] Syncing JP225 SL to 60975.92014
[2026-05-06 10:02:34,454] INFO:  >> [SAFE_HANDOVER] Syncing JP225 SL to 60982.62014
[2026-05-06 10:02:34,485] INFO:  >> [SAFE_HANDOVER] Syncing JP225 SL to 60985.12014
[2026-05-06 10:02:34,513] INFO:  >> [SAFE_HANDOVER] Syncing JP225 SL to 60985.12014
[2026-05-06 10:02:34,541] INFO:  >> [SAFE_HANDOVER] Syncing JP225 SL to 60980.22014
[2026-05-06 10:02:34,571] INFO:  >> [SAFE_HANDOVER] Syncing JP225 SL to 60982.22014
[2026-05-06 10:02:34,599] INFO:  >> [SAFE_HANDOVER] Syncing JP225 SL to 60980.32014
[2026-05-06 10:02:34,627] INFO:  >> [SAFE_HANDOVER] Syncing JP225 SL to 60980.22014
[2026-05-06 10:02:34,654] INFO:  >> [SAFE_HANDOVER] Syncing JP225 SL to 60980.22014
[2026-05-06 10:02:34,683] INFO:  >> [SAFE_HANDOVER] Syncing JP225 SL to 60976.02014
[2026-05-06 10:02:34,711] INFO:  >> [SAFE_HANDOVER] Syncing JP225 SL to 60979.32014
[2026-05-06 10:02:34,738] INFO:  >> [SAFE_HANDOVER] Syncing JP225 SL to 60979.52014
[2026-05-06 10:02:34,767] INFO:  >> [SAFE_HANDOVER] Syncing JP225 SL to 60985.42014
[2026-05-06 10:02:34,795] INFO:  >> [SAFE_HANDOVER] Syncing JP225 SL to 60985.52014
[2026-05-06 10:02:34,823] INFO:  >> [SAFE_HANDOVER] Syncing JP225 SL to 60982.32014
[2026-05-06 10:02:34,853] INFO:  >> [SAFE_HANDOVER] Syncing JP225 SL to 60984.62014
[2026-05-06 10:02:34,883] INFO:  >> [SAFE_HANDOVER] Syncing JP225 SL to 60985.72014
[2026-05-06 10:02:34,911] INFO:  >> [SAFE_HANDOVER] Syncing JP225 SL to 60982.22014
[2026-05-06 10:02:34,938] INFO:  >> [SAFE_HANDOVER] Syncing JP225 SL to 60979.72014
[2026-05-06 10:02:34,967] INFO:  >> [SAFE_HANDOVER] Syncing JP225 SL to 60974.62014
[2026-05-06 10:02:34,999] INFO:  >> [SAFE_HANDOVER] Syncing JP225 SL to 60978.12014
[2026-05-06 10:02:35,027] INFO:  >> [SAFE_HANDOVER] Syncing JP225 SL to 60978.12014
[2026-05-06 10:02:35,055] INFO:  >> [SAFE_HANDOVER] Syncing JP225 SL to 60977.62014
[2026-05-06 10:02:35,083] INFO:  >> [SAFE_HANDOVER] Syncing JP225 SL to 60984.62014
[2026-05-06 10:02:35,111] INFO:  >> [SAFE_HANDOVER] Syncing JP225 SL to 60980.32014
[2026-05-06 10:02:35,139] INFO:  >> [SAFE_HANDOVER] Syncing JP225 SL to 60982.22014
[2026-05-06 10:02:35,195] INFO:  >> [SAFE_HANDOVER] Syncing JP225 SL to 60977.82014
[2026-05-06 10:02:35,226] INFO:  >> [SAFE_HANDOVER] Syncing JP225 SL to 60982.22014
[2026-05-06 10:02:35,267] INFO:  >> [SAFE_HANDOVER] Syncing JP225 SL to 60970.72014
[2026-05-06 10:02:35,296] INFO:  >> [SAFE_HANDOVER] Syncing JP225 SL to 60958.12014
[2026-05-06 10:02:35,328] INFO:  >> [SAFE_HANDOVER] Syncing JP225 SL to 60965.52014
[2026-05-06 10:02:35,356] INFO:  >> [SAFE_HANDOVER] Syncing JP225 SL to 60979.52014
[2026-05-06 10:02:35,385] INFO:  >> [SAFE_HANDOVER] Syncing JP225 SL to 60977.52014
[2026-05-06 10:02:35,415] INFO:  >> [SAFE_HANDOVER] Syncing JP225 SL to 60978.12014
[2026-05-06 10:02:35,443] INFO:  >> [SAFE_HANDOVER] Syncing JP225 SL to 60982.22014
[2026-05-06 10:02:35,472] INFO:  >> [SAFE_HANDOVER] Syncing JP225 SL to 60974.92014
[2026-05-06 10:02:35,500] INFO:  >> [SAFE_HANDOVER] Syncing JP225 SL to 60970.62014
[2026-05-06 10:02:35,529] INFO:  >> [SAFE_HANDOVER] Syncing JP225 SL to 60975.72014
[2026-05-06 10:02:35,556] INFO:  >> [SAFE_HANDOVER] Syncing JP225 SL to 60980.12014
[2026-05-06 10:02:35,585] INFO:  >> [SAFE_HANDOVER] Syncing JP225 SL to 60981.02014
[2026-05-06 10:02:35,616] INFO:  >> [SAFE_HANDOVER] Syncing JP225 SL to 60983.12014
[2026-05-06 10:02:35,644] INFO:  >> [SAFE_HANDOVER] Syncing JP225 SL to 60980.62014
[2026-05-06 10:02:35,684] INFO:  >> [SAFE_HANDOVER] Syncing JP225 SL to 60981.32014
[2026-05-06 10:02:35,719] INFO:  >> [SAFE_HANDOVER] Syncing JP225 SL to 60978.02014
[2026-05-06 10:02:35,832] INFO:  >> [HARVESTER] GAMMA is dominating. Scaling in reinforcements...
[2026-05-06 10:02:35,832] ERROR:  !! [HARVESTER_ERR] cannot access local variable 'symbol' where it is not associated with a value
[2026-05-06 10:02:46,091] INFO:  >> [SAFE_HANDOVER] Syncing DE30 SL to 24247.72586
[2026-05-06 10:02:46,092] INFO:  >> [SAFE_HANDOVER] Syncing XAUUSD SL to 4626.63637
[2026-05-06 10:02:46,223] INFO:  >> [HARVESTER] GAMMA is dominating. Scaling in reinforcements...
[2026-05-06 10:02:46,224] ERROR:  !! [HARVESTER_ERR] cannot access local variable 'symbol' where it is not associated with a value
[2026-05-06 10:02:56,453] INFO:  >> [SAFE_HANDOVER] Syncing DE30 SL to 24247.72586
[2026-05-06 10:02:56,576] INFO:  >> [HARVESTER] GAMMA is dominating. Scaling in reinforcements...
[2026-05-06 10:02:56,576] ERROR:  !! [HARVESTER_ERR] cannot access local variable 'symbol' where it is not associated with a value
[2026-05-06 10:03:06,962] INFO:  >> [HARVESTER] GAMMA is dominating. Scaling in reinforcements...
[2026-05-06 10:03:06,962] ERROR:  !! [HARVESTER_ERR] cannot access local variable 'symbol' where it is not associated with a value
[2026-05-06 10:03:17,303] INFO:  >> [HARVESTER] GAMMA is dominating. Scaling in reinforcements...
[2026-05-06 10:03:17,303] ERROR:  !! [HARVESTER_ERR] cannot access local variable 'symbol' where it is not associated with a value
[2026-05-06 10:03:27,665] INFO:  >> [HARVESTER] GAMMA is dominating. Scaling in reinforcements...
[2026-05-06 10:03:27,665] ERROR:  !! [HARVESTER_ERR] cannot access local variable 'symbol' where it is not associated with a value
[2026-05-06 10:03:38,033] INFO:  >> [HARVESTER] GAMMA is dominating. Scaling in reinforcements...
[2026-05-06 10:03:38,033] ERROR:  !! [HARVESTER_ERR] cannot access local variable 'symbol' where it is not associated with a value
[2026-05-06 10:03:48,466] INFO:  >> [HARVESTER] GAMMA is dominating. Scaling in reinforcements...
[2026-05-06 10:03:48,466] ERROR:  !! [HARVESTER_ERR] cannot access local variable 'symbol' where it is not associated with a value
[2026-05-06 10:03:58,821] INFO:  >> [HARVESTER] GAMMA is dominating. Scaling in reinforcements...
[2026-05-06 10:03:58,821] ERROR:  !! [HARVESTER_ERR] cannot access local variable 'symbol' where it is not associated with a value
[2026-05-06 10:04:09,164] INFO:  >> [HARVESTER] GAMMA is dominating. Scaling in reinforcements...
[2026-05-06 10:04:09,164] ERROR:  !! [HARVESTER_ERR] cannot access local variable 'symbol' where it is not associated with a value
[2026-05-06 10:04:19,503] INFO:  >> [HARVESTER] GAMMA is dominating. Scaling in reinforcements...
[2026-05-06 10:04:19,503] ERROR:  !! [HARVESTER_ERR] cannot access local variable 'symbol' where it is not associated with a value
[2026-05-06 10:04:29,865] INFO:  >> [HARVESTER] GAMMA is dominating. Scaling in reinforcements...
[2026-05-06 10:04:29,865] ERROR:  !! [HARVESTER_ERR] cannot access local variable 'symbol' where it is not associated with a value
[2026-05-06 10:04:40,226] INFO:  >> [HARVESTER] GAMMA is dominating. Scaling in reinforcements...
[2026-05-06 10:04:40,226] ERROR:  !! [HARVESTER_ERR] cannot access local variable 'symbol' where it is not associated with a value
[2026-05-06 10:04:50,561] INFO:  >> [HARVESTER] GAMMA is dominating. Scaling in reinforcements...
[2026-05-06 10:04:50,561] ERROR:  !! [HARVESTER_ERR] cannot access local variable 'symbol' where it is not associated with a value
[2026-05-06 10:05:00,901] INFO:  >> [HARVESTER] GAMMA is dominating. Scaling in reinforcements...
[2026-05-06 10:05:00,901] ERROR:  !! [HARVESTER_ERR] cannot access local variable 'symbol' where it is not associated with a value
[2026-05-06 10:05:11,236] INFO:  >> [HARVESTER] GAMMA is dominating. Scaling in reinforcements...
[2026-05-06 10:05:11,236] ERROR:  !! [HARVESTER_ERR] cannot access local variable 'symbol' where it is not associated with a value
[2026-05-06 10:05:21,577] INFO:  >> [HARVESTER] GAMMA is dominating. Scaling in reinforcements...
[2026-05-06 10:05:21,578] ERROR:  !! [HARVESTER_ERR] cannot access local variable 'symbol' where it is not associated with a value
[2026-05-06 10:05:31,906] INFO:  >> [HARVESTER] GAMMA is dominating. Scaling in reinforcements...
[2026-05-06 10:05:31,906] ERROR:  !! [HARVESTER_ERR] cannot access local variable 'symbol' where it is not associated with a value
[2026-05-06 10:05:42,232] INFO:  >> [HARVESTER] GAMMA is dominating. Scaling in reinforcements...
[2026-05-06 10:05:42,232] ERROR:  !! [HARVESTER_ERR] cannot access local variable 'symbol' where it is not associated with a value
[2026-05-06 10:05:52,570] INFO:  >> [HARVESTER] GAMMA is dominating. Scaling in reinforcements...
[2026-05-06 10:05:52,570] ERROR:  !! [HARVESTER_ERR] cannot access local variable 'symbol' where it is not associated with a value
[2026-05-06 10:06:02,911] INFO:  >> [HARVESTER] GAMMA is dominating. Scaling in reinforcements...
[2026-05-06 10:06:02,911] ERROR:  !! [HARVESTER_ERR] cannot access local variable 'symbol' where it is not associated with a value
[2026-05-06 10:06:13,273] INFO:  >> [HARVESTER] GAMMA is dominating. Scaling in reinforcements...
[2026-05-06 10:06:13,273] ERROR:  !! [HARVESTER_ERR] cannot access local variable 'symbol' where it is not associated with a value
[2026-05-06 10:06:23,595] INFO:  >> [HARVESTER] GAMMA is dominating. Scaling in reinforcements...
[2026-05-06 10:06:23,596] ERROR:  !! [HARVESTER_ERR] cannot access local variable 'symbol' where it is not associated with a value
[2026-05-06 10:06:33,992] INFO:  >> [HARVESTER] GAMMA is dominating. Scaling in reinforcements...
[2026-05-06 10:06:33,992] ERROR:  !! [HARVESTER_ERR] cannot access local variable 'symbol' where it is not associated with a value
[2026-05-06 10:06:44,391] INFO:  >> [HARVESTER] GAMMA is dominating. Scaling in reinforcements...
[2026-05-06 10:06:44,391] ERROR:  !! [HARVESTER_ERR] cannot access local variable 'symbol' where it is not associated with a value
[2026-05-06 10:06:54,759] INFO:  >> [HARVESTER] GAMMA is dominating. Scaling in reinforcements...
[2026-05-06 10:06:54,759] ERROR:  !! [HARVESTER_ERR] cannot access local variable 'symbol' where it is not associated with a value
[2026-05-06 10:07:05,123] INFO:  >> [HARVESTER] GAMMA is dominating. Scaling in reinforcements...
[2026-05-06 10:07:05,125] ERROR:  !! [HARVESTER_ERR] cannot access local variable 'symbol' where it is not associated with a value
[2026-05-06 10:07:15,469] INFO:  >> [HARVESTER] GAMMA is dominating. Scaling in reinforcements...
[2026-05-06 10:07:15,469] ERROR:  !! [HARVESTER_ERR] cannot access local variable 'symbol' where it is not associated with a value
[2026-05-06 10:07:25,856] INFO:  >> [HARVESTER] GAMMA is dominating. Scaling in reinforcements...
[2026-05-06 10:07:25,857] ERROR:  !! [HARVESTER_ERR] cannot access local variable 'symbol' where it is not associated with a value
[2026-05-06 10:07:36,189] INFO:  >> [HARVESTER] GAMMA is dominating. Scaling in reinforcements...
[2026-05-06 10:07:36,189] ERROR:  !! [HARVESTER_ERR] cannot access local variable 'symbol' where it is not associated with a value
[2026-05-06 10:07:46,515] INFO:  >> [HARVESTER] GAMMA is dominating. Scaling in reinforcements...
[2026-05-06 10:07:46,516] ERROR:  !! [HARVESTER_ERR] cannot access local variable 'symbol' where it is not associated with a value
[2026-05-06 10:07:56,832] INFO:  >> [HARVESTER] GAMMA is dominating. Scaling in reinforcements...
[2026-05-06 10:07:56,832] ERROR:  !! [HARVESTER_ERR] cannot access local variable 'symbol' where it is not associated with a value
[2026-05-06 10:08:07,207] INFO:  >> [HARVESTER] GAMMA is dominating. Scaling in reinforcements...
[2026-05-06 10:08:07,207] ERROR:  !! [HARVESTER_ERR] cannot access local variable 'symbol' where it is not associated with a value
[2026-05-06 10:08:17,576] INFO:  >> [HARVESTER] GAMMA is dominating. Scaling in reinforcements...
[2026-05-06 10:08:17,576] ERROR:  !! [HARVESTER_ERR] cannot access local variable 'symbol' where it is not associated with a value
[2026-05-06 10:08:27,902] INFO:  >> [HARVESTER] GAMMA is dominating. Scaling in reinforcements...
[2026-05-06 10:08:27,903] ERROR:  !! [HARVESTER_ERR] cannot access local variable 'symbol' where it is not associated with a value
[2026-05-06 10:08:38,257] INFO:  >> [HARVESTER] GAMMA is dominating. Scaling in reinforcements...
[2026-05-06 10:08:38,257] ERROR:  !! [HARVESTER_ERR] cannot access local variable 'symbol' where it is not associated with a value
[2026-05-06 10:08:48,585] INFO:  >> [HARVESTER] GAMMA is dominating. Scaling in reinforcements...
[2026-05-06 10:08:48,585] ERROR:  !! [HARVESTER_ERR] cannot access local variable 'symbol' where it is not associated with a value
[2026-05-06 10:08:58,947] INFO:  >> [HARVESTER] GAMMA is dominating. Scaling in reinforcements...
[2026-05-06 10:08:58,947] ERROR:  !! [HARVESTER_ERR] cannot access local variable 'symbol' where it is not associated with a value
[2026-05-06 10:09:09,277] INFO:  >> [HARVESTER] GAMMA is dominating. Scaling in reinforcements...
[2026-05-06 10:09:09,277] ERROR:  !! [HARVESTER_ERR] cannot access local variable 'symbol' where it is not associated with a value
[2026-05-06 10:09:19,632] INFO:  >> [HARVESTER] GAMMA is dominating. Scaling in reinforcements...
[2026-05-06 10:09:19,632] ERROR:  !! [HARVESTER_ERR] cannot access local variable 'symbol' where it is not associated with a value
[2026-05-06 10:09:29,954] INFO:  >> [HARVESTER] GAMMA is dominating. Scaling in reinforcements...
[2026-05-06 10:09:29,955] ERROR:  !! [HARVESTER_ERR] cannot access local variable 'symbol' where it is not associated with a value
[2026-05-06 10:09:40,276] INFO:  >> [HARVESTER] GAMMA is dominating. Scaling in reinforcements...
[2026-05-06 10:09:40,276] ERROR:  !! [HARVESTER_ERR] cannot access local variable 'symbol' where it is not associated with a value
[2026-05-06 10:09:50,626] INFO:  >> [HARVESTER] GAMMA is dominating. Scaling in reinforcements...
[2026-05-06 10:09:50,626] ERROR:  !! [HARVESTER_ERR] cannot access local variable 'symbol' where it is not associated with a value
[2026-05-06 10:10:01,032] INFO:  >> [HARVESTER] GAMMA is dominating. Scaling in reinforcements...
[2026-05-06 10:10:01,032] ERROR:  !! [HARVESTER_ERR] cannot access local variable 'symbol' where it is not associated with a value
[2026-05-06 10:10:11,358] INFO:  >> [HARVESTER] GAMMA is dominating. Scaling in reinforcements...
[2026-05-06 10:10:11,359] ERROR:  !! [HARVESTER_ERR] cannot access local variable 'symbol' where it is not associated with a value
[2026-05-06 10:10:21,693] INFO:  >> [HARVESTER] GAMMA is dominating. Scaling in reinforcements...
[2026-05-06 10:10:21,694] ERROR:  !! [HARVESTER_ERR] cannot access local variable 'symbol' where it is not associated with a value
[2026-05-06 10:10:32,059] INFO:  >> [HARVESTER] GAMMA is dominating. Scaling in reinforcements...
[2026-05-06 10:10:32,059] ERROR:  !! [HARVESTER_ERR] cannot access local variable 'symbol' where it is not associated with a value
[2026-05-06 10:10:42,423] INFO:  >> [HARVESTER] GAMMA is dominating. Scaling in reinforcements...
[2026-05-06 10:10:42,423] ERROR:  !! [HARVESTER_ERR] cannot access local variable 'symbol' where it is not associated with a value
[2026-05-06 10:10:52,762] INFO:  >> [HARVESTER] GAMMA is dominating. Scaling in reinforcements...
[2026-05-06 10:10:52,762] ERROR:  !! [HARVESTER_ERR] cannot access local variable 'symbol' where it is not associated with a value
[2026-05-06 10:11:03,170] INFO:  >> [HARVESTER] GAMMA is dominating. Scaling in reinforcements...
[2026-05-06 10:11:03,171] ERROR:  !! [HARVESTER_ERR] cannot access local variable 'symbol' where it is not associated with a value
[2026-05-06 10:11:13,561] INFO:  >> [HARVESTER] GAMMA is dominating. Scaling in reinforcements...
[2026-05-06 10:11:13,561] ERROR:  !! [HARVESTER_ERR] cannot access local variable 'symbol' where it is not associated with a value
[2026-05-06 10:11:23,986] INFO:  >> [HARVESTER] GAMMA is dominating. Scaling in reinforcements...
[2026-05-06 10:11:23,986] ERROR:  !! [HARVESTER_ERR] cannot access local variable 'symbol' where it is not associated with a value
[2026-05-06 10:11:34,310] INFO:  >> [HARVESTER] GAMMA is dominating. Scaling in reinforcements...
[2026-05-06 10:11:34,310] ERROR:  !! [HARVESTER_ERR] cannot access local variable 'symbol' where it is not associated with a value
[2026-05-06 10:11:44,681] INFO:  >> [HARVESTER] GAMMA is dominating. Scaling in reinforcements...
[2026-05-06 10:11:44,682] ERROR:  !! [HARVESTER_ERR] cannot access local variable 'symbol' where it is not associated with a value
[2026-05-06 10:11:55,199] INFO:  >> [HARVESTER] GAMMA is dominating. Scaling in reinforcements...
[2026-05-06 10:11:55,200] ERROR:  !! [HARVESTER_ERR] cannot access local variable 'symbol' where it is not associated with a value
[2026-05-06 10:12:05,549] INFO:  >> [HARVESTER] GAMMA is dominating. Scaling in reinforcements...
[2026-05-06 10:12:05,549] ERROR:  !! [HARVESTER_ERR] cannot access local variable 'symbol' where it is not associated with a value
[2026-05-06 10:12:15,873] INFO:  >> [HARVESTER] GAMMA is dominating. Scaling in reinforcements...
[2026-05-06 10:12:15,873] ERROR:  !! [HARVESTER_ERR] cannot access local variable 'symbol' where it is not associated with a value
[2026-05-06 10:12:26,205] INFO:  >> [HARVESTER] GAMMA is dominating. Scaling in reinforcements...
[2026-05-06 10:12:26,205] ERROR:  !! [HARVESTER_ERR] cannot access local variable 'symbol' where it is not associated with a value
[2026-05-06 10:12:36,581] INFO:  >> [HARVESTER] GAMMA is dominating. Scaling in reinforcements...
[2026-05-06 10:12:36,581] ERROR:  !! [HARVESTER_ERR] cannot access local variable 'symbol' where it is not associated with a value
[2026-05-06 10:12:46,956] INFO:  >> [HARVESTER] GAMMA is dominating. Scaling in reinforcements...
[2026-05-06 10:12:46,956] ERROR:  !! [HARVESTER_ERR] cannot access local variable 'symbol' where it is not associated with a value
[2026-05-06 10:12:57,333] INFO:  >> [HARVESTER] GAMMA is dominating. Scaling in reinforcements...
[2026-05-06 10:12:57,333] ERROR:  !! [HARVESTER_ERR] cannot access local variable 'symbol' where it is not associated with a value
[2026-05-06 10:13:07,722] INFO:  >> [HARVESTER] GAMMA is dominating. Scaling in reinforcements...
[2026-05-06 10:13:07,724] ERROR:  !! [HARVESTER_ERR] cannot access local variable 'symbol' where it is not associated with a value
[2026-05-06 10:13:18,122] INFO:  >> [HARVESTER] GAMMA is dominating. Scaling in reinforcements...
[2026-05-06 10:13:18,122] ERROR:  !! [HARVESTER_ERR] cannot access local variable 'symbol' where it is not associated with a value
[2026-05-06 10:13:28,476] INFO:  >> [HARVESTER] GAMMA is dominating. Scaling in reinforcements...
[2026-05-06 10:13:28,476] ERROR:  !! [HARVESTER_ERR] cannot access local variable 'symbol' where it is not associated with a value
[2026-05-06 10:13:38,843] INFO:  >> [HARVESTER] GAMMA is dominating. Scaling in reinforcements...
[2026-05-06 10:13:38,844] ERROR:  !! [HARVESTER_ERR] cannot access local variable 'symbol' where it is not associated with a value
[2026-05-06 10:13:49,186] INFO:  >> [HARVESTER] GAMMA is dominating. Scaling in reinforcements...
[2026-05-06 10:13:49,186] ERROR:  !! [HARVESTER_ERR] cannot access local variable 'symbol' where it is not associated with a value
[2026-05-06 10:13:59,518] INFO:  >> [HARVESTER] GAMMA is dominating. Scaling in reinforcements...
[2026-05-06 10:13:59,518] ERROR:  !! [HARVESTER_ERR] cannot access local variable 'symbol' where it is not associated with a value
[2026-05-06 10:14:09,934] INFO:  >> [HARVESTER] GAMMA is dominating. Scaling in reinforcements...
[2026-05-06 10:14:09,934] ERROR:  !! [HARVESTER_ERR] cannot access local variable 'symbol' where it is not associated with a value
[2026-05-06 10:14:20,437] INFO:  >> [HARVESTER] GAMMA is dominating. Scaling in reinforcements...
[2026-05-06 10:14:20,437] ERROR:  !! [HARVESTER_ERR] cannot access local variable 'symbol' where it is not associated with a value
[2026-05-06 10:14:30,766] INFO:  >> [HARVESTER] GAMMA is dominating. Scaling in reinforcements...
[2026-05-06 10:14:30,766] ERROR:  !! [HARVESTER_ERR] cannot access local variable 'symbol' where it is not associated with a value
[2026-05-06 10:14:41,095] INFO:  >> [HARVESTER] GAMMA is dominating. Scaling in reinforcements...
[2026-05-06 10:14:41,095] ERROR:  !! [HARVESTER_ERR] cannot access local variable 'symbol' where it is not associated with a value
[2026-05-06 10:14:51,426] INFO:  >> [HARVESTER] GAMMA is dominating. Scaling in reinforcements...
[2026-05-06 10:14:51,426] ERROR:  !! [HARVESTER_ERR] cannot access local variable 'symbol' where it is not associated with a value
[2026-05-06 10:15:01,807] INFO:  >> [HARVESTER] GAMMA is dominating. Scaling in reinforcements...
[2026-05-06 10:15:01,808] ERROR:  !! [HARVESTER_ERR] cannot access local variable 'symbol' where it is not associated with a value
[2026-05-06 10:15:12,129] INFO:  >> [HARVESTER] GAMMA is dominating. Scaling in reinforcements...
[2026-05-06 10:15:12,129] ERROR:  !! [HARVESTER_ERR] cannot access local variable 'symbol' where it is not associated with a value
[2026-05-06 10:15:22,477] INFO:  >> [HARVESTER] GAMMA is dominating. Scaling in reinforcements...
[2026-05-06 10:15:22,477] ERROR:  !! [HARVESTER_ERR] cannot access local variable 'symbol' where it is not associated with a value
[2026-05-06 10:15:32,808] INFO:  >> [HARVESTER] GAMMA is dominating. Scaling in reinforcements...
[2026-05-06 10:15:32,808] ERROR:  !! [HARVESTER_ERR] cannot access local variable 'symbol' where it is not associated with a value
[2026-05-06 10:15:43,141] INFO:  >> [HARVESTER] GAMMA is dominating. Scaling in reinforcements...
[2026-05-06 10:15:43,141] ERROR:  !! [HARVESTER_ERR] cannot access local variable 'symbol' where it is not associated with a value
[2026-05-06 10:15:53,461] INFO:  >> [HARVESTER] GAMMA is dominating. Scaling in reinforcements...
[2026-05-06 10:15:53,461] ERROR:  !! [HARVESTER_ERR] cannot access local variable 'symbol' where it is not associated with a value
[2026-05-06 10:16:03,798] INFO:  >> [HARVESTER] GAMMA is dominating. Scaling in reinforcements...
[2026-05-06 10:16:03,798] ERROR:  !! [HARVESTER_ERR] cannot access local variable 'symbol' where it is not associated with a value
[2026-05-06 10:16:14,133] INFO:  >> [HARVESTER] GAMMA is dominating. Scaling in reinforcements...
[2026-05-06 10:16:14,133] ERROR:  !! [HARVESTER_ERR] cannot access local variable 'symbol' where it is not associated with a value
[2026-05-06 10:16:24,454] INFO:  >> [HARVESTER] GAMMA is dominating. Scaling in reinforcements...
[2026-05-06 10:16:24,454] ERROR:  !! [HARVESTER_ERR] cannot access local variable 'symbol' where it is not associated with a value
[2026-05-06 10:16:34,780] INFO:  >> [HARVESTER] GAMMA is dominating. Scaling in reinforcements...
[2026-05-06 10:16:34,780] ERROR:  !! [HARVESTER_ERR] cannot access local variable 'symbol' where it is not associated with a value
[2026-05-06 10:16:45,111] INFO:  >> [HARVESTER] GAMMA is dominating. Scaling in reinforcements...
[2026-05-06 10:16:45,111] ERROR:  !! [HARVESTER_ERR] cannot access local variable 'symbol' where it is not associated with a value
[2026-05-06 10:16:55,449] INFO:  >> [HARVESTER] GAMMA is dominating. Scaling in reinforcements...
[2026-05-06 10:16:55,449] ERROR:  !! [HARVESTER_ERR] cannot access local variable 'symbol' where it is not associated with a value
[2026-05-06 10:17:05,785] INFO:  >> [HARVESTER] GAMMA is dominating. Scaling in reinforcements...
[2026-05-06 10:17:05,786] ERROR:  !! [HARVESTER_ERR] cannot access local variable 'symbol' where it is not associated with a value
[2026-05-06 10:17:16,156] INFO:  >> [HARVESTER] GAMMA is dominating. Scaling in reinforcements...
[2026-05-06 10:17:16,156] ERROR:  !! [HARVESTER_ERR] cannot access local variable 'symbol' where it is not associated with a value
[2026-05-06 10:17:26,534] INFO:  >> [HARVESTER] GAMMA is dominating. Scaling in reinforcements...
[2026-05-06 10:17:26,535] ERROR:  !! [HARVESTER_ERR] cannot access local variable 'symbol' where it is not associated with a value
[2026-05-06 10:17:36,895] INFO:  >> [HARVESTER] GAMMA is dominating. Scaling in reinforcements...
[2026-05-06 10:17:36,896] ERROR:  !! [HARVESTER_ERR] cannot access local variable 'symbol' where it is not associated with a value
[2026-05-06 10:17:47,268] INFO:  >> [HARVESTER] GAMMA is dominating. Scaling in reinforcements...
[2026-05-06 10:17:47,268] ERROR:  !! [HARVESTER_ERR] cannot access local variable 'symbol' where it is not associated with a value
[2026-05-06 10:17:57,589] INFO:  >> [HARVESTER] GAMMA is dominating. Scaling in reinforcements...
[2026-05-06 10:17:57,589] ERROR:  !! [HARVESTER_ERR] cannot access local variable 'symbol' where it is not associated with a value
[2026-05-06 10:18:07,939] INFO:  >> [HARVESTER] GAMMA is dominating. Scaling in reinforcements...
[2026-05-06 10:18:07,939] ERROR:  !! [HARVESTER_ERR] cannot access local variable 'symbol' where it is not associated with a value
[2026-05-06 10:18:18,327] INFO:  >> [HARVESTER] GAMMA is dominating. Scaling in reinforcements...
[2026-05-06 10:18:18,329] ERROR:  !! [HARVESTER_ERR] cannot access local variable 'symbol' where it is not associated with a value
[2026-05-06 10:18:28,688] INFO:  >> [HARVESTER] GAMMA is dominating. Scaling in reinforcements...
[2026-05-06 10:18:28,690] ERROR:  !! [HARVESTER_ERR] cannot access local variable 'symbol' where it is not associated with a value
[2026-05-06 10:18:39,072] INFO:  >> [HARVESTER] GAMMA is dominating. Scaling in reinforcements...
[2026-05-06 10:18:39,072] ERROR:  !! [HARVESTER_ERR] cannot access local variable 'symbol' where it is not associated with a value
[2026-05-06 10:18:49,469] INFO:  >> [HARVESTER] GAMMA is dominating. Scaling in reinforcements...
[2026-05-06 10:18:49,469] ERROR:  !! [HARVESTER_ERR] cannot access local variable 'symbol' where it is not associated with a value
[2026-05-06 10:18:59,830] INFO:  >> [HARVESTER] GAMMA is dominating. Scaling in reinforcements...
[2026-05-06 10:18:59,830] ERROR:  !! [HARVESTER_ERR] cannot access local variable 'symbol' where it is not associated with a value
[2026-05-06 10:19:10,155] INFO:  >> [HARVESTER] GAMMA is dominating. Scaling in reinforcements...
[2026-05-06 10:19:10,155] ERROR:  !! [HARVESTER_ERR] cannot access local variable 'symbol' where it is not associated with a value
[2026-05-06 10:19:20,550] INFO:  >> [HARVESTER] GAMMA is dominating. Scaling in reinforcements...
[2026-05-06 10:19:20,550] ERROR:  !! [HARVESTER_ERR] cannot access local variable 'symbol' where it is not associated with a value
[2026-05-06 10:19:30,879] INFO:  >> [HARVESTER] GAMMA is dominating. Scaling in reinforcements...
[2026-05-06 10:19:30,879] ERROR:  !! [HARVESTER_ERR] cannot access local variable 'symbol' where it is not associated with a value
[2026-05-06 10:19:41,209] INFO:  >> [HARVESTER] GAMMA is dominating. Scaling in reinforcements...
[2026-05-06 10:19:41,209] ERROR:  !! [HARVESTER_ERR] cannot access local variable 'symbol' where it is not associated with a value
[2026-05-06 10:19:51,587] INFO:  >> [HARVESTER] GAMMA is dominating. Scaling in reinforcements...
[2026-05-06 10:19:51,587] ERROR:  !! [HARVESTER_ERR] cannot access local variable 'symbol' where it is not associated with a value
[2026-05-06 10:20:01,913] INFO:  >> [HARVESTER] GAMMA is dominating. Scaling in reinforcements...
[2026-05-06 10:20:01,913] ERROR:  !! [HARVESTER_ERR] cannot access local variable 'symbol' where it is not associated with a value
[2026-05-06 10:20:12,280] INFO:  >> [HARVESTER] GAMMA is dominating. Scaling in reinforcements...
[2026-05-06 10:20:12,280] ERROR:  !! [HARVESTER_ERR] cannot access local variable 'symbol' where it is not associated with a value
[2026-05-06 10:20:22,703] INFO:  >> [HARVESTER] GAMMA is dominating. Scaling in reinforcements...
[2026-05-06 10:20:22,703] ERROR:  !! [HARVESTER_ERR] cannot access local variable 'symbol' where it is not associated with a value
[2026-05-06 10:20:33,222] INFO:  >> [HARVESTER] GAMMA is dominating. Scaling in reinforcements...
[2026-05-06 10:20:33,222] ERROR:  !! [HARVESTER_ERR] cannot access local variable 'symbol' where it is not associated with a value
[2026-05-06 10:20:43,544] INFO:  >> [HARVESTER] GAMMA is dominating. Scaling in reinforcements...
[2026-05-06 10:20:43,544] ERROR:  !! [HARVESTER_ERR] cannot access local variable 'symbol' where it is not associated with a value
[2026-05-06 10:20:53,873] INFO:  >> [HARVESTER] GAMMA is dominating. Scaling in reinforcements...
[2026-05-06 10:20:53,873] ERROR:  !! [HARVESTER_ERR] cannot access local variable 'symbol' where it is not associated with a value
[2026-05-06 10:21:04,239] INFO:  >> [HARVESTER] GAMMA is dominating. Scaling in reinforcements...
[2026-05-06 10:21:04,239] ERROR:  !! [HARVESTER_ERR] cannot access local variable 'symbol' where it is not associated with a value
[2026-05-06 10:21:14,628] INFO:  >> [HARVESTER] GAMMA is dominating. Scaling in reinforcements...
[2026-05-06 10:21:14,628] ERROR:  !! [HARVESTER_ERR] cannot access local variable 'symbol' where it is not associated with a value
[2026-05-06 10:21:24,971] INFO:  >> [HARVESTER] GAMMA is dominating. Scaling in reinforcements...
[2026-05-06 10:21:24,971] ERROR:  !! [HARVESTER_ERR] cannot access local variable 'symbol' where it is not associated with a value
[2026-05-06 10:21:35,306] INFO:  >> [HARVESTER] GAMMA is dominating. Scaling in reinforcements...
[2026-05-06 10:21:35,306] ERROR:  !! [HARVESTER_ERR] cannot access local variable 'symbol' where it is not associated with a value
[2026-05-06 10:21:45,655] INFO:  >> [HARVESTER] GAMMA is dominating. Scaling in reinforcements...
[2026-05-06 10:21:45,655] ERROR:  !! [HARVESTER_ERR] cannot access local variable 'symbol' where it is not associated with a value
[2026-05-06 10:21:56,019] INFO:  >> [HARVESTER] GAMMA is dominating. Scaling in reinforcements...
[2026-05-06 10:21:56,019] ERROR:  !! [HARVESTER_ERR] cannot access local variable 'symbol' where it is not associated with a value
[2026-05-06 10:22:06,409] INFO:  >> [HARVESTER] GAMMA is dominating. Scaling in reinforcements...
[2026-05-06 10:22:06,409] ERROR:  !! [HARVESTER_ERR] cannot access local variable 'symbol' where it is not associated with a value
[2026-05-06 10:22:16,729] INFO:  >> [HARVESTER] GAMMA is dominating. Scaling in reinforcements...
[2026-05-06 10:22:16,729] ERROR:  !! [HARVESTER_ERR] cannot access local variable 'symbol' where it is not associated with a value
[2026-05-06 10:22:27,046] INFO:  >> [HARVESTER] GAMMA is dominating. Scaling in reinforcements...
[2026-05-06 10:22:27,046] ERROR:  !! [HARVESTER_ERR] cannot access local variable 'symbol' where it is not associated with a value
[2026-05-06 10:22:37,425] INFO:  >> [HARVESTER] GAMMA is dominating. Scaling in reinforcements...
[2026-05-06 10:22:37,426] ERROR:  !! [HARVESTER_ERR] cannot access local variable 'symbol' where it is not associated with a value
[2026-05-06 10:22:47,745] INFO:  >> [HARVESTER] GAMMA is dominating. Scaling in reinforcements...
[2026-05-06 10:22:47,745] ERROR:  !! [HARVESTER_ERR] cannot access local variable 'symbol' where it is not associated with a value
[2026-05-06 10:22:58,111] INFO:  >> [HARVESTER] GAMMA is dominating. Scaling in reinforcements...
[2026-05-06 10:22:58,112] ERROR:  !! [HARVESTER_ERR] cannot access local variable 'symbol' where it is not associated with a value
[2026-05-06 10:23:08,459] INFO:  >> [HARVESTER] GAMMA is dominating. Scaling in reinforcements...
[2026-05-06 10:23:08,459] ERROR:  !! [HARVESTER_ERR] cannot access local variable 'symbol' where it is not associated with a value
[2026-05-06 10:23:18,861] INFO:  >> [HARVESTER] GAMMA is dominating. Scaling in reinforcements...
[2026-05-06 10:23:18,861] ERROR:  !! [HARVESTER_ERR] cannot access local variable 'symbol' where it is not associated with a value
[2026-05-06 10:23:29,187] INFO:  >> [HARVESTER] GAMMA is dominating. Scaling in reinforcements...
[2026-05-06 10:23:29,187] ERROR:  !! [HARVESTER_ERR] cannot access local variable 'symbol' where it is not associated with a value
[2026-05-06 10:23:39,517] INFO:  >> [HARVESTER] GAMMA is dominating. Scaling in reinforcements...
[2026-05-06 10:23:39,517] ERROR:  !! [HARVESTER_ERR] cannot access local variable 'symbol' where it is not associated with a value
[2026-05-06 10:23:49,886] INFO:  >> [HARVESTER] GAMMA is dominating. Scaling in reinforcements...
[2026-05-06 10:23:49,886] ERROR:  !! [HARVESTER_ERR] cannot access local variable 'symbol' where it is not associated with a value
[2026-05-06 10:24:00,223] INFO:  >> [HARVESTER] GAMMA is dominating. Scaling in reinforcements...
[2026-05-06 10:24:00,223] ERROR:  !! [HARVESTER_ERR] cannot access local variable 'symbol' where it is not associated with a value
[2026-05-06 10:24:10,603] INFO:  >> [HARVESTER] GAMMA is dominating. Scaling in reinforcements...
[2026-05-06 10:24:10,603] ERROR:  !! [HARVESTER_ERR] cannot access local variable 'symbol' where it is not associated with a value
[2026-05-06 10:24:20,926] INFO:  >> [HARVESTER] GAMMA is dominating. Scaling in reinforcements...
[2026-05-06 10:24:20,926] ERROR:  !! [HARVESTER_ERR] cannot access local variable 'symbol' where it is not associated with a value
[2026-05-06 10:24:31,292] INFO:  >> [HARVESTER] GAMMA is dominating. Scaling in reinforcements...
[2026-05-06 10:24:31,292] ERROR:  !! [HARVESTER_ERR] cannot access local variable 'symbol' where it is not associated with a value
[2026-05-06 10:24:41,642] INFO:  >> [HARVESTER] GAMMA is dominating. Scaling in reinforcements...
[2026-05-06 10:24:41,642] ERROR:  !! [HARVESTER_ERR] cannot access local variable 'symbol' where it is not associated with a value
[2026-05-06 10:24:51,979] INFO:  >> [HARVESTER] GAMMA is dominating. Scaling in reinforcements...
[2026-05-06 10:24:51,979] ERROR:  !! [HARVESTER_ERR] cannot access local variable 'symbol' where it is not associated with a value
[2026-05-06 10:25:02,357] INFO:  >> [HARVESTER] GAMMA is dominating. Scaling in reinforcements...
[2026-05-06 10:25:02,357] ERROR:  !! [HARVESTER_ERR] cannot access local variable 'symbol' where it is not associated with a value
[2026-05-06 10:25:12,771] INFO:  >> [HARVESTER] GAMMA is dominating. Scaling in reinforcements...
[2026-05-06 10:25:12,771] ERROR:  !! [HARVESTER_ERR] cannot access local variable 'symbol' where it is not associated with a value
[2026-05-06 10:25:23,230] INFO:  >> [HARVESTER] GAMMA is dominating. Scaling in reinforcements...
[2026-05-06 10:25:23,230] ERROR:  !! [HARVESTER_ERR] cannot access local variable 'symbol' where it is not associated with a value
[2026-05-06 10:25:33,655] INFO:  >> [HARVESTER] GAMMA is dominating. Scaling in reinforcements...
[2026-05-06 10:25:33,655] ERROR:  !! [HARVESTER_ERR] cannot access local variable 'symbol' where it is not associated with a value
[2026-05-06 10:25:43,994] INFO:  >> [HARVESTER] GAMMA is dominating. Scaling in reinforcements...
[2026-05-06 10:25:43,994] ERROR:  !! [HARVESTER_ERR] cannot access local variable 'symbol' where it is not associated with a value
[2026-05-06 10:25:54,350] INFO:  >> [HARVESTER] GAMMA is dominating. Scaling in reinforcements...
[2026-05-06 10:25:54,350] ERROR:  !! [HARVESTER_ERR] cannot access local variable 'symbol' where it is not associated with a value
[2026-05-06 10:26:04,730] INFO:  >> [HARVESTER] GAMMA is dominating. Scaling in reinforcements...
[2026-05-06 10:26:04,730] ERROR:  !! [HARVESTER_ERR] cannot access local variable 'symbol' where it is not associated with a value
[2026-05-06 10:26:15,101] INFO:  >> [HARVESTER] GAMMA is dominating. Scaling in reinforcements...
[2026-05-06 10:26:15,101] ERROR:  !! [HARVESTER_ERR] cannot access local variable 'symbol' where it is not associated with a value
[2026-05-06 10:26:25,522] INFO:  >> [HARVESTER] GAMMA is dominating. Scaling in reinforcements...
[2026-05-06 10:26:25,522] ERROR:  !! [HARVESTER_ERR] cannot access local variable 'symbol' where it is not associated with a value
[2026-05-06 10:26:35,856] INFO:  >> [HARVESTER] GAMMA is dominating. Scaling in reinforcements...
[2026-05-06 10:26:35,856] ERROR:  !! [HARVESTER_ERR] cannot access local variable 'symbol' where it is not associated with a value
[2026-05-06 10:26:46,206] INFO:  >> [HARVESTER] GAMMA is dominating. Scaling in reinforcements...
[2026-05-06 10:26:46,207] ERROR:  !! [HARVESTER_ERR] cannot access local variable 'symbol' where it is not associated with a value
[2026-05-06 10:26:56,587] INFO:  >> [HARVESTER] GAMMA is dominating. Scaling in reinforcements...
[2026-05-06 10:26:56,587] ERROR:  !! [HARVESTER_ERR] cannot access local variable 'symbol' where it is not associated with a value
[2026-05-06 10:27:07,035] INFO:  >> [HARVESTER] GAMMA is dominating. Scaling in reinforcements...
[2026-05-06 10:27:07,035] ERROR:  !! [HARVESTER_ERR] cannot access local variable 'symbol' where it is not associated with a value
[2026-05-06 10:27:17,435] INFO:  >> [HARVESTER] GAMMA is dominating. Scaling in reinforcements...
[2026-05-06 10:27:17,435] ERROR:  !! [HARVESTER_ERR] cannot access local variable 'symbol' where it is not associated with a value
[2026-05-06 10:27:27,820] INFO:  >> [HARVESTER] GAMMA is dominating. Scaling in reinforcements...
[2026-05-06 10:27:27,820] ERROR:  !! [HARVESTER_ERR] cannot access local variable 'symbol' where it is not associated with a value
[2026-05-06 10:27:38,215] INFO:  >> [HARVESTER] GAMMA is dominating. Scaling in reinforcements...
[2026-05-06 10:27:38,215] ERROR:  !! [HARVESTER_ERR] cannot access local variable 'symbol' where it is not associated with a value
[2026-05-06 10:27:48,549] INFO:  >> [HARVESTER] GAMMA is dominating. Scaling in reinforcements...
[2026-05-06 10:27:48,550] ERROR:  !! [HARVESTER_ERR] cannot access local variable 'symbol' where it is not associated with a value
[2026-05-06 10:27:59,124] INFO:  >> [HARVESTER] GAMMA is dominating. Scaling in reinforcements...
[2026-05-06 10:27:59,124] ERROR:  !! [HARVESTER_ERR] cannot access local variable 'symbol' where it is not associated with a value
[2026-05-06 10:28:09,454] INFO:  >> [HARVESTER] GAMMA is dominating. Scaling in reinforcements...
[2026-05-06 10:28:09,454] ERROR:  !! [HARVESTER_ERR] cannot access local variable 'symbol' where it is not associated with a value
[2026-05-06 10:28:19,782] INFO:  >> [HARVESTER] GAMMA is dominating. Scaling in reinforcements...
[2026-05-06 10:28:19,782] ERROR:  !! [HARVESTER_ERR] cannot access local variable 'symbol' where it is not associated with a value
[2026-05-06 10:28:30,112] INFO:  >> [HARVESTER] GAMMA is dominating. Scaling in reinforcements...
[2026-05-06 10:28:30,112] ERROR:  !! [HARVESTER_ERR] cannot access local variable 'symbol' where it is not associated with a value
[2026-05-06 10:28:40,482] INFO:  >> [HARVESTER] GAMMA is dominating. Scaling in reinforcements...
[2026-05-06 10:28:40,482] ERROR:  !! [HARVESTER_ERR] cannot access local variable 'symbol' where it is not associated with a value
[2026-05-06 10:28:50,866] INFO:  >> [HARVESTER] GAMMA is dominating. Scaling in reinforcements...
[2026-05-06 10:28:50,866] ERROR:  !! [HARVESTER_ERR] cannot access local variable 'symbol' where it is not associated with a value
[2026-05-06 10:29:01,249] INFO:  >> [HARVESTER] GAMMA is dominating. Scaling in reinforcements...
[2026-05-06 10:29:01,249] ERROR:  !! [HARVESTER_ERR] cannot access local variable 'symbol' where it is not associated with a value
[2026-05-06 10:29:11,708] INFO:  >> [HARVESTER] GAMMA is dominating. Scaling in reinforcements...
[2026-05-06 10:29:11,708] ERROR:  !! [HARVESTER_ERR] cannot access local variable 'symbol' where it is not associated with a value
[2026-05-06 10:29:22,050] INFO:  >> [HARVESTER] GAMMA is dominating. Scaling in reinforcements...
[2026-05-06 10:29:22,050] ERROR:  !! [HARVESTER_ERR] cannot access local variable 'symbol' where it is not associated with a value
[2026-05-06 10:29:32,436] INFO:  >> [HARVESTER] GAMMA is dominating. Scaling in reinforcements...
[2026-05-06 10:29:32,436] ERROR:  !! [HARVESTER_ERR] cannot access local variable 'symbol' where it is not associated with a value
[2026-05-06 10:29:42,762] INFO:  >> [HARVESTER] GAMMA is dominating. Scaling in reinforcements...
[2026-05-06 10:29:42,762] ERROR:  !! [HARVESTER_ERR] cannot access local variable 'symbol' where it is not associated with a value
[2026-05-06 10:29:53,102] INFO:  >> [HARVESTER] GAMMA is dominating. Scaling in reinforcements...
[2026-05-06 10:29:53,102] ERROR:  !! [HARVESTER_ERR] cannot access local variable 'symbol' where it is not associated with a value
[2026-05-06 10:30:04,635] INFO:  >> [HARVESTER] GAMMA is dominating. Scaling in reinforcements...
[2026-05-06 10:30:04,635] ERROR:  !! [HARVESTER_ERR] cannot access local variable 'symbol' where it is not associated with a value
[2026-05-06 10:30:14,987] INFO:  >> [HARVESTER] GAMMA is dominating. Scaling in reinforcements...
[2026-05-06 10:30:14,989] ERROR:  !! [HARVESTER_ERR] cannot access local variable 'symbol' where it is not associated with a value
[2026-05-06 10:30:25,319] INFO:  >> [HARVESTER] GAMMA is dominating. Scaling in reinforcements...
[2026-05-06 10:30:25,319] ERROR:  !! [HARVESTER_ERR] cannot access local variable 'symbol' where it is not associated with a value
[2026-05-06 10:30:35,737] INFO:  >> [HARVESTER] GAMMA is dominating. Scaling in reinforcements...
[2026-05-06 10:30:35,737] ERROR:  !! [HARVESTER_ERR] cannot access local variable 'symbol' where it is not associated with a value
[2026-05-06 10:30:46,064] INFO:  >> [HARVESTER] GAMMA is dominating. Scaling in reinforcements...
[2026-05-06 10:30:46,064] ERROR:  !! [HARVESTER_ERR] cannot access local variable 'symbol' where it is not associated with a value
[2026-05-06 10:30:56,403] INFO:  >> [HARVESTER] GAMMA is dominating. Scaling in reinforcements...
[2026-05-06 10:30:56,403] ERROR:  !! [HARVESTER_ERR] cannot access local variable 'symbol' where it is not associated with a value
[2026-05-06 10:31:06,740] INFO:  >> [HARVESTER] GAMMA is dominating. Scaling in reinforcements...
[2026-05-06 10:31:06,740] ERROR:  !! [HARVESTER_ERR] cannot access local variable 'symbol' where it is not associated with a value
[2026-05-06 10:31:17,099] INFO:  >> [HARVESTER] GAMMA is dominating. Scaling in reinforcements...
[2026-05-06 10:31:17,099] ERROR:  !! [HARVESTER_ERR] cannot access local variable 'symbol' where it is not associated with a value
[2026-05-06 10:31:27,445] INFO:  >> [HARVESTER] GAMMA is dominating. Scaling in reinforcements...
[2026-05-06 10:31:27,445] ERROR:  !! [HARVESTER_ERR] cannot access local variable 'symbol' where it is not associated with a value
[2026-05-06 10:31:37,770] INFO:  >> [HARVESTER] GAMMA is dominating. Scaling in reinforcements...
[2026-05-06 10:31:37,770] ERROR:  !! [HARVESTER_ERR] cannot access local variable 'symbol' where it is not associated with a value
[2026-05-06 10:31:48,092] INFO:  >> [HARVESTER] GAMMA is dominating. Scaling in reinforcements...
[2026-05-06 10:31:48,093] ERROR:  !! [HARVESTER_ERR] cannot access local variable 'symbol' where it is not associated with a value
[2026-05-06 10:31:58,447] INFO:  >> [HARVESTER] GAMMA is dominating. Scaling in reinforcements...
[2026-05-06 10:31:58,447] ERROR:  !! [HARVESTER_ERR] cannot access local variable 'symbol' where it is not associated with a value
[2026-05-06 10:32:08,776] INFO:  >> [HARVESTER] GAMMA is dominating. Scaling in reinforcements...
[2026-05-06 10:32:08,776] ERROR:  !! [HARVESTER_ERR] cannot access local variable 'symbol' where it is not associated with a value
[2026-05-06 10:32:19,120] INFO:  >> [HARVESTER] GAMMA is dominating. Scaling in reinforcements...
[2026-05-06 10:32:19,120] ERROR:  !! [HARVESTER_ERR] cannot access local variable 'symbol' where it is not associated with a value
[2026-05-06 10:32:29,460] INFO:  >> [HARVESTER] GAMMA is dominating. Scaling in reinforcements...
[2026-05-06 10:32:29,461] ERROR:  !! [HARVESTER_ERR] cannot access local variable 'symbol' where it is not associated with a value
[2026-05-06 10:32:39,848] INFO:  >> [HARVESTER] GAMMA is dominating. Scaling in reinforcements...
[2026-05-06 10:32:39,848] ERROR:  !! [HARVESTER_ERR] cannot access local variable 'symbol' where it is not associated with a value
[2026-05-06 10:32:50,248] INFO:  >> [HARVESTER] GAMMA is dominating. Scaling in reinforcements...
[2026-05-06 10:32:50,250] ERROR:  !! [HARVESTER_ERR] cannot access local variable 'symbol' where it is not associated with a value
[2026-05-06 10:33:00,577] INFO:  >> [HARVESTER] GAMMA is dominating. Scaling in reinforcements...
[2026-05-06 10:33:00,577] ERROR:  !! [HARVESTER_ERR] cannot access local variable 'symbol' where it is not associated with a value
[2026-05-06 10:33:10,907] INFO:  >> [HARVESTER] GAMMA is dominating. Scaling in reinforcements...
[2026-05-06 10:33:10,907] ERROR:  !! [HARVESTER_ERR] cannot access local variable 'symbol' where it is not associated with a value
[2026-05-06 10:33:21,233] INFO:  >> [HARVESTER] GAMMA is dominating. Scaling in reinforcements...
[2026-05-06 10:33:21,235] ERROR:  !! [HARVESTER_ERR] cannot access local variable 'symbol' where it is not associated with a value
[2026-05-06 10:33:31,561] INFO:  >> [HARVESTER] GAMMA is dominating. Scaling in reinforcements...
[2026-05-06 10:33:31,561] ERROR:  !! [HARVESTER_ERR] cannot access local variable 'symbol' where it is not associated with a value
[2026-05-06 10:33:41,910] INFO:  >> [HARVESTER] GAMMA is dominating. Scaling in reinforcements...
[2026-05-06 10:33:41,910] ERROR:  !! [HARVESTER_ERR] cannot access local variable 'symbol' where it is not associated with a value
[2026-05-06 11:49:35,419] INFO: --- IRON CORE ENGINE v3.0 ACTIVE ---
[2026-05-06 11:49:41,194] INFO:  >> [HARVESTER] GAMMA is dominating. Scaling in reinforcements...
[2026-05-06 11:49:41,195] ERROR:  !! [HARVESTER_ERR] cannot access local variable 'symbol' where it is not associated with a value
[2026-05-06 11:49:51,609] INFO:  >> [HARVESTER] GAMMA is dominating. Scaling in reinforcements...
[2026-05-06 11:49:51,609] ERROR:  !! [HARVESTER_ERR] cannot access local variable 'symbol' where it is not associated with a value
[2026-05-06 11:50:01,935] INFO:  >> [HARVESTER] GAMMA is dominating. Scaling in reinforcements...
[2026-05-06 11:50:01,935] ERROR:  !! [HARVESTER_ERR] cannot access local variable 'symbol' where it is not associated with a value
[2026-05-06 11:50:12,252] INFO:  >> [HARVESTER] GAMMA is dominating. Scaling in reinforcements...
[2026-05-06 11:50:12,252] ERROR:  !! [HARVESTER_ERR] cannot access local variable 'symbol' where it is not associated with a value
[2026-05-06 11:50:24,354] INFO: --- IRON CORE ENGINE v3.0 ACTIVE ---
[2026-05-06 11:50:50,317] INFO:  >> [SAFE_HANDOVER] Syncing AUDUSD SL to 0.7239
[2026-05-06 11:51:00,668] INFO:  >> [SAFE_HANDOVER] Syncing AUDUSD SL to 0.7239
[2026-05-06 11:51:11,026] INFO:  >> [SAFE_HANDOVER] Syncing AUDUSD SL to 0.72392
[2026-05-06 11:51:21,414] INFO:  >> [SAFE_HANDOVER] Syncing AUDUSD SL to 0.72391
[2026-05-06 11:51:42,295] INFO:  >> [SAFE_HANDOVER] Syncing AUDUSD SL to 0.72395
[2026-05-06 11:51:52,674] INFO:  >> [SAFE_HANDOVER] Syncing AUDUSD SL to 0.72397
[2026-05-06 11:52:13,403] INFO:  >> [SAFE_HANDOVER] Syncing AUDUSD SL to 0.72394
[2026-05-06 11:52:23,790] INFO:  >> [SAFE_HANDOVER] Syncing AUDUSD SL to 0.72395
