[2026-05-06 09:09:34,940] INFO: --- IRON CORE ENGINE v3.0 ACTIVE ---
[2026-05-06 09:09:43,656] INFO:  >> [SAFE_HANDOVER] Syncing DE30 SL to 24219.92171
[2026-05-06 09:09:43,770] INFO: SCANNING: GBPUSD | PRICE: 1.36 | BIAS: BULLISH | ER: 0.44 | VEL: 0.66
[2026-05-06 09:09:44,866] INFO: VAULT_PASS [OMEGA]: GBPUSD 0.01 (Risk: 0.290%)
[2026-05-06 09:09:44,866] INFO:  >> [EMPIRICAL] Using Optimized Targets: SL 1.5x | TP 2.0x
[2026-05-06 09:09:45,125] INFO:  !! [SAFETY_PASS] OMEGA validated for GBPUSD BUY 0.01
[2026-05-06 09:09:45,143] INFO:  >> [OMEGA_STRIKE] Safety Verified. Executing BUY GBPUSD @ 1.35784 | LOT: 0.01 | SL: 1.3558685714285714 | TP: 1.3604685714285714
[2026-05-06 09:09:46,315] INFO:  >> [RELAY] Signal relayed to Telegram.
[2026-05-06 09:09:46,315] INFO:  >> [SUCCESS] GBPUSD BUY order completed.
 !!! [MT5_RETRY_0] Order failed: Invalid volume (Code: 10014)
[2026-05-06 09:09:46,325] ERROR:  !!! [MT5_RETRY_0] Order failed: Invalid volume (Code: 10014)
 !!! [MT5_RETRY_1] Order failed: Invalid volume (Code: 10014)
[2026-05-06 09:09:46,325] ERROR:  !!! [MT5_RETRY_1] Order failed: Invalid volume (Code: 10014)
 !!! [MT5_RETRY_2] Order failed: Invalid volume (Code: 10014)
[2026-05-06 09:09:46,325] ERROR:  !!! [MT5_RETRY_2] Order failed: Invalid volume (Code: 10014)
[2026-05-06 09:09:56,556] INFO:  >> [SAFE_HANDOVER] Syncing DE30 SL to 24219.92171
[2026-05-06 09:09:56,556] INFO:  >> [SAFE_HANDOVER] Syncing XAUUSD SL to 4619.41605
[2026-05-06 09:09:56,558] INFO:  >> [SAFE_HANDOVER] Syncing EURUSD SL to 1.17159
[2026-05-06 09:09:56,670] INFO: SCANNING: USDJPY | PRICE: 157.68 | BIAS: BULLISH | ER: 0.2 | VEL: 1.29
[2026-05-06 09:09:56,672] INFO:  >> [GUARD] USDJPY position already active. Skipping.
[2026-05-06 09:09:56,672] INFO: SCANNING: US30 | PRICE: 49467.50 | BIAS: BULLISH | ER: 0.55 | VEL: 1.34
[2026-05-06 09:09:56,673] INFO:  >> [GUARD] US30 position already active. Skipping.
 !!! [MT5_RETRY_0] Order failed: Invalid volume (Code: 10014)
[2026-05-06 09:09:56,676] ERROR:  !!! [MT5_RETRY_0] Order failed: Invalid volume (Code: 10014)
 !!! [MT5_RETRY_1] Order failed: Invalid volume (Code: 10014)
[2026-05-06 09:09:56,677] ERROR:  !!! [MT5_RETRY_1] Order failed: Invalid volume (Code: 10014)
 !!! [MT5_RETRY_2] Order failed: Invalid volume (Code: 10014)
[2026-05-06 09:09:56,678] ERROR:  !!! [MT5_RETRY_2] Order failed: Invalid volume (Code: 10014)
[2026-05-06 09:10:06,909] INFO:  >> [SAFE_HANDOVER] Syncing DE30 SL to 24219.92171
[2026-05-06 09:10:06,910] INFO:  >> [SAFE_HANDOVER] Syncing XAUUSD SL to 4619.41605
[2026-05-06 09:10:07,005] INFO: SCANNING: USDJPY | PRICE: 157.67 | BIAS: BEARISH | ER: 0.21 | VEL: 1.22
[2026-05-06 09:10:07,006] INFO:  >> [GUARD] USDJPY position already active. Skipping.
[2026-05-06 09:10:07,006] INFO: SCANNING: US30 | PRICE: 49470.00 | BIAS: BULLISH | ER: 0.56 | VEL: 1.44
[2026-05-06 09:10:07,007] INFO:  >> [GUARD] US30 position already active. Skipping.
 !!! [MT5_RETRY_0] Order failed: Invalid volume (Code: 10014)
[2026-05-06 09:10:07,008] ERROR:  !!! [MT5_RETRY_0] Order failed: Invalid volume (Code: 10014)
 !!! [MT5_RETRY_1] Order failed: Invalid volume (Code: 10014)
[2026-05-06 09:10:07,009] ERROR:  !!! [MT5_RETRY_1] Order failed: Invalid volume (Code: 10014)
 !!! [MT5_RETRY_2] Order failed: Invalid volume (Code: 10014)
[2026-05-06 09:10:07,009] ERROR:  !!! [MT5_RETRY_2] Order failed: Invalid volume (Code: 10014)
[2026-05-06 09:10:17,252] INFO:  >> [SAFE_HANDOVER] Syncing DE30 SL to 24219.92171
[2026-05-06 09:10:17,253] INFO:  >> [SAFE_HANDOVER] Syncing XAUUSD SL to 4619.41605
[2026-05-06 09:10:17,350] INFO: SCANNING: USDJPY | PRICE: 157.68 | BIAS: BULLISH | ER: 0.2 | VEL: 1.29
[2026-05-06 09:10:17,350] INFO:  >> [GUARD] USDJPY position already active. Skipping.
[2026-05-06 09:10:17,351] INFO: SCANNING: US30 | PRICE: 49467.50 | BIAS: BULLISH | ER: 0.55 | VEL: 1.34
[2026-05-06 09:10:17,351] INFO:  >> [GUARD] US30 position already active. Skipping.
 !!! [MT5_RETRY_0] Order failed: Invalid volume (Code: 10014)
[2026-05-06 09:10:17,353] ERROR:  !!! [MT5_RETRY_0] Order failed: Invalid volume (Code: 10014)
 !!! [MT5_RETRY_1] Order failed: Invalid volume (Code: 10014)
[2026-05-06 09:10:17,353] ERROR:  !!! [MT5_RETRY_1] Order failed: Invalid volume (Code: 10014)
 !!! [MT5_RETRY_2] Order failed: Invalid volume (Code: 10014)
[2026-05-06 09:10:17,353] ERROR:  !!! [MT5_RETRY_2] Order failed: Invalid volume (Code: 10014)
[2026-05-06 09:10:27,599] INFO:  >> [SAFE_HANDOVER] Syncing DE30 SL to 24219.92171
[2026-05-06 09:10:27,599] INFO:  >> [SAFE_HANDOVER] Syncing XAUUSD SL to 4619.41605
[2026-05-06 09:10:27,695] INFO: SCANNING: USDJPY | PRICE: 157.68 | BIAS: BULLISH | ER: 0.21 | VEL: 1.27
[2026-05-06 09:10:27,695] INFO:  >> [GUARD] USDJPY position already active. Skipping.
[2026-05-06 09:10:27,695] INFO: SCANNING: US30 | PRICE: 49465.60 | BIAS: BULLISH | ER: 0.54 | VEL: 1.27
[2026-05-06 09:10:27,697] INFO:  >> [GUARD] US30 position already active. Skipping.
 !!! [MT5_RETRY_0] Order failed: Invalid volume (Code: 10014)
[2026-05-06 09:10:27,705] ERROR:  !!! [MT5_RETRY_0] Order failed: Invalid volume (Code: 10014)
 !!! [MT5_RETRY_1] Order failed: Invalid volume (Code: 10014)
[2026-05-06 09:10:27,706] ERROR:  !!! [MT5_RETRY_1] Order failed: Invalid volume (Code: 10014)
 !!! [MT5_RETRY_2] Order failed: Invalid volume (Code: 10014)
[2026-05-06 09:10:27,706] ERROR:  !!! [MT5_RETRY_2] Order failed: Invalid volume (Code: 10014)
[2026-05-06 09:10:37,956] INFO:  >> [SAFE_HANDOVER] Syncing DE30 SL to 24219.92171
[2026-05-06 09:10:37,958] INFO:  >> [SAFE_HANDOVER] Syncing XAUUSD SL to 4619.41605
[2026-05-06 09:10:38,055] INFO: SCANNING: USDJPY | PRICE: 157.68 | BIAS: BULLISH | ER: 0.2 | VEL: 1.35
[2026-05-06 09:10:38,055] INFO:  >> [GUARD] USDJPY position already active. Skipping.
[2026-05-06 09:10:38,055] INFO: SCANNING: US30 | PRICE: 49467.00 | BIAS: BULLISH | ER: 0.55 | VEL: 1.32
[2026-05-06 09:10:38,055] INFO:  >> [GUARD] US30 position already active. Skipping.
 !!! [MT5_RETRY_0] Order failed: Invalid volume (Code: 10014)
[2026-05-06 09:10:38,063] ERROR:  !!! [MT5_RETRY_0] Order failed: Invalid volume (Code: 10014)
 !!! [MT5_RETRY_1] Order failed: Invalid volume (Code: 10014)
[2026-05-06 09:10:38,063] ERROR:  !!! [MT5_RETRY_1] Order failed: Invalid volume (Code: 10014)
 !!! [MT5_RETRY_2] Order failed: Invalid volume (Code: 10014)
[2026-05-06 09:10:38,065] ERROR:  !!! [MT5_RETRY_2] Order failed: Invalid volume (Code: 10014)
[2026-05-06 09:10:48,303] INFO:  >> [SAFE_HANDOVER] Syncing DE30 SL to 24219.92171
[2026-05-06 09:10:48,305] INFO:  >> [SAFE_HANDOVER] Syncing XAUUSD SL to 4619.41605
[2026-05-06 09:10:48,402] INFO: SCANNING: USDJPY | PRICE: 157.68 | BIAS: BULLISH | ER: 0.2 | VEL: 1.38
[2026-05-06 09:10:48,402] INFO:  >> [GUARD] USDJPY position already active. Skipping.
[2026-05-06 09:10:48,404] INFO: SCANNING: US30 | PRICE: 49469.90 | BIAS: BULLISH | ER: 0.56 | VEL: 1.44
[2026-05-06 09:10:48,404] INFO:  >> [GUARD] US30 position already active. Skipping.
 !!! [MT5_RETRY_0] Order failed: Invalid volume (Code: 10014)
[2026-05-06 09:10:48,411] ERROR:  !!! [MT5_RETRY_0] Order failed: Invalid volume (Code: 10014)
 !!! [MT5_RETRY_1] Order failed: Invalid volume (Code: 10014)
[2026-05-06 09:10:48,413] ERROR:  !!! [MT5_RETRY_1] Order failed: Invalid volume (Code: 10014)
 !!! [MT5_RETRY_2] Order failed: Invalid volume (Code: 10014)
[2026-05-06 09:10:48,413] ERROR:  !!! [MT5_RETRY_2] Order failed: Invalid volume (Code: 10014)
[2026-05-06 09:10:58,637] INFO:  >> [SAFE_HANDOVER] Syncing DE30 SL to 24219.92171
[2026-05-06 09:10:58,638] INFO:  >> [SAFE_HANDOVER] Syncing XAUUSD SL to 4619.41605
[2026-05-06 09:10:58,733] INFO: SCANNING: USDJPY | PRICE: 157.69 | BIAS: BULLISH | ER: 0.19 | VEL: 1.5
[2026-05-06 09:10:58,733] INFO:  >> [GUARD] USDJPY position already active. Skipping.
[2026-05-06 09:10:58,735] INFO: SCANNING: US30 | PRICE: 49467.60 | BIAS: BULLISH | ER: 0.55 | VEL: 1.35
[2026-05-06 09:10:58,735] INFO:  >> [GUARD] US30 position already active. Skipping.
 !!! [MT5_RETRY_0] Order failed: Invalid volume (Code: 10014)
[2026-05-06 09:10:58,742] ERROR:  !!! [MT5_RETRY_0] Order failed: Invalid volume (Code: 10014)
 !!! [MT5_RETRY_1] Order failed: Invalid volume (Code: 10014)
[2026-05-06 09:10:58,742] ERROR:  !!! [MT5_RETRY_1] Order failed: Invalid volume (Code: 10014)
 !!! [MT5_RETRY_2] Order failed: Invalid volume (Code: 10014)
[2026-05-06 09:10:58,743] ERROR:  !!! [MT5_RETRY_2] Order failed: Invalid volume (Code: 10014)
[2026-05-06 09:11:08,980] INFO:  >> [SAFE_HANDOVER] Syncing DE30 SL to 24219.92171
[2026-05-06 09:11:08,980] INFO:  >> [SAFE_HANDOVER] Syncing XAUUSD SL to 4619.41605
[2026-05-06 09:11:09,077] INFO: SCANNING: USDJPY | PRICE: 157.69 | BIAS: BULLISH | ER: 0.2 | VEL: 1.43
[2026-05-06 09:11:09,077] INFO:  >> [GUARD] USDJPY position already active. Skipping.
[2026-05-06 09:11:09,077] INFO: SCANNING: US30 | PRICE: 49466.00 | BIAS: BULLISH | ER: 0.54 | VEL: 1.29
[2026-05-06 09:11:09,078] INFO:  >> [GUARD] US30 position already active. Skipping.
 !!! [MT5_RETRY_0] Order failed: Invalid volume (Code: 10014)
[2026-05-06 09:11:09,078] ERROR:  !!! [MT5_RETRY_0] Order failed: Invalid volume (Code: 10014)
 !!! [MT5_RETRY_1] Order failed: Invalid volume (Code: 10014)
[2026-05-06 09:11:09,078] ERROR:  !!! [MT5_RETRY_1] Order failed: Invalid volume (Code: 10014)
 !!! [MT5_RETRY_2] Order failed: Invalid volume (Code: 10014)
[2026-05-06 09:11:09,079] ERROR:  !!! [MT5_RETRY_2] Order failed: Invalid volume (Code: 10014)
[2026-05-06 09:11:19,284] INFO:  >> [SAFE_HANDOVER] Syncing DE30 SL to 24219.92171
[2026-05-06 09:11:19,284] INFO:  >> [SAFE_HANDOVER] Syncing XAUUSD SL to 4619.41605
[2026-05-06 09:11:19,381] INFO: SCANNING: USDJPY | PRICE: 157.68 | BIAS: BULLISH | ER: 0.2 | VEL: 1.35
[2026-05-06 09:11:19,381] INFO:  >> [GUARD] USDJPY position already active. Skipping.
[2026-05-06 09:11:19,383] INFO: SCANNING: US30 | PRICE: 49465.00 | BIAS: BULLISH | ER: 0.54 | VEL: 1.25
[2026-05-06 09:11:19,383] INFO:  >> [GUARD] US30 position already active. Skipping.
 !!! [MT5_RETRY_0] Order failed: Invalid volume (Code: 10014)
[2026-05-06 09:11:19,392] ERROR:  !!! [MT5_RETRY_0] Order failed: Invalid volume (Code: 10014)
 !!! [MT5_RETRY_1] Order failed: Invalid volume (Code: 10014)
[2026-05-06 09:11:19,392] ERROR:  !!! [MT5_RETRY_1] Order failed: Invalid volume (Code: 10014)
 !!! [MT5_RETRY_2] Order failed: Invalid volume (Code: 10014)
[2026-05-06 09:11:19,392] ERROR:  !!! [MT5_RETRY_2] Order failed: Invalid volume (Code: 10014)
[2026-05-06 09:11:29,658] INFO:  >> [SAFE_HANDOVER] Syncing DE30 SL to 24219.92171
[2026-05-06 09:11:29,660] INFO:  >> [SAFE_HANDOVER] Syncing XAUUSD SL to 4619.41605
[2026-05-06 09:11:29,761] INFO: SCANNING: USDJPY | PRICE: 157.68 | BIAS: BULLISH | ER: 0.2 | VEL: 1.38
[2026-05-06 09:11:29,761] INFO:  >> [GUARD] USDJPY position already active. Skipping.
[2026-05-06 09:11:29,765] INFO: SCANNING: US30 | PRICE: 49468.00 | BIAS: BULLISH | ER: 0.55 | VEL: 1.36
[2026-05-06 09:11:29,766] INFO:  >> [GUARD] US30 position already active. Skipping.
 !!! [MT5_RETRY_0] Order failed: Invalid volume (Code: 10014)
[2026-05-06 09:11:29,771] ERROR:  !!! [MT5_RETRY_0] Order failed: Invalid volume (Code: 10014)
 !!! [MT5_RETRY_1] Order failed: Invalid volume (Code: 10014)
[2026-05-06 09:11:29,772] ERROR:  !!! [MT5_RETRY_1] Order failed: Invalid volume (Code: 10014)
 !!! [MT5_RETRY_2] Order failed: Invalid volume (Code: 10014)
[2026-05-06 09:11:29,772] ERROR:  !!! [MT5_RETRY_2] Order failed: Invalid volume (Code: 10014)
[2026-05-06 09:11:40,031] INFO:  >> [SAFE_HANDOVER] Syncing DE30 SL to 24219.92171
[2026-05-06 09:11:40,033] INFO:  >> [SAFE_HANDOVER] Syncing XAUUSD SL to 4619.41605
[2026-05-06 09:11:40,130] INFO: SCANNING: USDJPY | PRICE: 157.68 | BIAS: BULLISH | ER: 0.2 | VEL: 1.37
[2026-05-06 09:11:40,131] INFO:  >> [GUARD] USDJPY position already active. Skipping.
[2026-05-06 09:11:40,131] INFO: SCANNING: US30 | PRICE: 49467.00 | BIAS: BULLISH | ER: 0.55 | VEL: 1.32
[2026-05-06 09:11:40,131] INFO:  >> [GUARD] US30 position already active. Skipping.
 !!! [MT5_RETRY_0] Order failed: Invalid volume (Code: 10014)
[2026-05-06 09:11:40,139] ERROR:  !!! [MT5_RETRY_0] Order failed: Invalid volume (Code: 10014)
 !!! [MT5_RETRY_1] Order failed: Invalid volume (Code: 10014)
[2026-05-06 09:11:40,139] ERROR:  !!! [MT5_RETRY_1] Order failed: Invalid volume (Code: 10014)
 !!! [MT5_RETRY_2] Order failed: Invalid volume (Code: 10014)
[2026-05-06 09:11:40,140] ERROR:  !!! [MT5_RETRY_2] Order failed: Invalid volume (Code: 10014)
[2026-05-06 09:11:50,344] INFO:  >> [SAFE_HANDOVER] Syncing DE30 SL to 24219.92171
[2026-05-06 09:11:50,345] INFO:  >> [SAFE_HANDOVER] Syncing XAUUSD SL to 4619.41605
[2026-05-06 09:11:50,442] INFO: SCANNING: USDJPY | PRICE: 157.68 | BIAS: BULLISH | ER: 0.2 | VEL: 1.38
[2026-05-06 09:11:50,442] INFO:  >> [GUARD] USDJPY position already active. Skipping.
[2026-05-06 09:11:50,443] INFO: SCANNING: US30 | PRICE: 49469.50 | BIAS: BULLISH | ER: 0.56 | VEL: 1.42
[2026-05-06 09:11:50,443] INFO:  >> [GUARD] US30 position already active. Skipping.
 !!! [MT5_RETRY_0] Order failed: Invalid volume (Code: 10014)
[2026-05-06 09:11:50,449] ERROR:  !!! [MT5_RETRY_0] Order failed: Invalid volume (Code: 10014)
 !!! [MT5_RETRY_1] Order failed: Invalid volume (Code: 10014)
[2026-05-06 09:11:50,450] ERROR:  !!! [MT5_RETRY_1] Order failed: Invalid volume (Code: 10014)
 !!! [MT5_RETRY_2] Order failed: Invalid volume (Code: 10014)
[2026-05-06 09:11:50,450] ERROR:  !!! [MT5_RETRY_2] Order failed: Invalid volume (Code: 10014)
[2026-05-06 09:12:00,656] INFO:  >> [SAFE_HANDOVER] Syncing DE30 SL to 24219.92171
[2026-05-06 09:12:00,658] INFO:  >> [SAFE_HANDOVER] Syncing XAUUSD SL to 4619.41605
[2026-05-06 09:12:00,756] INFO: SCANNING: USDJPY | PRICE: 157.68 | BIAS: BULLISH | ER: 0.2 | VEL: 1.38
[2026-05-06 09:12:00,756] INFO:  >> [GUARD] USDJPY position already active. Skipping.
[2026-05-06 09:12:00,757] INFO: SCANNING: US30 | PRICE: 49471.00 | BIAS: BULLISH | ER: 0.56 | VEL: 1.48
[2026-05-06 09:12:00,757] INFO:  >> [GUARD] US30 position already active. Skipping.
 !!! [MT5_RETRY_0] Order failed: Invalid volume (Code: 10014)
[2026-05-06 09:12:00,765] ERROR:  !!! [MT5_RETRY_0] Order failed: Invalid volume (Code: 10014)
 !!! [MT5_RETRY_1] Order failed: Invalid volume (Code: 10014)
[2026-05-06 09:12:00,765] ERROR:  !!! [MT5_RETRY_1] Order failed: Invalid volume (Code: 10014)
 !!! [MT5_RETRY_2] Order failed: Invalid volume (Code: 10014)
[2026-05-06 09:12:00,765] ERROR:  !!! [MT5_RETRY_2] Order failed: Invalid volume (Code: 10014)
[2026-05-06 09:12:10,970] INFO:  >> [SAFE_HANDOVER] Syncing DE30 SL to 24219.92171
[2026-05-06 09:12:10,970] INFO:  >> [SAFE_HANDOVER] Syncing XAUUSD SL to 4619.41605
[2026-05-06 09:12:11,068] INFO: SCANNING: USDJPY | PRICE: 157.69 | BIAS: BULLISH | ER: 0.19 | VEL: 1.45
[2026-05-06 09:12:11,068] INFO:  >> [GUARD] USDJPY position already active. Skipping.
[2026-05-06 09:12:11,068] INFO: SCANNING: US30 | PRICE: 49471.40 | BIAS: BULLISH | ER: 0.57 | VEL: 1.49
[2026-05-06 09:12:11,069] INFO:  >> [GUARD] US30 position already active. Skipping.
 !!! [MT5_RETRY_0] Order failed: Invalid volume (Code: 10014)
[2026-05-06 09:12:11,076] ERROR:  !!! [MT5_RETRY_0] Order failed: Invalid volume (Code: 10014)
 !!! [MT5_RETRY_1] Order failed: Invalid volume (Code: 10014)
[2026-05-06 09:12:11,076] ERROR:  !!! [MT5_RETRY_1] Order failed: Invalid volume (Code: 10014)
 !!! [MT5_RETRY_2] Order failed: Invalid volume (Code: 10014)
[2026-05-06 09:12:11,077] ERROR:  !!! [MT5_RETRY_2] Order failed: Invalid volume (Code: 10014)
[2026-05-06 09:12:21,318] INFO:  >> [SAFE_HANDOVER] Syncing DE30 SL to 24219.92171
[2026-05-06 09:12:21,319] INFO:  >> [SAFE_HANDOVER] Syncing XAUUSD SL to 4619.41605
[2026-05-06 09:12:21,418] INFO: SCANNING: USDJPY | PRICE: 157.69 | BIAS: BULLISH | ER: 0.2 | VEL: 1.43
[2026-05-06 09:12:21,418] INFO:  >> [GUARD] USDJPY position already active. Skipping.
[2026-05-06 09:12:21,419] INFO: SCANNING: US30 | PRICE: 49472.60 | BIAS: BULLISH | ER: 0.57 | VEL: 1.54
[2026-05-06 09:12:21,419] INFO:  >> [GUARD] US30 position already active. Skipping.
 !!! [MT5_RETRY_0] Order failed: Invalid volume (Code: 10014)
[2026-05-06 09:12:21,425] ERROR:  !!! [MT5_RETRY_0] Order failed: Invalid volume (Code: 10014)
 !!! [MT5_RETRY_1] Order failed: Invalid volume (Code: 10014)
[2026-05-06 09:12:21,427] ERROR:  !!! [MT5_RETRY_1] Order failed: Invalid volume (Code: 10014)
 !!! [MT5_RETRY_2] Order failed: Invalid volume (Code: 10014)
[2026-05-06 09:12:21,427] ERROR:  !!! [MT5_RETRY_2] Order failed: Invalid volume (Code: 10014)
[2026-05-06 09:12:31,639] INFO:  >> [SAFE_HANDOVER] Syncing DE30 SL to 24219.92171
[2026-05-06 09:12:31,641] INFO:  >> [SAFE_HANDOVER] Syncing XAUUSD SL to 4619.41605
[2026-05-06 09:12:31,737] INFO: SCANNING: USDJPY | PRICE: 157.69 | BIAS: BULLISH | ER: 0.19 | VEL: 1.45
[2026-05-06 09:12:31,737] INFO:  >> [GUARD] USDJPY position already active. Skipping.
[2026-05-06 09:12:31,738] INFO: SCANNING: US30 | PRICE: 49469.20 | BIAS: BULLISH | ER: 0.56 | VEL: 1.41
[2026-05-06 09:12:31,738] INFO:  >> [GUARD] US30 position already active. Skipping.
 !!! [MT5_RETRY_0] Order failed: Invalid volume (Code: 10014)
[2026-05-06 09:12:31,744] ERROR:  !!! [MT5_RETRY_0] Order failed: Invalid volume (Code: 10014)
 !!! [MT5_RETRY_1] Order failed: Invalid volume (Code: 10014)
[2026-05-06 09:12:31,744] ERROR:  !!! [MT5_RETRY_1] Order failed: Invalid volume (Code: 10014)
 !!! [MT5_RETRY_2] Order failed: Invalid volume (Code: 10014)
[2026-05-06 09:12:31,744] ERROR:  !!! [MT5_RETRY_2] Order failed: Invalid volume (Code: 10014)
[2026-05-06 09:12:41,955] INFO:  >> [SAFE_HANDOVER] Syncing DE30 SL to 24219.92171
[2026-05-06 09:12:41,956] INFO:  >> [SAFE_HANDOVER] Syncing XAUUSD SL to 4619.41605
[2026-05-06 09:12:42,052] INFO: SCANNING: USDJPY | PRICE: 157.69 | BIAS: BULLISH | ER: 0.2 | VEL: 1.43
[2026-05-06 09:12:42,052] INFO:  >> [GUARD] USDJPY position already active. Skipping.
[2026-05-06 09:12:42,053] INFO: SCANNING: US30 | PRICE: 49469.90 | BIAS: BULLISH | ER: 0.56 | VEL: 1.44
[2026-05-06 09:12:42,053] INFO:  >> [GUARD] US30 position already active. Skipping.
 !!! [MT5_RETRY_0] Order failed: Invalid volume (Code: 10014)
[2026-05-06 09:12:42,053] ERROR:  !!! [MT5_RETRY_0] Order failed: Invalid volume (Code: 10014)
 !!! [MT5_RETRY_1] Order failed: Invalid volume (Code: 10014)
[2026-05-06 09:12:42,055] ERROR:  !!! [MT5_RETRY_1] Order failed: Invalid volume (Code: 10014)
 !!! [MT5_RETRY_2] Order failed: Invalid volume (Code: 10014)
[2026-05-06 09:12:42,055] ERROR:  !!! [MT5_RETRY_2] Order failed: Invalid volume (Code: 10014)
[2026-05-06 09:12:52,257] INFO:  >> [SAFE_HANDOVER] Syncing DE30 SL to 24219.92171
[2026-05-06 09:12:52,257] INFO:  >> [SAFE_HANDOVER] Syncing XAUUSD SL to 4619.41605
[2026-05-06 09:12:52,353] INFO: SCANNING: USDJPY | PRICE: 157.69 | BIAS: BULLISH | ER: 0.2 | VEL: 1.43
[2026-05-06 09:12:52,353] INFO:  >> [GUARD] USDJPY position already active. Skipping.
[2026-05-06 09:12:52,354] INFO: SCANNING: US30 | PRICE: 49470.50 | BIAS: BULLISH | ER: 0.56 | VEL: 1.46
[2026-05-06 09:12:52,354] INFO:  >> [GUARD] US30 position already active. Skipping.
 !!! [MT5_RETRY_0] Order failed: Invalid volume (Code: 10014)
[2026-05-06 09:12:52,361] ERROR:  !!! [MT5_RETRY_0] Order failed: Invalid volume (Code: 10014)
 !!! [MT5_RETRY_1] Order failed: Invalid volume (Code: 10014)
[2026-05-06 09:12:52,361] ERROR:  !!! [MT5_RETRY_1] Order failed: Invalid volume (Code: 10014)
 !!! [MT5_RETRY_2] Order failed: Invalid volume (Code: 10014)
[2026-05-06 09:12:52,362] ERROR:  !!! [MT5_RETRY_2] Order failed: Invalid volume (Code: 10014)
[2026-05-06 09:13:02,571] INFO:  >> [SAFE_HANDOVER] Syncing DE30 SL to 24219.92171
[2026-05-06 09:13:02,571] INFO:  >> [SAFE_HANDOVER] Syncing XAUUSD SL to 4619.41605
[2026-05-06 09:13:02,667] INFO: SCANNING: USDJPY | PRICE: 157.69 | BIAS: BULLISH | ER: 0.2 | VEL: 1.43
[2026-05-06 09:13:02,667] INFO:  >> [GUARD] USDJPY position already active. Skipping.
[2026-05-06 09:13:02,668] INFO: SCANNING: US30 | PRICE: 49469.20 | BIAS: BULLISH | ER: 0.56 | VEL: 1.41
[2026-05-06 09:13:02,668] INFO:  >> [GUARD] US30 position already active. Skipping.
 !!! [MT5_RETRY_0] Order failed: Invalid volume (Code: 10014)
[2026-05-06 09:13:02,677] ERROR:  !!! [MT5_RETRY_0] Order failed: Invalid volume (Code: 10014)
 !!! [MT5_RETRY_1] Order failed: Invalid volume (Code: 10014)
[2026-05-06 09:13:02,677] ERROR:  !!! [MT5_RETRY_1] Order failed: Invalid volume (Code: 10014)
 !!! [MT5_RETRY_2] Order failed: Invalid volume (Code: 10014)
[2026-05-06 09:13:02,678] ERROR:  !!! [MT5_RETRY_2] Order failed: Invalid volume (Code: 10014)
[2026-05-06 09:13:12,924] INFO:  >> [SAFE_HANDOVER] Syncing DE30 SL to 24219.92171
[2026-05-06 09:13:12,925] INFO:  >> [SAFE_HANDOVER] Syncing XAUUSD SL to 4619.41605
[2026-05-06 09:13:13,020] INFO: SCANNING: USDJPY | PRICE: 157.69 | BIAS: BULLISH | ER: 0.2 | VEL: 1.43
[2026-05-06 09:13:13,020] INFO:  >> [GUARD] USDJPY position already active. Skipping.
[2026-05-06 09:13:13,022] INFO: SCANNING: US30 | PRICE: 49472.00 | BIAS: BULLISH | ER: 0.57 | VEL: 1.52
[2026-05-06 09:13:13,022] INFO:  >> [GUARD] US30 position already active. Skipping.
 !!! [MT5_RETRY_0] Order failed: Invalid volume (Code: 10014)
[2026-05-06 09:13:13,028] ERROR:  !!! [MT5_RETRY_0] Order failed: Invalid volume (Code: 10014)
 !!! [MT5_RETRY_1] Order failed: Invalid volume (Code: 10014)
[2026-05-06 09:13:13,028] ERROR:  !!! [MT5_RETRY_1] Order failed: Invalid volume (Code: 10014)
 !!! [MT5_RETRY_2] Order failed: Invalid volume (Code: 10014)
[2026-05-06 09:13:13,028] ERROR:  !!! [MT5_RETRY_2] Order failed: Invalid volume (Code: 10014)
[2026-05-06 09:13:23,238] INFO:  >> [SAFE_HANDOVER] Syncing DE30 SL to 24219.92171
[2026-05-06 09:13:23,334] INFO: SCANNING: USDJPY | PRICE: 157.69 | BIAS: BULLISH | ER: 0.19 | VEL: 1.48
[2026-05-06 09:13:23,334] INFO:  >> [GUARD] USDJPY position already active. Skipping.
[2026-05-06 09:13:23,335] INFO: SCANNING: US30 | PRICE: 49471.20 | BIAS: BULLISH | ER: 0.56 | VEL: 1.49
[2026-05-06 09:13:23,335] INFO:  >> [GUARD] US30 position already active. Skipping.
 !!! [MT5_RETRY_0] Order failed: Invalid volume (Code: 10014)
[2026-05-06 09:13:23,340] ERROR:  !!! [MT5_RETRY_0] Order failed: Invalid volume (Code: 10014)
 !!! [MT5_RETRY_1] Order failed: Invalid volume (Code: 10014)
[2026-05-06 09:13:23,342] ERROR:  !!! [MT5_RETRY_1] Order failed: Invalid volume (Code: 10014)
 !!! [MT5_RETRY_2] Order failed: Invalid volume (Code: 10014)
[2026-05-06 09:13:23,342] ERROR:  !!! [MT5_RETRY_2] Order failed: Invalid volume (Code: 10014)
[2026-05-06 09:13:33,554] INFO:  >> [SAFE_HANDOVER] Syncing DE30 SL to 24219.92171
[2026-05-06 09:13:33,653] INFO: SCANNING: USDJPY | PRICE: 157.69 | BIAS: BULLISH | ER: 0.19 | VEL: 1.45
[2026-05-06 09:13:33,654] INFO:  >> [GUARD] USDJPY position already active. Skipping.
[2026-05-06 09:13:33,654] INFO: SCANNING: US30 | PRICE: 49470.60 | BIAS: BULLISH | ER: 0.56 | VEL: 1.46
[2026-05-06 09:13:33,654] INFO:  >> [GUARD] US30 position already active. Skipping.
 !!! [MT5_RETRY_0] Order failed: Invalid volume (Code: 10014)
[2026-05-06 09:13:33,660] ERROR:  !!! [MT5_RETRY_0] Order failed: Invalid volume (Code: 10014)
 !!! [MT5_RETRY_1] Order failed: Invalid volume (Code: 10014)
[2026-05-06 09:13:33,661] ERROR:  !!! [MT5_RETRY_1] Order failed: Invalid volume (Code: 10014)
 !!! [MT5_RETRY_2] Order failed: Invalid volume (Code: 10014)
[2026-05-06 09:13:33,662] ERROR:  !!! [MT5_RETRY_2] Order failed: Invalid volume (Code: 10014)
[2026-05-06 09:13:43,873] INFO:  >> [SAFE_HANDOVER] Syncing DE30 SL to 24219.92171
[2026-05-06 09:13:44,276] INFO: SCANNING: USDJPY | PRICE: 157.69 | BIAS: BULLISH | ER: 0.2 | VEL: 1.43
[2026-05-06 09:13:44,276] INFO:  >> [GUARD] USDJPY position already active. Skipping.
[2026-05-06 09:13:44,276] INFO: SCANNING: US30 | PRICE: 49471.90 | BIAS: BULLISH | ER: 0.57 | VEL: 1.51
[2026-05-06 09:13:44,276] INFO:  >> [GUARD] US30 position already active. Skipping.
 !!! [MT5_RETRY_0] Order failed: Invalid volume (Code: 10014)
[2026-05-06 09:13:44,278] ERROR:  !!! [MT5_RETRY_0] Order failed: Invalid volume (Code: 10014)
 !!! [MT5_RETRY_1] Order failed: Invalid volume (Code: 10014)
[2026-05-06 09:13:44,278] ERROR:  !!! [MT5_RETRY_1] Order failed: Invalid volume (Code: 10014)
 !!! [MT5_RETRY_2] Order failed: Invalid volume (Code: 10014)
[2026-05-06 09:13:44,280] ERROR:  !!! [MT5_RETRY_2] Order failed: Invalid volume (Code: 10014)
[2026-05-06 09:13:54,860] INFO:  >> [SAFE_HANDOVER] Syncing DE30 SL to 24219.92171
[2026-05-06 09:13:54,959] INFO: SCANNING: USDJPY | PRICE: 157.69 | BIAS: BULLISH | ER: 0.19 | VEL: 1.45
[2026-05-06 09:13:54,959] INFO:  >> [GUARD] USDJPY position already active. Skipping.
[2026-05-06 09:13:54,960] INFO: SCANNING: US30 | PRICE: 49472.00 | BIAS: BULLISH | ER: 0.57 | VEL: 1.52
[2026-05-06 09:13:54,960] INFO:  >> [GUARD] US30 position already active. Skipping.
 !!! [MT5_RETRY_0] Order failed: Invalid volume (Code: 10014)
[2026-05-06 09:13:54,962] ERROR:  !!! [MT5_RETRY_0] Order failed: Invalid volume (Code: 10014)
 !!! [MT5_RETRY_1] Order failed: Invalid volume (Code: 10014)
[2026-05-06 09:13:54,962] ERROR:  !!! [MT5_RETRY_1] Order failed: Invalid volume (Code: 10014)
 !!! [MT5_RETRY_2] Order failed: Invalid volume (Code: 10014)
[2026-05-06 09:13:54,962] ERROR:  !!! [MT5_RETRY_2] Order failed: Invalid volume (Code: 10014)
[2026-05-06 09:14:05,209] INFO:  >> [SAFE_HANDOVER] Syncing DE30 SL to 24219.92171
[2026-05-06 09:14:05,305] INFO: SCANNING: USDJPY | PRICE: 157.70 | BIAS: BULLISH | ER: 0.18 | VEL: 1.6
[2026-05-06 09:14:05,305] INFO:  >> [GUARD] USDJPY position already active. Skipping.
[2026-05-06 09:14:05,305] INFO: SCANNING: US30 | PRICE: 49468.20 | BIAS: BULLISH | ER: 0.55 | VEL: 1.37
[2026-05-06 09:14:05,306] INFO:  >> [GUARD] US30 position already active. Skipping.
 !!! [MT5_RETRY_0] Order failed: Invalid volume (Code: 10014)
[2026-05-06 09:14:05,306] ERROR:  !!! [MT5_RETRY_0] Order failed: Invalid volume (Code: 10014)
 !!! [MT5_RETRY_1] Order failed: Invalid volume (Code: 10014)
[2026-05-06 09:14:05,308] ERROR:  !!! [MT5_RETRY_1] Order failed: Invalid volume (Code: 10014)
 !!! [MT5_RETRY_2] Order failed: Invalid volume (Code: 10014)
[2026-05-06 09:14:05,308] ERROR:  !!! [MT5_RETRY_2] Order failed: Invalid volume (Code: 10014)
[2026-05-06 09:14:15,518] INFO:  >> [SAFE_HANDOVER] Syncing DE30 SL to 24219.92171
[2026-05-06 09:14:15,613] INFO: SCANNING: USDJPY | PRICE: 157.71 | BIAS: BULLISH | ER: 0.17 | VEL: 1.78
[2026-05-06 09:14:15,613] INFO:  >> [GUARD] USDJPY position already active. Skipping.
[2026-05-06 09:14:15,613] INFO: SCANNING: US30 | PRICE: 49469.30 | BIAS: BULLISH | ER: 0.56 | VEL: 1.41
[2026-05-06 09:14:15,613] INFO:  >> [GUARD] US30 position already active. Skipping.
 !!! [MT5_RETRY_0] Order failed: Invalid volume (Code: 10014)
[2026-05-06 09:14:15,615] ERROR:  !!! [MT5_RETRY_0] Order failed: Invalid volume (Code: 10014)
 !!! [MT5_RETRY_1] Order failed: Invalid volume (Code: 10014)
[2026-05-06 09:14:15,617] ERROR:  !!! [MT5_RETRY_1] Order failed: Invalid volume (Code: 10014)
 !!! [MT5_RETRY_2] Order failed: Invalid volume (Code: 10014)
[2026-05-06 09:14:15,617] ERROR:  !!! [MT5_RETRY_2] Order failed: Invalid volume (Code: 10014)
[2026-05-06 09:14:25,837] INFO:  >> [SAFE_HANDOVER] Syncing DE30 SL to 24219.92171
[2026-05-06 09:14:25,936] INFO: SCANNING: USDJPY | PRICE: 157.71 | BIAS: BULLISH | ER: 0.17 | VEL: 1.71
[2026-05-06 09:14:25,936] INFO:  >> [GUARD] USDJPY position already active. Skipping.
[2026-05-06 09:14:25,936] INFO: SCANNING: US30 | PRICE: 49471.00 | BIAS: BULLISH | ER: 0.56 | VEL: 1.48
[2026-05-06 09:14:25,937] INFO:  >> [GUARD] US30 position already active. Skipping.
 !!! [MT5_RETRY_0] Order failed: Invalid volume (Code: 10014)
[2026-05-06 09:14:25,937] ERROR:  !!! [MT5_RETRY_0] Order failed: Invalid volume (Code: 10014)
 !!! [MT5_RETRY_1] Order failed: Invalid volume (Code: 10014)
[2026-05-06 09:14:25,937] ERROR:  !!! [MT5_RETRY_1] Order failed: Invalid volume (Code: 10014)
 !!! [MT5_RETRY_2] Order failed: Invalid volume (Code: 10014)
[2026-05-06 09:14:25,939] ERROR:  !!! [MT5_RETRY_2] Order failed: Invalid volume (Code: 10014)
[2026-05-06 09:14:36,226] INFO:  >> [SAFE_HANDOVER] Syncing DE30 SL to 24219.92171
[2026-05-06 09:14:36,324] INFO: SCANNING: USDJPY | PRICE: 157.71 | BIAS: BULLISH | ER: 0.17 | VEL: 1.78
[2026-05-06 09:14:36,324] INFO:  >> [GUARD] USDJPY position already active. Skipping.
[2026-05-06 09:14:36,326] INFO: SCANNING: US30 | PRICE: 49471.00 | BIAS: BULLISH | ER: 0.56 | VEL: 1.48
[2026-05-06 09:14:36,326] INFO:  >> [GUARD] US30 position already active. Skipping.
 !!! [MT5_RETRY_0] Order failed: Invalid volume (Code: 10014)
[2026-05-06 09:14:36,327] ERROR:  !!! [MT5_RETRY_0] Order failed: Invalid volume (Code: 10014)
 !!! [MT5_RETRY_1] Order failed: Invalid volume (Code: 10014)
[2026-05-06 09:14:36,327] ERROR:  !!! [MT5_RETRY_1] Order failed: Invalid volume (Code: 10014)
 !!! [MT5_RETRY_2] Order failed: Invalid volume (Code: 10014)
[2026-05-06 09:14:36,327] ERROR:  !!! [MT5_RETRY_2] Order failed: Invalid volume (Code: 10014)
[2026-05-06 09:14:46,607] INFO:  >> [SAFE_HANDOVER] Syncing DE30 SL to 24219.92171
[2026-05-06 09:14:46,705] INFO: SCANNING: USDJPY | PRICE: 157.71 | BIAS: BULLISH | ER: 0.17 | VEL: 1.79
[2026-05-06 09:14:46,707] INFO:  >> [GUARD] USDJPY position already active. Skipping.
[2026-05-06 09:14:46,707] INFO: SCANNING: US30 | PRICE: 49470.60 | BIAS: BULLISH | ER: 0.56 | VEL: 1.46
[2026-05-06 09:14:46,707] INFO:  >> [GUARD] US30 position already active. Skipping.
 !!! [MT5_RETRY_0] Order failed: Invalid volume (Code: 10014)
[2026-05-06 09:14:46,708] ERROR:  !!! [MT5_RETRY_0] Order failed: Invalid volume (Code: 10014)
 !!! [MT5_RETRY_1] Order failed: Invalid volume (Code: 10014)
[2026-05-06 09:14:46,708] ERROR:  !!! [MT5_RETRY_1] Order failed: Invalid volume (Code: 10014)
 !!! [MT5_RETRY_2] Order failed: Invalid volume (Code: 10014)
[2026-05-06 09:14:46,708] ERROR:  !!! [MT5_RETRY_2] Order failed: Invalid volume (Code: 10014)
[2026-05-06 09:14:56,921] INFO:  >> [SAFE_HANDOVER] Syncing DE30 SL to 24219.92171
[2026-05-06 09:14:57,017] INFO: SCANNING: USDJPY | PRICE: 157.71 | BIAS: BULLISH | ER: 0.17 | VEL: 1.78
[2026-05-06 09:14:57,017] INFO:  >> [GUARD] USDJPY position already active. Skipping.
[2026-05-06 09:14:57,019] INFO: SCANNING: US30 | PRICE: 49470.00 | BIAS: BULLISH | ER: 0.56 | VEL: 1.44
[2026-05-06 09:14:57,019] INFO:  >> [GUARD] US30 position already active. Skipping.
 !!! [MT5_RETRY_0] Order failed: Invalid volume (Code: 10014)
[2026-05-06 09:14:57,021] ERROR:  !!! [MT5_RETRY_0] Order failed: Invalid volume (Code: 10014)
 !!! [MT5_RETRY_1] Order failed: Invalid volume (Code: 10014)
[2026-05-06 09:14:57,021] ERROR:  !!! [MT5_RETRY_1] Order failed: Invalid volume (Code: 10014)
 !!! [MT5_RETRY_2] Order failed: Invalid volume (Code: 10014)
[2026-05-06 09:14:57,021] ERROR:  !!! [MT5_RETRY_2] Order failed: Invalid volume (Code: 10014)
[2026-05-06 09:15:07,316] INFO:  >> [SAFE_HANDOVER] Syncing DE30 SL to 24219.92171
[2026-05-06 09:15:07,415] INFO: SCANNING: USDJPY | PRICE: 157.71 | BIAS: BULLISH | ER: 0.06 | VEL: 1.02
[2026-05-06 09:15:07,415] INFO:  >> [GUARD] USDJPY position already active. Skipping.
[2026-05-06 09:15:07,416] INFO: SCANNING: US30 | PRICE: 49470.50 | BIAS: BULLISH | ER: 0.39 | VEL: 0.74
[2026-05-06 09:15:07,416] INFO:  >> [GUARD] US30 position already active. Skipping.
 !!! [MT5_RETRY_0] Order failed: Invalid volume (Code: 10014)
[2026-05-06 09:15:07,418] ERROR:  !!! [MT5_RETRY_0] Order failed: Invalid volume (Code: 10014)
 !!! [MT5_RETRY_1] Order failed: Invalid volume (Code: 10014)
[2026-05-06 09:15:07,418] ERROR:  !!! [MT5_RETRY_1] Order failed: Invalid volume (Code: 10014)
 !!! [MT5_RETRY_2] Order failed: Invalid volume (Code: 10014)
[2026-05-06 09:15:07,418] ERROR:  !!! [MT5_RETRY_2] Order failed: Invalid volume (Code: 10014)
[2026-05-06 09:15:17,722] INFO: SCANNING: USDJPY | PRICE: 157.71 | BIAS: BULLISH | ER: 0.06 | VEL: 1.0
[2026-05-06 09:15:17,724] INFO:  >> [GUARD] USDJPY position already active. Skipping.
[2026-05-06 09:15:17,724] INFO: SCANNING: US30 | PRICE: 49470.30 | BIAS: BULLISH | ER: 0.39 | VEL: 0.72
[2026-05-06 09:15:17,724] INFO:  >> [GUARD] US30 position already active. Skipping.
 !!! [MT5_RETRY_0] Order failed: Invalid volume (Code: 10014)
[2026-05-06 09:15:17,730] ERROR:  !!! [MT5_RETRY_0] Order failed: Invalid volume (Code: 10014)
 !!! [MT5_RETRY_1] Order failed: Invalid volume (Code: 10014)
[2026-05-06 09:15:17,732] ERROR:  !!! [MT5_RETRY_1] Order failed: Invalid volume (Code: 10014)
 !!! [MT5_RETRY_2] Order failed: Invalid volume (Code: 10014)
[2026-05-06 09:15:17,732] ERROR:  !!! [MT5_RETRY_2] Order failed: Invalid volume (Code: 10014)
[2026-05-06 09:15:28,035] INFO: SCANNING: USDJPY | PRICE: 157.71 | BIAS: BULLISH | ER: 0.06 | VEL: 0.93
[2026-05-06 09:15:28,036] INFO:  >> [GUARD] USDJPY position already active. Skipping.
[2026-05-06 09:15:28,036] INFO: SCANNING: US30 | PRICE: 49470.90 | BIAS: BULLISH | ER: 0.39 | VEL: 0.74
[2026-05-06 09:15:28,036] INFO:  >> [GUARD] US30 position already active. Skipping.
 !!! [MT5_RETRY_0] Order failed: Invalid volume (Code: 10014)
[2026-05-06 09:15:28,044] ERROR:  !!! [MT5_RETRY_0] Order failed: Invalid volume (Code: 10014)
 !!! [MT5_RETRY_1] Order failed: Invalid volume (Code: 10014)
[2026-05-06 09:15:28,045] ERROR:  !!! [MT5_RETRY_1] Order failed: Invalid volume (Code: 10014)
 !!! [MT5_RETRY_2] Order failed: Invalid volume (Code: 10014)
[2026-05-06 09:15:28,045] ERROR:  !!! [MT5_RETRY_2] Order failed: Invalid volume (Code: 10014)
[2026-05-06 09:15:38,398] INFO: SCANNING: USDJPY | PRICE: 157.71 | BIAS: BULLISH | ER: 0.06 | VEL: 0.95
[2026-05-06 09:15:38,398] INFO:  >> [GUARD] USDJPY position already active. Skipping.
[2026-05-06 09:15:38,398] INFO: SCANNING: US30 | PRICE: 49470.20 | BIAS: BULLISH | ER: 0.38 | VEL: 0.71
[2026-05-06 09:15:38,398] INFO:  >> [GUARD] US30 position already active. Skipping.
 !!! [MT5_RETRY_0] Order failed: Invalid volume (Code: 10014)
[2026-05-06 09:15:38,406] ERROR:  !!! [MT5_RETRY_0] Order failed: Invalid volume (Code: 10014)
 !!! [MT5_RETRY_1] Order failed: Invalid volume (Code: 10014)
[2026-05-06 09:15:38,406] ERROR:  !!! [MT5_RETRY_1] Order failed: Invalid volume (Code: 10014)
 !!! [MT5_RETRY_2] Order failed: Invalid volume (Code: 10014)
[2026-05-06 09:15:38,408] ERROR:  !!! [MT5_RETRY_2] Order failed: Invalid volume (Code: 10014)
[2026-05-06 09:15:48,713] INFO: SCANNING: USDJPY | PRICE: 157.71 | BIAS: BULLISH | ER: 0.06 | VEL: 0.99
[2026-05-06 09:15:48,713] INFO:  >> [GUARD] USDJPY position already active. Skipping.
[2026-05-06 09:15:48,715] INFO: SCANNING: US30 | PRICE: 49470.20 | BIAS: BULLISH | ER: 0.38 | VEL: 0.71
[2026-05-06 09:15:48,715] INFO:  >> [GUARD] US30 position already active. Skipping.
 !!! [MT5_RETRY_0] Order failed: Invalid volume (Code: 10014)
[2026-05-06 09:15:48,716] ERROR:  !!! [MT5_RETRY_0] Order failed: Invalid volume (Code: 10014)
 !!! [MT5_RETRY_1] Order failed: Invalid volume (Code: 10014)
[2026-05-06 09:15:48,716] ERROR:  !!! [MT5_RETRY_1] Order failed: Invalid volume (Code: 10014)
 !!! [MT5_RETRY_2] Order failed: Invalid volume (Code: 10014)
[2026-05-06 09:15:48,716] ERROR:  !!! [MT5_RETRY_2] Order failed: Invalid volume (Code: 10014)
[2026-05-06 09:15:59,091] INFO: SCANNING: USDJPY | PRICE: 157.71 | BIAS: BULLISH | ER: 0.06 | VEL: 1.01
[2026-05-06 09:15:59,091] INFO:  >> [GUARD] USDJPY position already active. Skipping.
[2026-05-06 09:15:59,091] INFO: SCANNING: US30 | PRICE: 49472.30 | BIAS: BULLISH | ER: 0.39 | VEL: 0.8
[2026-05-06 09:15:59,091] INFO:  >> [GUARD] US30 position already active. Skipping.
 !!! [MT5_RETRY_0] Order failed: Invalid volume (Code: 10014)
[2026-05-06 09:15:59,125] ERROR:  !!! [MT5_RETRY_0] Order failed: Invalid volume (Code: 10014)
 !!! [MT5_RETRY_1] Order failed: Invalid volume (Code: 10014)
[2026-05-06 09:15:59,125] ERROR:  !!! [MT5_RETRY_1] Order failed: Invalid volume (Code: 10014)
 !!! [MT5_RETRY_2] Order failed: Invalid volume (Code: 10014)
[2026-05-06 09:15:59,126] ERROR:  !!! [MT5_RETRY_2] Order failed: Invalid volume (Code: 10014)
[2026-05-06 09:16:09,457] INFO: SCANNING: USDJPY | PRICE: 157.71 | BIAS: BULLISH | ER: 0.06 | VEL: 1.01
[2026-05-06 09:16:09,457] INFO:  >> [GUARD] USDJPY position already active. Skipping.
[2026-05-06 09:16:09,459] INFO: SCANNING: US30 | PRICE: 49474.10 | BIAS: BULLISH | ER: 0.4 | VEL: 0.86
[2026-05-06 09:16:09,459] INFO:  >> [GUARD] US30 position already active. Skipping.
 !!! [MT5_RETRY_0] Order failed: Invalid volume (Code: 10014)
[2026-05-06 09:16:09,460] ERROR:  !!! [MT5_RETRY_0] Order failed: Invalid volume (Code: 10014)
 !!! [MT5_RETRY_1] Order failed: Invalid volume (Code: 10014)
[2026-05-06 09:16:09,460] ERROR:  !!! [MT5_RETRY_1] Order failed: Invalid volume (Code: 10014)
 !!! [MT5_RETRY_2] Order failed: Invalid volume (Code: 10014)
[2026-05-06 09:16:09,460] ERROR:  !!! [MT5_RETRY_2] Order failed: Invalid volume (Code: 10014)
[2026-05-06 09:16:19,767] INFO: SCANNING: USDJPY | PRICE: 157.71 | BIAS: BULLISH | ER: 0.06 | VEL: 0.93
[2026-05-06 09:16:19,767] INFO:  >> [GUARD] USDJPY position already active. Skipping.
[2026-05-06 09:16:19,768] INFO: SCANNING: US30 | PRICE: 49473.20 | BIAS: BULLISH | ER: 0.4 | VEL: 0.82
[2026-05-06 09:16:19,768] INFO:  >> [GUARD] US30 position already active. Skipping.
 !!! [MT5_RETRY_0] Order failed: Invalid volume (Code: 10014)
[2026-05-06 09:16:19,770] ERROR:  !!! [MT5_RETRY_0] Order failed: Invalid volume (Code: 10014)
 !!! [MT5_RETRY_1] Order failed: Invalid volume (Code: 10014)
[2026-05-06 09:16:19,770] ERROR:  !!! [MT5_RETRY_1] Order failed: Invalid volume (Code: 10014)
 !!! [MT5_RETRY_2] Order failed: Invalid volume (Code: 10014)
[2026-05-06 09:16:19,770] ERROR:  !!! [MT5_RETRY_2] Order failed: Invalid volume (Code: 10014)
[2026-05-06 09:16:30,128] INFO: SCANNING: USDJPY | PRICE: 157.72 | BIAS: BULLISH | ER: 0.04 | VEL: 1.16
[2026-05-06 09:16:30,128] INFO:  >> [GUARD] USDJPY position already active. Skipping.
[2026-05-06 09:16:30,129] INFO: SCANNING: US30 | PRICE: 49474.30 | BIAS: BULLISH | ER: 0.4 | VEL: 0.87
[2026-05-06 09:16:30,129] INFO:  >> [GUARD] US30 position already active. Skipping.
 !!! [MT5_RETRY_0] Order failed: Invalid volume (Code: 10014)
[2026-05-06 09:16:30,130] ERROR:  !!! [MT5_RETRY_0] Order failed: Invalid volume (Code: 10014)
 !!! [MT5_RETRY_1] Order failed: Invalid volume (Code: 10014)
[2026-05-06 09:16:30,132] ERROR:  !!! [MT5_RETRY_1] Order failed: Invalid volume (Code: 10014)
 !!! [MT5_RETRY_2] Order failed: Invalid volume (Code: 10014)
[2026-05-06 09:16:30,132] ERROR:  !!! [MT5_RETRY_2] Order failed: Invalid volume (Code: 10014)
[2026-05-06 09:16:40,446] INFO: SCANNING: USDJPY | PRICE: 157.72 | BIAS: BULLISH | ER: 0.04 | VEL: 1.16
[2026-05-06 09:16:40,447] INFO:  >> [GUARD] USDJPY position already active. Skipping.
[2026-05-06 09:16:40,447] INFO: SCANNING: US30 | PRICE: 49473.10 | BIAS: BULLISH | ER: 0.4 | VEL: 0.82
[2026-05-06 09:16:40,447] INFO:  >> [GUARD] US30 position already active. Skipping.
 !!! [MT5_RETRY_0] Order failed: Invalid volume (Code: 10014)
[2026-05-06 09:16:40,449] ERROR:  !!! [MT5_RETRY_0] Order failed: Invalid volume (Code: 10014)
 !!! [MT5_RETRY_1] Order failed: Invalid volume (Code: 10014)
[2026-05-06 09:16:40,449] ERROR:  !!! [MT5_RETRY_1] Order failed: Invalid volume (Code: 10014)
 !!! [MT5_RETRY_2] Order failed: Invalid volume (Code: 10014)
[2026-05-06 09:16:40,449] ERROR:  !!! [MT5_RETRY_2] Order failed: Invalid volume (Code: 10014)
[2026-05-06 09:16:50,832] INFO: SCANNING: USDJPY | PRICE: 157.73 | BIAS: BULLISH | ER: 0.03 | VEL: 1.23
[2026-05-06 09:16:50,832] INFO:  >> [GUARD] USDJPY position already active. Skipping.
[2026-05-06 09:16:50,833] INFO: SCANNING: US30 | PRICE: 49473.50 | BIAS: BULLISH | ER: 0.4 | VEL: 0.84
[2026-05-06 09:16:50,833] INFO:  >> [GUARD] US30 position already active. Skipping.
 !!! [MT5_RETRY_0] Order failed: Invalid volume (Code: 10014)
[2026-05-06 09:16:50,835] ERROR:  !!! [MT5_RETRY_0] Order failed: Invalid volume (Code: 10014)
 !!! [MT5_RETRY_1] Order failed: Invalid volume (Code: 10014)
[2026-05-06 09:16:50,835] ERROR:  !!! [MT5_RETRY_1] Order failed: Invalid volume (Code: 10014)
 !!! [MT5_RETRY_2] Order failed: Invalid volume (Code: 10014)
[2026-05-06 09:16:50,837] ERROR:  !!! [MT5_RETRY_2] Order failed: Invalid volume (Code: 10014)
[2026-05-06 09:17:01,200] INFO: SCANNING: USDJPY | PRICE: 157.72 | BIAS: BULLISH | ER: 0.04 | VEL: 1.16
[2026-05-06 09:17:01,200] INFO:  >> [GUARD] USDJPY position already active. Skipping.
[2026-05-06 09:17:01,202] INFO: SCANNING: US30 | PRICE: 49472.30 | BIAS: BULLISH | ER: 0.39 | VEL: 0.78
[2026-05-06 09:17:01,202] INFO:  >> [GUARD] US30 position already active. Skipping.
 !!! [MT5_RETRY_0] Order failed: Invalid volume (Code: 10014)
[2026-05-06 09:17:01,203] ERROR:  !!! [MT5_RETRY_0] Order failed: Invalid volume (Code: 10014)
 !!! [MT5_RETRY_1] Order failed: Invalid volume (Code: 10014)
[2026-05-06 09:17:01,203] ERROR:  !!! [MT5_RETRY_1] Order failed: Invalid volume (Code: 10014)
 !!! [MT5_RETRY_2] Order failed: Invalid volume (Code: 10014)
[2026-05-06 09:17:01,203] ERROR:  !!! [MT5_RETRY_2] Order failed: Invalid volume (Code: 10014)
[2026-05-06 09:17:11,533] INFO: SCANNING: USDJPY | PRICE: 157.72 | BIAS: BULLISH | ER: 0.04 | VEL: 1.14
[2026-05-06 09:17:11,533] INFO:  >> [GUARD] USDJPY position already active. Skipping.
[2026-05-06 09:17:11,533] INFO: SCANNING: US30 | PRICE: 49474.50 | BIAS: BULLISH | ER: 0.4 | VEL: 0.88
[2026-05-06 09:17:11,533] INFO:  >> [GUARD] US30 position already active. Skipping.
 !!! [MT5_RETRY_0] Order failed: Invalid volume (Code: 10014)
[2026-05-06 09:17:11,541] ERROR:  !!! [MT5_RETRY_0] Order failed: Invalid volume (Code: 10014)
 !!! [MT5_RETRY_1] Order failed: Invalid volume (Code: 10014)
[2026-05-06 09:17:11,541] ERROR:  !!! [MT5_RETRY_1] Order failed: Invalid volume (Code: 10014)
 !!! [MT5_RETRY_2] Order failed: Invalid volume (Code: 10014)
[2026-05-06 09:17:11,542] ERROR:  !!! [MT5_RETRY_2] Order failed: Invalid volume (Code: 10014)
[2026-05-06 09:17:21,942] INFO: SCANNING: USDJPY | PRICE: 157.72 | BIAS: BULLISH | ER: 0.04 | VEL: 1.14
[2026-05-06 09:17:21,942] INFO:  >> [GUARD] USDJPY position already active. Skipping.
[2026-05-06 09:17:21,942] INFO: SCANNING: US30 | PRICE: 49475.40 | BIAS: BULLISH | ER: 0.41 | VEL: 0.91
[2026-05-06 09:17:21,944] INFO:  >> [GUARD] US30 position already active. Skipping.
 !!! [MT5_RETRY_0] Order failed: Invalid volume (Code: 10014)
[2026-05-06 09:17:21,950] ERROR:  !!! [MT5_RETRY_0] Order failed: Invalid volume (Code: 10014)
 !!! [MT5_RETRY_1] Order failed: Invalid volume (Code: 10014)
[2026-05-06 09:17:21,950] ERROR:  !!! [MT5_RETRY_1] Order failed: Invalid volume (Code: 10014)
 !!! [MT5_RETRY_2] Order failed: Invalid volume (Code: 10014)
[2026-05-06 09:17:21,950] ERROR:  !!! [MT5_RETRY_2] Order failed: Invalid volume (Code: 10014)
[2026-05-06 09:17:32,268] INFO: SCANNING: USDJPY | PRICE: 157.71 | BIAS: BULLISH | ER: 0.05 | VEL: 1.0
[2026-05-06 09:17:32,268] INFO:  >> [GUARD] USDJPY position already active. Skipping.
[2026-05-06 09:17:32,268] INFO: SCANNING: US30 | PRICE: 49475.50 | BIAS: BULLISH | ER: 0.41 | VEL: 0.92
[2026-05-06 09:17:32,268] INFO:  >> [GUARD] US30 position already active. Skipping.
 !!! [MT5_RETRY_0] Order failed: Invalid volume (Code: 10014)
[2026-05-06 09:17:32,275] ERROR:  !!! [MT5_RETRY_0] Order failed: Invalid volume (Code: 10014)
 !!! [MT5_RETRY_1] Order failed: Invalid volume (Code: 10014)
[2026-05-06 09:17:32,275] ERROR:  !!! [MT5_RETRY_1] Order failed: Invalid volume (Code: 10014)
 !!! [MT5_RETRY_2] Order failed: Invalid volume (Code: 10014)
[2026-05-06 09:17:32,277] ERROR:  !!! [MT5_RETRY_2] Order failed: Invalid volume (Code: 10014)
[2026-05-06 09:17:42,593] INFO: SCANNING: USDJPY | PRICE: 157.72 | BIAS: BULLISH | ER: 0.05 | VEL: 1.05
[2026-05-06 09:17:42,593] INFO:  >> [GUARD] USDJPY position already active. Skipping.
[2026-05-06 09:17:42,594] INFO: SCANNING: US30 | PRICE: 49474.40 | BIAS: BULLISH | ER: 0.4 | VEL: 0.87
[2026-05-06 09:17:42,594] INFO:  >> [GUARD] US30 position already active. Skipping.
 !!! [MT5_RETRY_0] Order failed: Invalid volume (Code: 10014)
[2026-05-06 09:17:42,602] ERROR:  !!! [MT5_RETRY_0] Order failed: Invalid volume (Code: 10014)
 !!! [MT5_RETRY_1] Order failed: Invalid volume (Code: 10014)
[2026-05-06 09:17:42,602] ERROR:  !!! [MT5_RETRY_1] Order failed: Invalid volume (Code: 10014)
 !!! [MT5_RETRY_2] Order failed: Invalid volume (Code: 10014)
[2026-05-06 09:17:42,602] ERROR:  !!! [MT5_RETRY_2] Order failed: Invalid volume (Code: 10014)
[2026-05-06 09:17:52,948] INFO: SCANNING: USDJPY | PRICE: 157.70 | BIAS: BULLISH | ER: 0.08 | VEL: 0.66
[2026-05-06 09:17:52,950] INFO:  >> [GUARD] USDJPY position already active. Skipping.
[2026-05-06 09:17:52,950] INFO: SCANNING: US30 | PRICE: 49474.40 | BIAS: BULLISH | ER: 0.4 | VEL: 0.87
[2026-05-06 09:17:52,950] INFO:  >> [GUARD] US30 position already active. Skipping.
 !!! [MT5_RETRY_0] Order failed: Invalid volume (Code: 10014)
[2026-05-06 09:17:52,957] ERROR:  !!! [MT5_RETRY_0] Order failed: Invalid volume (Code: 10014)
 !!! [MT5_RETRY_1] Order failed: Invalid volume (Code: 10014)
[2026-05-06 09:17:52,957] ERROR:  !!! [MT5_RETRY_1] Order failed: Invalid volume (Code: 10014)
 !!! [MT5_RETRY_2] Order failed: Invalid volume (Code: 10014)
[2026-05-06 09:17:52,959] ERROR:  !!! [MT5_RETRY_2] Order failed: Invalid volume (Code: 10014)
[2026-05-06 09:18:03,263] INFO: SCANNING: USDJPY | PRICE: 157.71 | BIAS: BULLISH | ER: 0.06 | VEL: 0.87
[2026-05-06 09:18:03,263] INFO:  >> [GUARD] USDJPY position already active. Skipping.
[2026-05-06 09:18:03,264] INFO: SCANNING: US30 | PRICE: 49475.90 | BIAS: BULLISH | ER: 0.41 | VEL: 0.93
[2026-05-06 09:18:03,264] INFO:  >> [GUARD] US30 position already active. Skipping.
 !!! [MT5_RETRY_0] Order failed: Invalid volume (Code: 10014)
[2026-05-06 09:18:03,270] ERROR:  !!! [MT5_RETRY_0] Order failed: Invalid volume (Code: 10014)
 !!! [MT5_RETRY_1] Order failed: Invalid volume (Code: 10014)
[2026-05-06 09:18:03,270] ERROR:  !!! [MT5_RETRY_1] Order failed: Invalid volume (Code: 10014)
 !!! [MT5_RETRY_2] Order failed: Invalid volume (Code: 10014)
[2026-05-06 09:18:03,272] ERROR:  !!! [MT5_RETRY_2] Order failed: Invalid volume (Code: 10014)
[2026-05-06 09:18:13,584] INFO: SCANNING: USDJPY | PRICE: 157.71 | BIAS: BULLISH | ER: 0.07 | VEL: 0.85
[2026-05-06 09:18:13,584] INFO:  >> [GUARD] USDJPY position already active. Skipping.
[2026-05-06 09:18:13,586] INFO: SCANNING: US30 | PRICE: 49476.40 | BIAS: BULLISH | ER: 0.41 | VEL: 0.95
[2026-05-06 09:18:13,586] INFO:  >> [GUARD] US30 position already active. Skipping.
 !!! [MT5_RETRY_0] Order failed: Invalid volume (Code: 10014)
[2026-05-06 09:18:13,587] ERROR:  !!! [MT5_RETRY_0] Order failed: Invalid volume (Code: 10014)
 !!! [MT5_RETRY_1] Order failed: Invalid volume (Code: 10014)
[2026-05-06 09:18:13,587] ERROR:  !!! [MT5_RETRY_1] Order failed: Invalid volume (Code: 10014)
 !!! [MT5_RETRY_2] Order failed: Invalid volume (Code: 10014)
[2026-05-06 09:18:13,587] ERROR:  !!! [MT5_RETRY_2] Order failed: Invalid volume (Code: 10014)
[2026-05-06 09:18:23,911] INFO: SCANNING: USDJPY | PRICE: 157.71 | BIAS: BULLISH | ER: 0.07 | VEL: 0.85
[2026-05-06 09:18:23,913] INFO:  >> [GUARD] USDJPY position already active. Skipping.
[2026-05-06 09:18:23,914] INFO: SCANNING: US30 | PRICE: 49475.00 | BIAS: BULLISH | ER: 0.4 | VEL: 0.89
[2026-05-06 09:18:23,914] INFO:  >> [GUARD] US30 position already active. Skipping.
 !!! [MT5_RETRY_0] Order failed: Invalid volume (Code: 10014)
[2026-05-06 09:18:23,915] ERROR:  !!! [MT5_RETRY_0] Order failed: Invalid volume (Code: 10014)
 !!! [MT5_RETRY_1] Order failed: Invalid volume (Code: 10014)
[2026-05-06 09:18:23,915] ERROR:  !!! [MT5_RETRY_1] Order failed: Invalid volume (Code: 10014)
 !!! [MT5_RETRY_2] Order failed: Invalid volume (Code: 10014)
[2026-05-06 09:18:23,915] ERROR:  !!! [MT5_RETRY_2] Order failed: Invalid volume (Code: 10014)
[2026-05-06 09:18:34,224] INFO: SCANNING: USDJPY | PRICE: 157.71 | BIAS: BULLISH | ER: 0.07 | VEL: 0.85
[2026-05-06 09:18:34,224] INFO:  >> [GUARD] USDJPY position already active. Skipping.
[2026-05-06 09:18:34,226] INFO: SCANNING: US30 | PRICE: 49475.30 | BIAS: BULLISH | ER: 0.4 | VEL: 0.9
[2026-05-06 09:18:34,226] INFO:  >> [GUARD] US30 position already active. Skipping.
 !!! [MT5_RETRY_0] Order failed: Invalid volume (Code: 10014)
[2026-05-06 09:18:34,228] ERROR:  !!! [MT5_RETRY_0] Order failed: Invalid volume (Code: 10014)
 !!! [MT5_RETRY_1] Order failed: Invalid volume (Code: 10014)
[2026-05-06 09:18:34,228] ERROR:  !!! [MT5_RETRY_1] Order failed: Invalid volume (Code: 10014)
 !!! [MT5_RETRY_2] Order failed: Invalid volume (Code: 10014)
[2026-05-06 09:18:34,228] ERROR:  !!! [MT5_RETRY_2] Order failed: Invalid volume (Code: 10014)
[2026-05-06 09:18:44,546] INFO: SCANNING: USDJPY | PRICE: 157.71 | BIAS: BULLISH | ER: 0.06 | VEL: 0.88
[2026-05-06 09:18:44,547] INFO:  >> [GUARD] USDJPY position already active. Skipping.
[2026-05-06 09:18:44,547] INFO: SCANNING: US30 | PRICE: 49475.00 | BIAS: BULLISH | ER: 0.4 | VEL: 0.89
[2026-05-06 09:18:44,547] INFO:  >> [GUARD] US30 position already active. Skipping.
 !!! [MT5_RETRY_0] Order failed: Invalid volume (Code: 10014)
[2026-05-06 09:18:44,549] ERROR:  !!! [MT5_RETRY_0] Order failed: Invalid volume (Code: 10014)
 !!! [MT5_RETRY_1] Order failed: Invalid volume (Code: 10014)
[2026-05-06 09:18:44,550] ERROR:  !!! [MT5_RETRY_1] Order failed: Invalid volume (Code: 10014)
 !!! [MT5_RETRY_2] Order failed: Invalid volume (Code: 10014)
[2026-05-06 09:18:44,550] ERROR:  !!! [MT5_RETRY_2] Order failed: Invalid volume (Code: 10014)
[2026-05-06 09:18:54,858] INFO: SCANNING: USDJPY | PRICE: 157.72 | BIAS: BULLISH | ER: 0.04 | VEL: 1.13
[2026-05-06 09:18:54,858] INFO:  >> [GUARD] USDJPY position already active. Skipping.
[2026-05-06 09:18:54,858] INFO: SCANNING: US30 | PRICE: 49475.90 | BIAS: BULLISH | ER: 0.41 | VEL: 0.93
[2026-05-06 09:18:54,859] INFO:  >> [GUARD] US30 position already active. Skipping.
 !!! [MT5_RETRY_0] Order failed: Invalid volume (Code: 10014)
[2026-05-06 09:18:54,859] ERROR:  !!! [MT5_RETRY_0] Order failed: Invalid volume (Code: 10014)
 !!! [MT5_RETRY_1] Order failed: Invalid volume (Code: 10014)
[2026-05-06 09:18:54,861] ERROR:  !!! [MT5_RETRY_1] Order failed: Invalid volume (Code: 10014)
 !!! [MT5_RETRY_2] Order failed: Invalid volume (Code: 10014)
[2026-05-06 09:18:54,861] ERROR:  !!! [MT5_RETRY_2] Order failed: Invalid volume (Code: 10014)
[2026-05-06 09:19:05,183] INFO: SCANNING: USDJPY | PRICE: 157.72 | BIAS: BULLISH | ER: 0.05 | VEL: 1.06
[2026-05-06 09:19:05,183] INFO:  >> [GUARD] USDJPY position already active. Skipping.
[2026-05-06 09:19:05,183] INFO: SCANNING: US30 | PRICE: 49475.50 | BIAS: BULLISH | ER: 0.41 | VEL: 0.91
[2026-05-06 09:19:05,184] INFO:  >> [GUARD] US30 position already active. Skipping.
 !!! [MT5_RETRY_0] Order failed: Invalid volume (Code: 10014)
[2026-05-06 09:19:05,184] ERROR:  !!! [MT5_RETRY_0] Order failed: Invalid volume (Code: 10014)
 !!! [MT5_RETRY_1] Order failed: Invalid volume (Code: 10014)
[2026-05-06 09:19:05,184] ERROR:  !!! [MT5_RETRY_1] Order failed: Invalid volume (Code: 10014)
 !!! [MT5_RETRY_2] Order failed: Invalid volume (Code: 10014)
[2026-05-06 09:19:05,186] ERROR:  !!! [MT5_RETRY_2] Order failed: Invalid volume (Code: 10014)
[2026-05-06 09:19:15,503] INFO: SCANNING: USDJPY | PRICE: 157.72 | BIAS: BULLISH | ER: 0.04 | VEL: 1.09
[2026-05-06 09:19:15,503] INFO:  >> [GUARD] USDJPY position already active. Skipping.
[2026-05-06 09:19:15,505] INFO: SCANNING: US30 | PRICE: 49476.00 | BIAS: BULLISH | ER: 0.41 | VEL: 0.93
[2026-05-06 09:19:15,505] INFO:  >> [GUARD] US30 position already active. Skipping.
 !!! [MT5_RETRY_0] Order failed: Invalid volume (Code: 10014)
[2026-05-06 09:19:15,505] ERROR:  !!! [MT5_RETRY_0] Order failed: Invalid volume (Code: 10014)
 !!! [MT5_RETRY_1] Order failed: Invalid volume (Code: 10014)
[2026-05-06 09:19:15,506] ERROR:  !!! [MT5_RETRY_1] Order failed: Invalid volume (Code: 10014)
 !!! [MT5_RETRY_2] Order failed: Invalid volume (Code: 10014)
[2026-05-06 09:19:15,506] ERROR:  !!! [MT5_RETRY_2] Order failed: Invalid volume (Code: 10014)
[2026-05-06 09:19:25,812] INFO: SCANNING: USDJPY | PRICE: 157.72 | BIAS: BULLISH | ER: 0.04 | VEL: 1.08
[2026-05-06 09:19:25,813] INFO:  >> [GUARD] USDJPY position already active. Skipping.
[2026-05-06 09:19:25,813] INFO: SCANNING: US30 | PRICE: 49476.00 | BIAS: BULLISH | ER: 0.41 | VEL: 0.93
[2026-05-06 09:19:25,813] INFO:  >> [GUARD] US30 position already active. Skipping.
 !!! [MT5_RETRY_0] Order failed: Invalid volume (Code: 10014)
[2026-05-06 09:19:25,815] ERROR:  !!! [MT5_RETRY_0] Order failed: Invalid volume (Code: 10014)
 !!! [MT5_RETRY_1] Order failed: Invalid volume (Code: 10014)
[2026-05-06 09:19:25,815] ERROR:  !!! [MT5_RETRY_1] Order failed: Invalid volume (Code: 10014)
 !!! [MT5_RETRY_2] Order failed: Invalid volume (Code: 10014)
[2026-05-06 09:19:25,815] ERROR:  !!! [MT5_RETRY_2] Order failed: Invalid volume (Code: 10014)
[2026-05-06 09:19:36,123] INFO: SCANNING: USDJPY | PRICE: 157.72 | BIAS: BULLISH | ER: 0.04 | VEL: 1.09
[2026-05-06 09:19:36,123] INFO:  >> [GUARD] USDJPY position already active. Skipping.
[2026-05-06 09:19:36,123] INFO: SCANNING: US30 | PRICE: 49476.50 | BIAS: BULLISH | ER: 0.41 | VEL: 0.95
[2026-05-06 09:19:36,125] INFO:  >> [GUARD] US30 position already active. Skipping.
 !!! [MT5_RETRY_0] Order failed: Invalid volume (Code: 10014)
[2026-05-06 09:19:36,126] ERROR:  !!! [MT5_RETRY_0] Order failed: Invalid volume (Code: 10014)
 !!! [MT5_RETRY_1] Order failed: Invalid volume (Code: 10014)
[2026-05-06 09:19:36,126] ERROR:  !!! [MT5_RETRY_1] Order failed: Invalid volume (Code: 10014)
 !!! [MT5_RETRY_2] Order failed: Invalid volume (Code: 10014)
[2026-05-06 09:19:36,126] ERROR:  !!! [MT5_RETRY_2] Order failed: Invalid volume (Code: 10014)
[2026-05-06 09:19:46,440] INFO: SCANNING: USDJPY | PRICE: 157.72 | BIAS: BULLISH | ER: 0.05 | VEL: 1.04
[2026-05-06 09:19:46,440] INFO:  >> [GUARD] USDJPY position already active. Skipping.
[2026-05-06 09:19:46,440] INFO: SCANNING: US30 | PRICE: 49475.60 | BIAS: BULLISH | ER: 0.41 | VEL: 0.91
[2026-05-06 09:19:46,440] INFO:  >> [GUARD] US30 position already active. Skipping.
 !!! [MT5_RETRY_0] Order failed: Invalid volume (Code: 10014)
[2026-05-06 09:19:46,442] ERROR:  !!! [MT5_RETRY_0] Order failed: Invalid volume (Code: 10014)
 !!! [MT5_RETRY_1] Order failed: Invalid volume (Code: 10014)
[2026-05-06 09:19:46,442] ERROR:  !!! [MT5_RETRY_1] Order failed: Invalid volume (Code: 10014)
 !!! [MT5_RETRY_2] Order failed: Invalid volume (Code: 10014)
[2026-05-06 09:19:46,442] ERROR:  !!! [MT5_RETRY_2] Order failed: Invalid volume (Code: 10014)
[2026-05-06 09:19:56,755] INFO: SCANNING: USDJPY | PRICE: 157.72 | BIAS: BULLISH | ER: 0.05 | VEL: 1.06
[2026-05-06 09:19:56,755] INFO:  >> [GUARD] USDJPY position already active. Skipping.
[2026-05-06 09:19:56,756] INFO: SCANNING: US30 | PRICE: 49475.00 | BIAS: BULLISH | ER: 0.4 | VEL: 0.89
[2026-05-06 09:19:56,756] INFO:  >> [GUARD] US30 position already active. Skipping.
 !!! [MT5_RETRY_0] Order failed: Invalid volume (Code: 10014)
[2026-05-06 09:19:56,759] ERROR:  !!! [MT5_RETRY_0] Order failed: Invalid volume (Code: 10014)
 !!! [MT5_RETRY_1] Order failed: Invalid volume (Code: 10014)
[2026-05-06 09:19:56,759] ERROR:  !!! [MT5_RETRY_1] Order failed: Invalid volume (Code: 10014)
 !!! [MT5_RETRY_2] Order failed: Invalid volume (Code: 10014)
[2026-05-06 09:19:56,761] ERROR:  !!! [MT5_RETRY_2] Order failed: Invalid volume (Code: 10014)
[2026-05-06 09:20:07,074] INFO: SCANNING: USDJPY | PRICE: 157.73 | BIAS: BULLISH | ER: 0.03 | VEL: 1.24
[2026-05-06 09:20:07,074] INFO:  >> [GUARD] USDJPY position already active. Skipping.
[2026-05-06 09:20:07,075] INFO: SCANNING: US30 | PRICE: 49474.60 | BIAS: BULLISH | ER: 0.4 | VEL: 0.87
[2026-05-06 09:20:07,075] INFO:  >> [GUARD] US30 position already active. Skipping.
 !!! [MT5_RETRY_0] Order failed: Invalid volume (Code: 10014)
[2026-05-06 09:20:07,077] ERROR:  !!! [MT5_RETRY_0] Order failed: Invalid volume (Code: 10014)
 !!! [MT5_RETRY_1] Order failed: Invalid volume (Code: 10014)
[2026-05-06 09:20:07,077] ERROR:  !!! [MT5_RETRY_1] Order failed: Invalid volume (Code: 10014)
 !!! [MT5_RETRY_2] Order failed: Invalid volume (Code: 10014)
[2026-05-06 09:20:07,077] ERROR:  !!! [MT5_RETRY_2] Order failed: Invalid volume (Code: 10014)
[2026-05-06 09:20:17,392] INFO: SCANNING: USDJPY | PRICE: 157.74 | BIAS: BULLISH | ER: 0.03 | VEL: 1.34
[2026-05-06 09:20:17,392] INFO:  >> [GUARD] USDJPY position already active. Skipping.
[2026-05-06 09:20:17,393] INFO: SCANNING: US30 | PRICE: 49474.40 | BIAS: BULLISH | ER: 0.4 | VEL: 0.86
[2026-05-06 09:20:17,394] INFO:  >> [GUARD] US30 position already active. Skipping.
 !!! [MT5_RETRY_0] Order failed: Invalid volume (Code: 10014)
[2026-05-06 09:20:17,395] ERROR:  !!! [MT5_RETRY_0] Order failed: Invalid volume (Code: 10014)
 !!! [MT5_RETRY_1] Order failed: Invalid volume (Code: 10014)
[2026-05-06 09:20:17,395] ERROR:  !!! [MT5_RETRY_1] Order failed: Invalid volume (Code: 10014)
 !!! [MT5_RETRY_2] Order failed: Invalid volume (Code: 10014)
[2026-05-06 09:20:17,395] ERROR:  !!! [MT5_RETRY_2] Order failed: Invalid volume (Code: 10014)
[2026-05-06 09:20:27,708] INFO: SCANNING: USDJPY | PRICE: 157.74 | BIAS: BULLISH | ER: 0.03 | VEL: 1.35
[2026-05-06 09:20:27,708] INFO:  >> [GUARD] USDJPY position already active. Skipping.
[2026-05-06 09:20:27,709] INFO: SCANNING: US30 | PRICE: 49476.30 | BIAS: BULLISH | ER: 0.41 | VEL: 0.94
[2026-05-06 09:20:27,709] INFO:  >> [GUARD] US30 position already active. Skipping.
 !!! [MT5_RETRY_0] Order failed: Invalid volume (Code: 10014)
[2026-05-06 09:20:27,711] ERROR:  !!! [MT5_RETRY_0] Order failed: Invalid volume (Code: 10014)
 !!! [MT5_RETRY_1] Order failed: Invalid volume (Code: 10014)
[2026-05-06 09:20:27,711] ERROR:  !!! [MT5_RETRY_1] Order failed: Invalid volume (Code: 10014)
 !!! [MT5_RETRY_2] Order failed: Invalid volume (Code: 10014)
[2026-05-06 09:20:27,711] ERROR:  !!! [MT5_RETRY_2] Order failed: Invalid volume (Code: 10014)
[2026-05-06 09:20:38,022] INFO: SCANNING: USDJPY | PRICE: 157.74 | BIAS: BULLISH | ER: 0.03 | VEL: 1.3
[2026-05-06 09:20:38,023] INFO:  >> [GUARD] USDJPY position already active. Skipping.
[2026-05-06 09:20:38,023] INFO: SCANNING: US30 | PRICE: 49475.60 | BIAS: BULLISH | ER: 0.41 | VEL: 0.91
[2026-05-06 09:20:38,023] INFO:  >> [GUARD] US30 position already active. Skipping.
 !!! [MT5_RETRY_0] Order failed: Invalid volume (Code: 10014)
[2026-05-06 09:20:38,027] ERROR:  !!! [MT5_RETRY_0] Order failed: Invalid volume (Code: 10014)
 !!! [MT5_RETRY_1] Order failed: Invalid volume (Code: 10014)
[2026-05-06 09:20:38,027] ERROR:  !!! [MT5_RETRY_1] Order failed: Invalid volume (Code: 10014)
 !!! [MT5_RETRY_2] Order failed: Invalid volume (Code: 10014)
[2026-05-06 09:20:38,027] ERROR:  !!! [MT5_RETRY_2] Order failed: Invalid volume (Code: 10014)
[2026-05-06 09:20:48,376] INFO: SCANNING: USDJPY | PRICE: 157.73 | BIAS: BULLISH | ER: 0.03 | VEL: 1.28
[2026-05-06 09:20:48,377] INFO:  >> [GUARD] USDJPY position already active. Skipping.
[2026-05-06 09:20:48,377] INFO: SCANNING: US30 | PRICE: 49475.50 | BIAS: BULLISH | ER: 0.41 | VEL: 0.91
[2026-05-06 09:20:48,377] INFO:  >> [GUARD] US30 position already active. Skipping.
 !!! [MT5_RETRY_0] Order failed: Invalid volume (Code: 10014)
[2026-05-06 09:20:48,385] ERROR:  !!! [MT5_RETRY_0] Order failed: Invalid volume (Code: 10014)
 !!! [MT5_RETRY_1] Order failed: Invalid volume (Code: 10014)
[2026-05-06 09:20:48,386] ERROR:  !!! [MT5_RETRY_1] Order failed: Invalid volume (Code: 10014)
 !!! [MT5_RETRY_2] Order failed: Invalid volume (Code: 10014)
[2026-05-06 09:20:48,386] ERROR:  !!! [MT5_RETRY_2] Order failed: Invalid volume (Code: 10014)
[2026-05-06 09:20:58,693] INFO: SCANNING: USDJPY | PRICE: 157.73 | BIAS: BULLISH | ER: 0.03 | VEL: 1.28
[2026-05-06 09:20:58,693] INFO:  >> [GUARD] USDJPY position already active. Skipping.
[2026-05-06 09:20:58,695] INFO: SCANNING: US30 | PRICE: 49475.50 | BIAS: BULLISH | ER: 0.41 | VEL: 0.91
[2026-05-06 09:20:58,695] INFO:  >> [GUARD] US30 position already active. Skipping.
 !!! [MT5_RETRY_0] Order failed: Invalid volume (Code: 10014)
[2026-05-06 09:20:58,701] ERROR:  !!! [MT5_RETRY_0] Order failed: Invalid volume (Code: 10014)
 !!! [MT5_RETRY_1] Order failed: Invalid volume (Code: 10014)
[2026-05-06 09:20:58,703] ERROR:  !!! [MT5_RETRY_1] Order failed: Invalid volume (Code: 10014)
 !!! [MT5_RETRY_2] Order failed: Invalid volume (Code: 10014)
[2026-05-06 09:20:58,703] ERROR:  !!! [MT5_RETRY_2] Order failed: Invalid volume (Code: 10014)
[2026-05-06 09:21:09,046] INFO: SCANNING: USDJPY | PRICE: 157.75 | BIAS: BULLISH | ER: 0.03 | VEL: 1.47
[2026-05-06 09:21:09,046] INFO:  >> [GUARD] USDJPY position already active. Skipping.
[2026-05-06 09:21:09,046] INFO: SCANNING: US30 | PRICE: 49471.20 | BIAS: BULLISH | ER: 0.39 | VEL: 0.73
[2026-05-06 09:21:09,046] INFO:  >> [GUARD] US30 position already active. Skipping.
 !!! [MT5_RETRY_0] Order failed: Invalid volume (Code: 10014)
[2026-05-06 09:21:09,052] ERROR:  !!! [MT5_RETRY_0] Order failed: Invalid volume (Code: 10014)
 !!! [MT5_RETRY_1] Order failed: Invalid volume (Code: 10014)
[2026-05-06 09:21:09,053] ERROR:  !!! [MT5_RETRY_1] Order failed: Invalid volume (Code: 10014)
 !!! [MT5_RETRY_2] Order failed: Invalid volume (Code: 10014)
[2026-05-06 09:21:09,053] ERROR:  !!! [MT5_RETRY_2] Order failed: Invalid volume (Code: 10014)
[2026-05-06 09:21:19,396] INFO: SCANNING: USDJPY | PRICE: 157.75 | BIAS: BULLISH | ER: 0.03 | VEL: 1.44
[2026-05-06 09:21:19,396] INFO:  >> [GUARD] USDJPY position already active. Skipping.
[2026-05-06 09:21:19,398] INFO: SCANNING: US30 | PRICE: 49470.50 | BIAS: BULLISH | ER: 0.39 | VEL: 0.7
[2026-05-06 09:21:19,398] INFO:  >> [GUARD] US30 position already active. Skipping.
 !!! [MT5_RETRY_0] Order failed: Invalid volume (Code: 10014)
[2026-05-06 09:21:19,404] ERROR:  !!! [MT5_RETRY_0] Order failed: Invalid volume (Code: 10014)
 !!! [MT5_RETRY_1] Order failed: Invalid volume (Code: 10014)
[2026-05-06 09:21:19,404] ERROR:  !!! [MT5_RETRY_1] Order failed: Invalid volume (Code: 10014)
 !!! [MT5_RETRY_2] Order failed: Invalid volume (Code: 10014)
[2026-05-06 09:21:19,406] ERROR:  !!! [MT5_RETRY_2] Order failed: Invalid volume (Code: 10014)
[2026-05-06 09:21:29,762] INFO: SCANNING: USDJPY | PRICE: 157.75 | BIAS: BULLISH | ER: 0.03 | VEL: 1.42
[2026-05-06 09:21:29,763] INFO:  >> [GUARD] USDJPY position already active. Skipping.
[2026-05-06 09:21:29,767] INFO: SCANNING: US30 | PRICE: 49471.90 | BIAS: BULLISH | ER: 0.39 | VEL: 0.76
[2026-05-06 09:21:29,767] INFO:  >> [GUARD] US30 position already active. Skipping.
 !!! [MT5_RETRY_0] Order failed: Invalid volume (Code: 10014)
[2026-05-06 09:21:29,790] ERROR:  !!! [MT5_RETRY_0] Order failed: Invalid volume (Code: 10014)
 !!! [MT5_RETRY_1] Order failed: Invalid volume (Code: 10014)
[2026-05-06 09:21:29,792] ERROR:  !!! [MT5_RETRY_1] Order failed: Invalid volume (Code: 10014)
 !!! [MT5_RETRY_2] Order failed: Invalid volume (Code: 10014)
[2026-05-06 09:21:29,792] ERROR:  !!! [MT5_RETRY_2] Order failed: Invalid volume (Code: 10014)
[2026-05-06 09:21:40,133] INFO: SCANNING: USDJPY | PRICE: 157.74 | BIAS: BULLISH | ER: 0.03 | VEL: 1.29
[2026-05-06 09:21:40,133] INFO:  >> [GUARD] USDJPY position already active. Skipping.
[2026-05-06 09:21:40,133] INFO: SCANNING: US30 | PRICE: 49471.60 | BIAS: BULLISH | ER: 0.39 | VEL: 0.74
[2026-05-06 09:21:40,133] INFO:  >> [GUARD] US30 position already active. Skipping.
 !!! [MT5_RETRY_0] Order failed: Invalid volume (Code: 10014)
[2026-05-06 09:21:40,140] ERROR:  !!! [MT5_RETRY_0] Order failed: Invalid volume (Code: 10014)
 !!! [MT5_RETRY_1] Order failed: Invalid volume (Code: 10014)
[2026-05-06 09:21:40,142] ERROR:  !!! [MT5_RETRY_1] Order failed: Invalid volume (Code: 10014)
 !!! [MT5_RETRY_2] Order failed: Invalid volume (Code: 10014)
[2026-05-06 09:21:40,142] ERROR:  !!! [MT5_RETRY_2] Order failed: Invalid volume (Code: 10014)
[2026-05-06 09:21:50,491] INFO: SCANNING: USDJPY | PRICE: 157.74 | BIAS: BULLISH | ER: 0.03 | VEL: 1.29
[2026-05-06 09:21:50,491] INFO:  >> [GUARD] USDJPY position already active. Skipping.
[2026-05-06 09:21:50,493] INFO: SCANNING: US30 | PRICE: 49471.00 | BIAS: BULLISH | ER: 0.39 | VEL: 0.72
[2026-05-06 09:21:50,495] INFO:  >> [GUARD] US30 position already active. Skipping.
 !!! [MT5_RETRY_0] Order failed: Invalid volume (Code: 10014)
[2026-05-06 09:21:50,498] ERROR:  !!! [MT5_RETRY_0] Order failed: Invalid volume (Code: 10014)
 !!! [MT5_RETRY_1] Order failed: Invalid volume (Code: 10014)
[2026-05-06 09:21:50,498] ERROR:  !!! [MT5_RETRY_1] Order failed: Invalid volume (Code: 10014)
 !!! [MT5_RETRY_2] Order failed: Invalid volume (Code: 10014)
[2026-05-06 09:21:50,499] ERROR:  !!! [MT5_RETRY_2] Order failed: Invalid volume (Code: 10014)
[2026-05-06 09:22:00,803] INFO: SCANNING: USDJPY | PRICE: 157.74 | BIAS: BULLISH | ER: 0.03 | VEL: 1.31
[2026-05-06 09:22:00,804] INFO:  >> [GUARD] USDJPY position already active. Skipping.
[2026-05-06 09:22:00,806] INFO: SCANNING: US30 | PRICE: 49470.20 | BIAS: BULLISH | ER: 0.38 | VEL: 0.69
[2026-05-06 09:22:00,806] INFO:  >> [GUARD] US30 position already active. Skipping.
 !!! [MT5_RETRY_0] Order failed: Invalid volume (Code: 10014)
[2026-05-06 09:22:00,825] ERROR:  !!! [MT5_RETRY_0] Order failed: Invalid volume (Code: 10014)
 !!! [MT5_RETRY_1] Order failed: Invalid volume (Code: 10014)
[2026-05-06 09:22:00,826] ERROR:  !!! [MT5_RETRY_1] Order failed: Invalid volume (Code: 10014)
 !!! [MT5_RETRY_2] Order failed: Invalid volume (Code: 10014)
[2026-05-06 09:22:00,826] ERROR:  !!! [MT5_RETRY_2] Order failed: Invalid volume (Code: 10014)
[2026-05-06 09:22:11,133] INFO: SCANNING: USDJPY | PRICE: 157.74 | BIAS: BULLISH | ER: 0.03 | VEL: 1.29
[2026-05-06 09:22:11,133] INFO:  >> [GUARD] USDJPY position already active. Skipping.
[2026-05-06 09:22:11,133] INFO: SCANNING: US30 | PRICE: 49469.50 | BIAS: BULLISH | ER: 0.38 | VEL: 0.66
[2026-05-06 09:22:11,133] INFO:  >> [GUARD] US30 position already active. Skipping.
 !!! [MT5_RETRY_0] Order failed: Invalid volume (Code: 10014)
[2026-05-06 09:22:11,141] ERROR:  !!! [MT5_RETRY_0] Order failed: Invalid volume (Code: 10014)
 !!! [MT5_RETRY_1] Order failed: Invalid volume (Code: 10014)
[2026-05-06 09:22:11,143] ERROR:  !!! [MT5_RETRY_1] Order failed: Invalid volume (Code: 10014)
 !!! [MT5_RETRY_2] Order failed: Invalid volume (Code: 10014)
[2026-05-06 09:22:11,143] ERROR:  !!! [MT5_RETRY_2] Order failed: Invalid volume (Code: 10014)
[2026-05-06 09:22:21,476] INFO: SCANNING: USDJPY | PRICE: 157.73 | BIAS: BULLISH | ER: 0.03 | VEL: 1.24
[2026-05-06 09:22:21,476] INFO:  >> [GUARD] USDJPY position already active. Skipping.
[2026-05-06 09:22:21,476] INFO: SCANNING: US30 | PRICE: 49469.50 | BIAS: BULLISH | ER: 0.38 | VEL: 0.66
[2026-05-06 09:22:21,476] INFO:  >> [GUARD] US30 position already active. Skipping.
 !!! [MT5_RETRY_0] Order failed: Invalid volume (Code: 10014)
[2026-05-06 09:22:21,482] ERROR:  !!! [MT5_RETRY_0] Order failed: Invalid volume (Code: 10014)
 !!! [MT5_RETRY_1] Order failed: Invalid volume (Code: 10014)
[2026-05-06 09:22:21,484] ERROR:  !!! [MT5_RETRY_1] Order failed: Invalid volume (Code: 10014)
 !!! [MT5_RETRY_2] Order failed: Invalid volume (Code: 10014)
[2026-05-06 09:22:21,484] ERROR:  !!! [MT5_RETRY_2] Order failed: Invalid volume (Code: 10014)
[2026-05-06 09:22:31,801] INFO: SCANNING: USDJPY | PRICE: 157.73 | BIAS: BULLISH | ER: 0.03 | VEL: 1.23
[2026-05-06 09:22:31,801] INFO:  >> [GUARD] USDJPY position already active. Skipping.
[2026-05-06 09:22:31,801] INFO: SCANNING: US30 | PRICE: 49469.50 | BIAS: BULLISH | ER: 0.38 | VEL: 0.66
[2026-05-06 09:22:31,801] INFO:  >> [GUARD] US30 position already active. Skipping.
 !!! [MT5_RETRY_0] Order failed: Invalid volume (Code: 10014)
[2026-05-06 09:22:31,803] ERROR:  !!! [MT5_RETRY_0] Order failed: Invalid volume (Code: 10014)
 !!! [MT5_RETRY_1] Order failed: Invalid volume (Code: 10014)
[2026-05-06 09:22:31,804] ERROR:  !!! [MT5_RETRY_1] Order failed: Invalid volume (Code: 10014)
 !!! [MT5_RETRY_2] Order failed: Invalid volume (Code: 10014)
[2026-05-06 09:22:31,804] ERROR:  !!! [MT5_RETRY_2] Order failed: Invalid volume (Code: 10014)
[2026-05-06 09:22:42,159] INFO: SCANNING: USDJPY | PRICE: 157.73 | BIAS: BULLISH | ER: 0.03 | VEL: 1.23
[2026-05-06 09:22:42,159] INFO:  >> [GUARD] USDJPY position already active. Skipping.
[2026-05-06 09:22:42,159] INFO: SCANNING: US30 | PRICE: 49469.00 | BIAS: BULLISH | ER: 0.38 | VEL: 0.63
[2026-05-06 09:22:42,159] INFO:  >> [GUARD] US30 position already active. Skipping.
 !!! [MT5_RETRY_0] Order failed: Invalid volume (Code: 10014)
[2026-05-06 09:22:42,166] ERROR:  !!! [MT5_RETRY_0] Order failed: Invalid volume (Code: 10014)
 !!! [MT5_RETRY_1] Order failed: Invalid volume (Code: 10014)
[2026-05-06 09:22:42,166] ERROR:  !!! [MT5_RETRY_1] Order failed: Invalid volume (Code: 10014)
 !!! [MT5_RETRY_2] Order failed: Invalid volume (Code: 10014)
[2026-05-06 09:22:42,166] ERROR:  !!! [MT5_RETRY_2] Order failed: Invalid volume (Code: 10014)
[2026-05-06 09:22:52,515] INFO: SCANNING: USDJPY | PRICE: 157.73 | BIAS: BULLISH | ER: 0.03 | VEL: 1.23
[2026-05-06 09:22:52,516] INFO:  >> [GUARD] USDJPY position already active. Skipping.
[2026-05-06 09:22:52,516] INFO: SCANNING: US30 | PRICE: 49470.00 | BIAS: BULLISH | ER: 0.38 | VEL: 0.68
[2026-05-06 09:22:52,516] INFO:  >> [GUARD] US30 position already active. Skipping.
 !!! [MT5_RETRY_0] Order failed: Invalid volume (Code: 10014)
[2026-05-06 09:22:52,525] ERROR:  !!! [MT5_RETRY_0] Order failed: Invalid volume (Code: 10014)
 !!! [MT5_RETRY_1] Order failed: Invalid volume (Code: 10014)
[2026-05-06 09:22:52,527] ERROR:  !!! [MT5_RETRY_1] Order failed: Invalid volume (Code: 10014)
 !!! [MT5_RETRY_2] Order failed: Invalid volume (Code: 10014)
[2026-05-06 09:22:52,527] ERROR:  !!! [MT5_RETRY_2] Order failed: Invalid volume (Code: 10014)
[2026-05-06 09:23:02,888] INFO: SCANNING: USDJPY | PRICE: 157.73 | BIAS: BULLISH | ER: 0.03 | VEL: 1.23
[2026-05-06 09:23:02,888] INFO:  >> [GUARD] USDJPY position already active. Skipping.
[2026-05-06 09:23:02,889] INFO: SCANNING: US30 | PRICE: 49470.50 | BIAS: BULLISH | ER: 0.39 | VEL: 0.7
[2026-05-06 09:23:02,889] INFO:  >> [GUARD] US30 position already active. Skipping.
 !!! [MT5_RETRY_0] Order failed: Invalid volume (Code: 10014)
[2026-05-06 09:23:02,895] ERROR:  !!! [MT5_RETRY_0] Order failed: Invalid volume (Code: 10014)
 !!! [MT5_RETRY_1] Order failed: Invalid volume (Code: 10014)
[2026-05-06 09:23:02,895] ERROR:  !!! [MT5_RETRY_1] Order failed: Invalid volume (Code: 10014)
 !!! [MT5_RETRY_2] Order failed: Invalid volume (Code: 10014)
[2026-05-06 09:23:02,895] ERROR:  !!! [MT5_RETRY_2] Order failed: Invalid volume (Code: 10014)
[2026-05-06 09:23:13,208] INFO: SCANNING: USDJPY | PRICE: 157.74 | BIAS: BULLISH | ER: 0.03 | VEL: 1.28
[2026-05-06 09:23:13,208] INFO:  >> [GUARD] USDJPY position already active. Skipping.
[2026-05-06 09:23:13,208] INFO: SCANNING: US30 | PRICE: 49470.00 | BIAS: BULLISH | ER: 0.38 | VEL: 0.68
[2026-05-06 09:23:13,208] INFO:  >> [GUARD] US30 position already active. Skipping.
 !!! [MT5_RETRY_0] Order failed: Invalid volume (Code: 10014)
[2026-05-06 09:23:13,215] ERROR:  !!! [MT5_RETRY_0] Order failed: Invalid volume (Code: 10014)
 !!! [MT5_RETRY_1] Order failed: Invalid volume (Code: 10014)
[2026-05-06 09:23:13,215] ERROR:  !!! [MT5_RETRY_1] Order failed: Invalid volume (Code: 10014)
 !!! [MT5_RETRY_2] Order failed: Invalid volume (Code: 10014)
[2026-05-06 09:23:13,215] ERROR:  !!! [MT5_RETRY_2] Order failed: Invalid volume (Code: 10014)
[2026-05-06 09:23:23,528] INFO: SCANNING: USDJPY | PRICE: 157.73 | BIAS: BULLISH | ER: 0.03 | VEL: 1.24
[2026-05-06 09:23:23,528] INFO:  >> [GUARD] USDJPY position already active. Skipping.
[2026-05-06 09:23:23,528] INFO: SCANNING: US30 | PRICE: 49472.00 | BIAS: BULLISH | ER: 0.39 | VEL: 0.76
[2026-05-06 09:23:23,530] INFO:  >> [GUARD] US30 position already active. Skipping.
 !!! [MT5_RETRY_0] Order failed: Invalid volume (Code: 10014)
[2026-05-06 09:23:23,539] ERROR:  !!! [MT5_RETRY_0] Order failed: Invalid volume (Code: 10014)
 !!! [MT5_RETRY_1] Order failed: Invalid volume (Code: 10014)
[2026-05-06 09:23:23,540] ERROR:  !!! [MT5_RETRY_1] Order failed: Invalid volume (Code: 10014)
 !!! [MT5_RETRY_2] Order failed: Invalid volume (Code: 10014)
[2026-05-06 09:23:23,540] ERROR:  !!! [MT5_RETRY_2] Order failed: Invalid volume (Code: 10014)
[2026-05-06 09:23:33,885] INFO: SCANNING: USDJPY | PRICE: 157.74 | BIAS: BULLISH | ER: 0.03 | VEL: 1.36
[2026-05-06 09:23:33,885] INFO:  >> [GUARD] USDJPY position already active. Skipping.
[2026-05-06 09:23:33,886] INFO: SCANNING: US30 | PRICE: 49471.00 | BIAS: BULLISH | ER: 0.39 | VEL: 0.72
[2026-05-06 09:23:33,886] INFO:  >> [GUARD] US30 position already active. Skipping.
 !!! [MT5_RETRY_0] Order failed: Invalid volume (Code: 10014)
[2026-05-06 09:23:33,892] ERROR:  !!! [MT5_RETRY_0] Order failed: Invalid volume (Code: 10014)
 !!! [MT5_RETRY_1] Order failed: Invalid volume (Code: 10014)
[2026-05-06 09:23:33,892] ERROR:  !!! [MT5_RETRY_1] Order failed: Invalid volume (Code: 10014)
 !!! [MT5_RETRY_2] Order failed: Invalid volume (Code: 10014)
[2026-05-06 09:23:33,892] ERROR:  !!! [MT5_RETRY_2] Order failed: Invalid volume (Code: 10014)
[2026-05-06 09:23:44,233] INFO: SCANNING: USDJPY | PRICE: 157.74 | BIAS: BULLISH | ER: 0.03 | VEL: 1.26
[2026-05-06 09:23:44,233] INFO:  >> [GUARD] USDJPY position already active. Skipping.
[2026-05-06 09:23:44,233] INFO: SCANNING: US30 | PRICE: 49471.50 | BIAS: BULLISH | ER: 0.39 | VEL: 0.74
[2026-05-06 09:23:44,233] INFO:  >> [GUARD] US30 position already active. Skipping.
 !!! [MT5_RETRY_0] Order failed: Invalid volume (Code: 10014)
[2026-05-06 09:23:44,241] ERROR:  !!! [MT5_RETRY_0] Order failed: Invalid volume (Code: 10014)
 !!! [MT5_RETRY_1] Order failed: Invalid volume (Code: 10014)
[2026-05-06 09:23:44,241] ERROR:  !!! [MT5_RETRY_1] Order failed: Invalid volume (Code: 10014)
 !!! [MT5_RETRY_2] Order failed: Invalid volume (Code: 10014)
[2026-05-06 09:23:44,242] ERROR:  !!! [MT5_RETRY_2] Order failed: Invalid volume (Code: 10014)
[2026-05-06 09:23:54,548] INFO: SCANNING: USDJPY | PRICE: 157.74 | BIAS: BULLISH | ER: 0.03 | VEL: 1.31
[2026-05-06 09:23:54,548] INFO:  >> [GUARD] USDJPY position already active. Skipping.
[2026-05-06 09:23:54,550] INFO: SCANNING: US30 | PRICE: 49472.00 | BIAS: BULLISH | ER: 0.39 | VEL: 0.76
[2026-05-06 09:23:54,550] INFO:  >> [GUARD] US30 position already active. Skipping.
 !!! [MT5_RETRY_0] Order failed: Invalid volume (Code: 10014)
[2026-05-06 09:23:54,556] ERROR:  !!! [MT5_RETRY_0] Order failed: Invalid volume (Code: 10014)
 !!! [MT5_RETRY_1] Order failed: Invalid volume (Code: 10014)
[2026-05-06 09:23:54,557] ERROR:  !!! [MT5_RETRY_1] Order failed: Invalid volume (Code: 10014)
 !!! [MT5_RETRY_2] Order failed: Invalid volume (Code: 10014)
[2026-05-06 09:23:54,557] ERROR:  !!! [MT5_RETRY_2] Order failed: Invalid volume (Code: 10014)
[2026-05-06 09:24:04,902] INFO: SCANNING: USDJPY | PRICE: 157.74 | BIAS: BULLISH | ER: 0.03 | VEL: 1.32
[2026-05-06 09:24:04,902] INFO:  >> [GUARD] USDJPY position already active. Skipping.
[2026-05-06 09:24:04,904] INFO: SCANNING: US30 | PRICE: 49470.20 | BIAS: BULLISH | ER: 0.38 | VEL: 0.69
[2026-05-06 09:24:04,904] INFO:  >> [GUARD] US30 position already active. Skipping.
 !!! [MT5_RETRY_0] Order failed: Invalid volume (Code: 10014)
[2026-05-06 09:24:04,910] ERROR:  !!! [MT5_RETRY_0] Order failed: Invalid volume (Code: 10014)
 !!! [MT5_RETRY_1] Order failed: Invalid volume (Code: 10014)
[2026-05-06 09:24:04,910] ERROR:  !!! [MT5_RETRY_1] Order failed: Invalid volume (Code: 10014)
 !!! [MT5_RETRY_2] Order failed: Invalid volume (Code: 10014)
[2026-05-06 09:24:04,911] ERROR:  !!! [MT5_RETRY_2] Order failed: Invalid volume (Code: 10014)
[2026-05-06 09:24:15,220] INFO: SCANNING: USDJPY | PRICE: 157.74 | BIAS: BULLISH | ER: 0.03 | VEL: 1.36
[2026-05-06 09:24:15,220] INFO:  >> [GUARD] USDJPY position already active. Skipping.
[2026-05-06 09:24:15,220] INFO: SCANNING: US30 | PRICE: 49469.00 | BIAS: BULLISH | ER: 0.38 | VEL: 0.63
[2026-05-06 09:24:15,222] INFO:  >> [GUARD] US30 position already active. Skipping.
 !!! [MT5_RETRY_0] Order failed: Invalid volume (Code: 10014)
[2026-05-06 09:24:15,230] ERROR:  !!! [MT5_RETRY_0] Order failed: Invalid volume (Code: 10014)
 !!! [MT5_RETRY_1] Order failed: Invalid volume (Code: 10014)
[2026-05-06 09:24:15,231] ERROR:  !!! [MT5_RETRY_1] Order failed: Invalid volume (Code: 10014)
 !!! [MT5_RETRY_2] Order failed: Invalid volume (Code: 10014)
[2026-05-06 09:24:15,231] ERROR:  !!! [MT5_RETRY_2] Order failed: Invalid volume (Code: 10014)
[2026-05-06 09:24:25,567] INFO: SCANNING: USDJPY | PRICE: 157.74 | BIAS: BULLISH | ER: 0.03 | VEL: 1.39
[2026-05-06 09:24:25,567] INFO:  >> [GUARD] USDJPY position already active. Skipping.
[2026-05-06 09:24:25,568] INFO: SCANNING: US30 | PRICE: 49469.50 | BIAS: BULLISH | ER: 0.38 | VEL: 0.66
[2026-05-06 09:24:25,568] INFO:  >> [GUARD] US30 position already active. Skipping.
 !!! [MT5_RETRY_0] Order failed: Invalid volume (Code: 10014)
[2026-05-06 09:24:25,579] ERROR:  !!! [MT5_RETRY_0] Order failed: Invalid volume (Code: 10014)
 !!! [MT5_RETRY_1] Order failed: Invalid volume (Code: 10014)
[2026-05-06 09:24:25,579] ERROR:  !!! [MT5_RETRY_1] Order failed: Invalid volume (Code: 10014)
 !!! [MT5_RETRY_2] Order failed: Invalid volume (Code: 10014)
[2026-05-06 09:24:25,579] ERROR:  !!! [MT5_RETRY_2] Order failed: Invalid volume (Code: 10014)
[2026-05-06 09:24:35,915] INFO: SCANNING: USDJPY | PRICE: 157.74 | BIAS: BULLISH | ER: 0.03 | VEL: 1.37
[2026-05-06 09:24:35,915] INFO:  >> [GUARD] USDJPY position already active. Skipping.
[2026-05-06 09:24:35,917] INFO: SCANNING: US30 | PRICE: 49470.00 | BIAS: BULLISH | ER: 0.38 | VEL: 0.68
[2026-05-06 09:24:35,917] INFO:  >> [GUARD] US30 position already active. Skipping.
 !!! [MT5_RETRY_0] Order failed: Invalid volume (Code: 10014)
[2026-05-06 09:24:35,923] ERROR:  !!! [MT5_RETRY_0] Order failed: Invalid volume (Code: 10014)
 !!! [MT5_RETRY_1] Order failed: Invalid volume (Code: 10014)
[2026-05-06 09:24:35,923] ERROR:  !!! [MT5_RETRY_1] Order failed: Invalid volume (Code: 10014)
 !!! [MT5_RETRY_2] Order failed: Invalid volume (Code: 10014)
[2026-05-06 09:24:35,924] ERROR:  !!! [MT5_RETRY_2] Order failed: Invalid volume (Code: 10014)
[2026-05-06 09:24:46,225] INFO: SCANNING: USDJPY | PRICE: 157.74 | BIAS: BULLISH | ER: 0.03 | VEL: 1.39
[2026-05-06 09:24:46,225] INFO:  >> [GUARD] USDJPY position already active. Skipping.
[2026-05-06 09:24:46,225] INFO: SCANNING: US30 | PRICE: 49469.20 | BIAS: BULLISH | ER: 0.38 | VEL: 0.64
[2026-05-06 09:24:46,225] INFO:  >> [GUARD] US30 position already active. Skipping.
 !!! [MT5_RETRY_0] Order failed: Invalid volume (Code: 10014)
[2026-05-06 09:24:46,227] ERROR:  !!! [MT5_RETRY_0] Order failed: Invalid volume (Code: 10014)
 !!! [MT5_RETRY_1] Order failed: Invalid volume (Code: 10014)
[2026-05-06 09:24:46,227] ERROR:  !!! [MT5_RETRY_1] Order failed: Invalid volume (Code: 10014)
 !!! [MT5_RETRY_2] Order failed: Invalid volume (Code: 10014)
[2026-05-06 09:24:46,229] ERROR:  !!! [MT5_RETRY_2] Order failed: Invalid volume (Code: 10014)
[2026-05-06 09:24:56,541] INFO: SCANNING: USDJPY | PRICE: 157.73 | BIAS: BULLISH | ER: 0.03 | VEL: 1.24
[2026-05-06 09:24:56,541] INFO:  >> [GUARD] USDJPY position already active. Skipping.
[2026-05-06 09:24:56,541] INFO: SCANNING: US30 | PRICE: 49469.20 | BIAS: BULLISH | ER: 0.38 | VEL: 0.64
[2026-05-06 09:24:56,541] INFO:  >> [GUARD] US30 position already active. Skipping.
 !!! [MT5_RETRY_0] Order failed: Invalid volume (Code: 10014)
[2026-05-06 09:24:56,548] ERROR:  !!! [MT5_RETRY_0] Order failed: Invalid volume (Code: 10014)
 !!! [MT5_RETRY_1] Order failed: Invalid volume (Code: 10014)
[2026-05-06 09:24:56,548] ERROR:  !!! [MT5_RETRY_1] Order failed: Invalid volume (Code: 10014)
 !!! [MT5_RETRY_2] Order failed: Invalid volume (Code: 10014)
[2026-05-06 09:24:56,549] ERROR:  !!! [MT5_RETRY_2] Order failed: Invalid volume (Code: 10014)
[2026-05-06 09:25:06,884] INFO: SCANNING: USDJPY | PRICE: 157.73 | BIAS: BULLISH | ER: 0.03 | VEL: 1.23
[2026-05-06 09:25:06,884] INFO:  >> [GUARD] USDJPY position already active. Skipping.
[2026-05-06 09:25:06,885] INFO: SCANNING: US30 | PRICE: 49469.40 | BIAS: BULLISH | ER: 0.38 | VEL: 0.65
[2026-05-06 09:25:06,885] INFO:  >> [GUARD] US30 position already active. Skipping.
 !!! [MT5_RETRY_0] Order failed: Invalid volume (Code: 10014)
[2026-05-06 09:25:06,892] ERROR:  !!! [MT5_RETRY_0] Order failed: Invalid volume (Code: 10014)
 !!! [MT5_RETRY_1] Order failed: Invalid volume (Code: 10014)
[2026-05-06 09:25:06,892] ERROR:  !!! [MT5_RETRY_1] Order failed: Invalid volume (Code: 10014)
 !!! [MT5_RETRY_2] Order failed: Invalid volume (Code: 10014)
[2026-05-06 09:25:06,892] ERROR:  !!! [MT5_RETRY_2] Order failed: Invalid volume (Code: 10014)
[2026-05-06 09:25:17,193] INFO: SCANNING: USDJPY | PRICE: 157.74 | BIAS: BULLISH | ER: 0.03 | VEL: 1.32
[2026-05-06 09:25:17,193] INFO:  >> [GUARD] USDJPY position already active. Skipping.
[2026-05-06 09:25:17,193] INFO: SCANNING: US30 | PRICE: 49467.20 | BIAS: BULLISH | ER: 0.37 | VEL: 0.55
[2026-05-06 09:25:17,195] INFO:  >> [GUARD] US30 position already active. Skipping.
 !!! [MT5_RETRY_0] Order failed: Invalid volume (Code: 10014)
[2026-05-06 09:25:17,201] ERROR:  !!! [MT5_RETRY_0] Order failed: Invalid volume (Code: 10014)
 !!! [MT5_RETRY_1] Order failed: Invalid volume (Code: 10014)
[2026-05-06 09:25:17,201] ERROR:  !!! [MT5_RETRY_1] Order failed: Invalid volume (Code: 10014)
 !!! [MT5_RETRY_2] Order failed: Invalid volume (Code: 10014)
[2026-05-06 09:25:17,201] ERROR:  !!! [MT5_RETRY_2] Order failed: Invalid volume (Code: 10014)
[2026-05-06 09:25:27,539] INFO: SCANNING: USDJPY | PRICE: 157.74 | BIAS: BULLISH | ER: 0.03 | VEL: 1.31
[2026-05-06 09:25:27,539] INFO:  >> [GUARD] USDJPY position already active. Skipping.
[2026-05-06 09:25:27,541] INFO: SCANNING: US30 | PRICE: 49467.50 | BIAS: BULLISH | ER: 0.37 | VEL: 0.57
[2026-05-06 09:25:27,541] INFO:  >> [GUARD] US30 position already active. Skipping.
 !!! [MT5_RETRY_0] Order failed: Invalid volume (Code: 10014)
[2026-05-06 09:25:27,541] ERROR:  !!! [MT5_RETRY_0] Order failed: Invalid volume (Code: 10014)
 !!! [MT5_RETRY_1] Order failed: Invalid volume (Code: 10014)
[2026-05-06 09:25:27,542] ERROR:  !!! [MT5_RETRY_1] Order failed: Invalid volume (Code: 10014)
 !!! [MT5_RETRY_2] Order failed: Invalid volume (Code: 10014)
[2026-05-06 09:25:27,542] ERROR:  !!! [MT5_RETRY_2] Order failed: Invalid volume (Code: 10014)
[2026-05-06 09:25:37,879] INFO: SCANNING: USDJPY | PRICE: 157.74 | BIAS: BULLISH | ER: 0.03 | VEL: 1.28
[2026-05-06 09:25:37,879] INFO:  >> [GUARD] USDJPY position already active. Skipping.
[2026-05-06 09:25:37,879] INFO: SCANNING: US30 | PRICE: 49469.00 | BIAS: BULLISH | ER: 0.38 | VEL: 0.63
[2026-05-06 09:25:37,881] INFO:  >> [GUARD] US30 position already active. Skipping.
 !!! [MT5_RETRY_0] Order failed: Invalid volume (Code: 10014)
[2026-05-06 09:25:37,887] ERROR:  !!! [MT5_RETRY_0] Order failed: Invalid volume (Code: 10014)
 !!! [MT5_RETRY_1] Order failed: Invalid volume (Code: 10014)
[2026-05-06 09:25:37,887] ERROR:  !!! [MT5_RETRY_1] Order failed: Invalid volume (Code: 10014)
 !!! [MT5_RETRY_2] Order failed: Invalid volume (Code: 10014)
[2026-05-06 09:25:37,887] ERROR:  !!! [MT5_RETRY_2] Order failed: Invalid volume (Code: 10014)
[2026-05-06 09:35:43,238] INFO: --- IRON CORE ENGINE v3.0 ACTIVE ---
[2026-05-06 09:35:49,375] INFO: SCANNING: USDJPY | PRICE: 157.79 | BIAS: BULLISH | ER: 0.22 | VEL: 2.47
[2026-05-06 09:35:49,375] INFO:  >> [GUARD] USDJPY position already active. Skipping.
[2026-05-06 09:35:49,376] INFO: SCANNING: US30 | PRICE: 49452.00 | BIAS: BULLISH | ER: 0.27 | VEL: 0.11
[2026-05-06 09:35:49,376] INFO:  >> [GUARD] US30 position already active. Skipping.
[2026-05-06 09:40:48,443] INFO: --- IRON CORE ENGINE v3.0 ACTIVE ---
[2026-05-06 09:40:53,796] INFO: SCANNING: JP225 | PRICE: 61011.50 | BIAS: BULLISH | ER: 0.4 | VEL: 2.54
[2026-05-06 09:40:54,859] INFO:  >> [VOLUME_ADAPTIVE] JP225 requires min 1.0. Adjusting cap.
[2026-05-06 09:40:54,859] INFO: VAULT_PASS [OMEGA]: JP225 1.0 (Risk: 0.282%, USD Risk: $-110.81)
[2026-05-06 09:40:54,859] INFO:  >> [EMPIRICAL] Using Optimized Targets: SL 1.0x | TP 2.0x
[2026-05-06 09:40:55,087] WARNING:  !! [SAFETY_BLOCK] Global Limit: GLOBAL_EXPOSURE_LIMIT_REACHED (0.21200000000000002)
 !!! [MT5_RETRY_0] Order failed: Invalid volume (Code: 10014)
[2026-05-06 09:40:55,088] ERROR:  !!! [MT5_RETRY_0] Order failed: Invalid volume (Code: 10014)
 !!! [MT5_RETRY_1] Order failed: Invalid volume (Code: 10014)
[2026-05-06 09:40:55,089] ERROR:  !!! [MT5_RETRY_1] Order failed: Invalid volume (Code: 10014)
 !!! [MT5_RETRY_2] Order failed: Invalid volume (Code: 10014)
[2026-05-06 09:40:55,089] ERROR:  !!! [MT5_RETRY_2] Order failed: Invalid volume (Code: 10014)
[2026-05-06 09:41:05,433] INFO: SCANNING: JP225 | PRICE: 61013.70 | BIAS: BULLISH | ER: 0.4 | VEL: 2.52
[2026-05-06 09:41:06,512] INFO:  >> [VOLUME_ADAPTIVE] JP225 requires min 1.0. Adjusting cap.
[2026-05-06 09:41:06,512] INFO: VAULT_PASS [OMEGA]: JP225 1.0 (Risk: 0.282%, USD Risk: $-110.81)
[2026-05-06 09:41:06,512] INFO:  >> [EMPIRICAL] Using Optimized Targets: SL 1.0x | TP 2.0x
[2026-05-06 09:41:06,716] WARNING:  !! [SAFETY_BLOCK] Global Limit: GLOBAL_EXPOSURE_LIMIT_REACHED (0.21200000000000002)
 !!! [MT5_RETRY_0] Order failed: Invalid volume (Code: 10014)
[2026-05-06 09:41:06,716] ERROR:  !!! [MT5_RETRY_0] Order failed: Invalid volume (Code: 10014)
 !!! [MT5_RETRY_1] Order failed: Invalid volume (Code: 10014)
[2026-05-06 09:41:06,716] ERROR:  !!! [MT5_RETRY_1] Order failed: Invalid volume (Code: 10014)
 !!! [MT5_RETRY_2] Order failed: Invalid volume (Code: 10014)
[2026-05-06 09:41:06,718] ERROR:  !!! [MT5_RETRY_2] Order failed: Invalid volume (Code: 10014)
[2026-05-06 09:41:40,443] INFO: --- IRON CORE ENGINE v3.0 ACTIVE ---
[2026-05-06 09:41:45,835] INFO: SCANNING: JP225 | PRICE: 60997.00 | BIAS: BULLISH | ER: 0.4 | VEL: 2.67
[2026-05-06 09:41:46,978] INFO:  >> [VOLUME_ADAPTIVE] JP225 requires min 1.0. Adjusting cap.
[2026-05-06 09:41:46,978] INFO: VAULT_PASS [OMEGA]: JP225 1.0 (Risk: 0.280%, USD Risk: $-110.81)
[2026-05-06 09:41:46,978] INFO:  >> [EMPIRICAL] Using Optimized Targets: SL 1.0x | TP 2.0x
[2026-05-06 09:41:47,203] WARNING:  !! [SAFETY_BLOCK] Global Limit: GLOBAL_EXPOSURE_LIMIT_REACHED (0.21200000000000002)
 !!! [MT5_RETRY_0] Order failed: Invalid volume (Code: 10014)
[2026-05-06 09:41:47,205] ERROR:  !!! [MT5_RETRY_0] Order failed: Invalid volume (Code: 10014)
 !!! [MT5_RETRY_1] Order failed: Invalid volume (Code: 10014)
[2026-05-06 09:41:47,205] ERROR:  !!! [MT5_RETRY_1] Order failed: Invalid volume (Code: 10014)
 !!! [MT5_RETRY_2] Order failed: Invalid volume (Code: 10014)
[2026-05-06 09:41:47,206] ERROR:  !!! [MT5_RETRY_2] Order failed: Invalid volume (Code: 10014)
[2026-05-06 09:41:57,514] INFO: SCANNING: JP225 | PRICE: 60999.60 | BIAS: BULLISH | ER: 0.4 | VEL: 2.65
[2026-05-06 09:41:58,706] INFO:  >> [VOLUME_ADAPTIVE] JP225 requires min 1.0. Adjusting cap.
[2026-05-06 09:41:58,706] INFO: VAULT_PASS [OMEGA]: JP225 1.0 (Risk: 0.280%, USD Risk: $-110.81)
[2026-05-06 09:41:58,706] INFO:  >> [EMPIRICAL] Using Optimized Targets: SL 1.0x | TP 2.0x
[2026-05-06 09:41:58,915] WARNING:  !! [SAFETY_BLOCK] Global Limit: GLOBAL_EXPOSURE_LIMIT_REACHED (0.21200000000000002)
 !!! [MT5_RETRY_0] Order failed: Invalid volume (Code: 10014)
[2026-05-06 09:41:58,917] ERROR:  !!! [MT5_RETRY_0] Order failed: Invalid volume (Code: 10014)
 !!! [MT5_RETRY_1] Order failed: Invalid volume (Code: 10014)
[2026-05-06 09:41:58,917] ERROR:  !!! [MT5_RETRY_1] Order failed: Invalid volume (Code: 10014)
 !!! [MT5_RETRY_2] Order failed: Invalid volume (Code: 10014)
[2026-05-06 09:41:58,918] ERROR:  !!! [MT5_RETRY_2] Order failed: Invalid volume (Code: 10014)
[2026-05-06 09:42:09,217] INFO: SCANNING: JP225 | PRICE: 61006.10 | BIAS: BULLISH | ER: 0.4 | VEL: 2.59
[2026-05-06 09:42:10,340] INFO:  >> [VOLUME_ADAPTIVE] JP225 requires min 1.0. Adjusting cap.
[2026-05-06 09:42:10,340] INFO: VAULT_PASS [OMEGA]: JP225 1.0 (Risk: 0.282%, USD Risk: $-110.81)
[2026-05-06 09:42:10,340] INFO:  >> [EMPIRICAL] Using Optimized Targets: SL 1.0x | TP 2.0x
[2026-05-06 09:42:10,551] WARNING:  !! [SAFETY_BLOCK] Global Limit: GLOBAL_EXPOSURE_LIMIT_REACHED (0.21200000000000002)
 !!! [MT5_RETRY_0] Order failed: Invalid volume (Code: 10014)
[2026-05-06 09:42:10,551] ERROR:  !!! [MT5_RETRY_0] Order failed: Invalid volume (Code: 10014)
 !!! [MT5_RETRY_1] Order failed: Invalid volume (Code: 10014)
[2026-05-06 09:42:10,551] ERROR:  !!! [MT5_RETRY_1] Order failed: Invalid volume (Code: 10014)
 !!! [MT5_RETRY_2] Order failed: Invalid volume (Code: 10014)
[2026-05-06 09:42:10,553] ERROR:  !!! [MT5_RETRY_2] Order failed: Invalid volume (Code: 10014)
[2026-05-06 09:42:20,853] INFO: SCANNING: JP225 | PRICE: 61009.00 | BIAS: BULLISH | ER: 0.4 | VEL: 2.56
[2026-05-06 09:42:21,976] INFO:  >> [VOLUME_ADAPTIVE] JP225 requires min 1.0. Adjusting cap.
[2026-05-06 09:42:21,976] INFO: VAULT_PASS [OMEGA]: JP225 1.0 (Risk: 0.282%, USD Risk: $-110.81)
[2026-05-06 09:42:21,976] INFO:  >> [EMPIRICAL] Using Optimized Targets: SL 1.0x | TP 2.0x
[2026-05-06 09:42:22,185] WARNING:  !! [SAFETY_BLOCK] Global Limit: GLOBAL_EXPOSURE_LIMIT_REACHED (0.21200000000000002)
 !!! [MT5_RETRY_0] Order failed: Invalid volume (Code: 10014)
[2026-05-06 09:42:22,186] ERROR:  !!! [MT5_RETRY_0] Order failed: Invalid volume (Code: 10014)
 !!! [MT5_RETRY_1] Order failed: Invalid volume (Code: 10014)
[2026-05-06 09:42:22,186] ERROR:  !!! [MT5_RETRY_1] Order failed: Invalid volume (Code: 10014)
 !!! [MT5_RETRY_2] Order failed: Invalid volume (Code: 10014)
[2026-05-06 09:42:22,186] ERROR:  !!! [MT5_RETRY_2] Order failed: Invalid volume (Code: 10014)
[2026-05-06 09:42:32,542] INFO: SCANNING: JP225 | PRICE: 61014.00 | BIAS: BULLISH | ER: 0.4 | VEL: 2.52
[2026-05-06 09:42:33,650] INFO:  >> [VOLUME_ADAPTIVE] JP225 requires min 1.0. Adjusting cap.
[2026-05-06 09:42:33,650] INFO: VAULT_PASS [OMEGA]: JP225 1.0 (Risk: 0.282%, USD Risk: $-110.81)
[2026-05-06 09:42:33,650] INFO:  >> [EMPIRICAL] Using Optimized Targets: SL 1.0x | TP 2.0x
[2026-05-06 09:42:33,856] WARNING:  !! [SAFETY_BLOCK] Global Limit: GLOBAL_EXPOSURE_LIMIT_REACHED (0.21200000000000002)
 !!! [MT5_RETRY_0] Order failed: Invalid volume (Code: 10014)
[2026-05-06 09:42:33,858] ERROR:  !!! [MT5_RETRY_0] Order failed: Invalid volume (Code: 10014)
 !!! [MT5_RETRY_1] Order failed: Invalid volume (Code: 10014)
[2026-05-06 09:42:33,859] ERROR:  !!! [MT5_RETRY_1] Order failed: Invalid volume (Code: 10014)
 !!! [MT5_RETRY_2] Order failed: Invalid volume (Code: 10014)
[2026-05-06 09:42:33,859] ERROR:  !!! [MT5_RETRY_2] Order failed: Invalid volume (Code: 10014)
[2026-05-06 09:42:39,261] INFO: --- IRON CORE ENGINE v3.0 ACTIVE ---
[2026-05-06 09:42:44,141] INFO: SCANNING: JP225 | PRICE: 61002.40 | BIAS: BULLISH | ER: 0.4 | VEL: 2.62
[2026-05-06 09:42:45,267] INFO:  >> [VOLUME_ADAPTIVE] JP225 requires min 1.0. Adjusting cap.
[2026-05-06 09:42:45,267] INFO: VAULT_PASS [OMEGA]: JP225 1.0 (Risk: 0.282%, USD Risk: $-110.81)
[2026-05-06 09:42:45,268] INFO:  >> [EMPIRICAL] Using Optimized Targets: SL 1.0x | TP 2.0x
[2026-05-06 09:42:45,513] WARNING:  !! [SAFETY_BLOCK] Global Limit: GLOBAL_EXPOSURE_LIMIT_REACHED (0.21200000000000002)
[2026-05-06 09:42:45,514] INFO:  >> [HARVESTER] OMEGA is dominating. Scaling in reinforcements...
[2026-05-06 09:42:55,763] INFO:  >> [SAFE_HANDOVER] Syncing JP225 SL to 60829.54086
[2026-05-06 09:42:55,860] INFO: SCANNING: JP225 | PRICE: 60998.50 | BIAS: BULLISH | ER: 0.4 | VEL: 2.66
[2026-05-06 09:42:55,860] INFO:  >> [GUARD] JP225 position already active. Skipping.
[2026-05-06 09:42:55,867] INFO:  >> [HARVESTER] OMEGA is dominating. Scaling in reinforcements...
[2026-05-06 09:43:06,113] INFO:  >> [SAFE_HANDOVER] Syncing JP225 SL to 60829.54086
[2026-05-06 09:43:06,113] INFO:  >> [SAFE_HANDOVER] Syncing JP225 SL to 60825.64086
[2026-05-06 09:43:06,211] INFO: SCANNING: JP225 | PRICE: 61004.00 | BIAS: BULLISH | ER: 0.4 | VEL: 2.61
[2026-05-06 09:43:06,211] INFO:  >> [GUARD] JP225 position already active. Skipping.
[2026-05-06 09:43:06,221] INFO:  >> [HARVESTER] OMEGA is dominating. Scaling in reinforcements...
[2026-05-06 09:43:16,459] INFO:  >> [SAFE_HANDOVER] Syncing JP225 SL to 60829.54086
[2026-05-06 09:43:16,460] INFO:  >> [SAFE_HANDOVER] Syncing JP225 SL to 60825.64086
[2026-05-06 09:43:16,461] INFO:  >> [SAFE_HANDOVER] Syncing JP225 SL to 60831.14086
[2026-05-06 09:43:16,560] INFO: SCANNING: JP225 | PRICE: 61006.50 | BIAS: BULLISH | ER: 0.4 | VEL: 2.59
[2026-05-06 09:43:16,560] INFO:  >> [GUARD] JP225 position already active. Skipping.
[2026-05-06 09:43:16,576] INFO:  >> [HARVESTER] OMEGA is dominating. Scaling in reinforcements...
[2026-05-06 09:43:26,819] INFO:  >> [SAFE_HANDOVER] Syncing JP225 SL to 60829.54086
[2026-05-06 09:43:26,819] INFO:  >> [SAFE_HANDOVER] Syncing JP225 SL to 60825.64086
[2026-05-06 09:43:26,819] INFO:  >> [SAFE_HANDOVER] Syncing JP225 SL to 60831.14086
[2026-05-06 09:43:26,819] INFO:  >> [SAFE_HANDOVER] Syncing JP225 SL to 60833.64086
[2026-05-06 09:43:26,916] INFO: SCANNING: JP225 | PRICE: 61001.50 | BIAS: BULLISH | ER: 0.4 | VEL: 2.63
[2026-05-06 09:43:26,916] INFO:  >> [GUARD] JP225 position already active. Skipping.
[2026-05-06 09:43:26,922] INFO:  >> [HARVESTER] OMEGA is dominating. Scaling in reinforcements...
[2026-05-06 09:43:37,189] INFO:  >> [SAFE_HANDOVER] Syncing JP225 SL to 60829.54086
[2026-05-06 09:43:37,189] INFO:  >> [SAFE_HANDOVER] Syncing JP225 SL to 60825.64086
[2026-05-06 09:43:37,189] INFO:  >> [SAFE_HANDOVER] Syncing JP225 SL to 60831.14086
[2026-05-06 09:43:37,191] INFO:  >> [SAFE_HANDOVER] Syncing JP225 SL to 60833.64086
[2026-05-06 09:43:37,191] INFO:  >> [SAFE_HANDOVER] Syncing JP225 SL to 60828.64086
[2026-05-06 09:43:37,289] INFO: SCANNING: JP225 | PRICE: 61001.60 | BIAS: BULLISH | ER: 0.4 | VEL: 2.63
[2026-05-06 09:43:37,289] INFO:  >> [GUARD] JP225 position already active. Skipping.
[2026-05-06 09:43:37,291] INFO:  >> [HARVESTER] OMEGA is dominating. Scaling in reinforcements...
[2026-05-06 09:43:47,563] INFO:  >> [SAFE_HANDOVER] Syncing JP225 SL to 60829.54086
[2026-05-06 09:43:47,564] INFO:  >> [SAFE_HANDOVER] Syncing JP225 SL to 60825.64086
[2026-05-06 09:43:47,564] INFO:  >> [SAFE_HANDOVER] Syncing JP225 SL to 60831.14086
[2026-05-06 09:43:47,564] INFO:  >> [SAFE_HANDOVER] Syncing JP225 SL to 60833.64086
[2026-05-06 09:43:47,565] INFO:  >> [SAFE_HANDOVER] Syncing JP225 SL to 60828.64086
[2026-05-06 09:43:47,565] INFO:  >> [SAFE_HANDOVER] Syncing JP225 SL to 60828.74086
[2026-05-06 09:43:47,665] INFO: SCANNING: JP225 | PRICE: 61004.70 | BIAS: BULLISH | ER: 0.4 | VEL: 2.6
[2026-05-06 09:43:47,666] INFO:  >> [GUARD] JP225 position already active. Skipping.
[2026-05-06 09:43:47,666] INFO:  >> [HARVESTER] OMEGA is dominating. Scaling in reinforcements...
[2026-05-06 09:43:57,910] INFO:  >> [SAFE_HANDOVER] Syncing JP225 SL to 60829.54086
[2026-05-06 09:43:57,910] INFO:  >> [SAFE_HANDOVER] Syncing JP225 SL to 60825.64086
[2026-05-06 09:43:57,910] INFO:  >> [SAFE_HANDOVER] Syncing JP225 SL to 60831.14086
[2026-05-06 09:43:57,911] INFO:  >> [SAFE_HANDOVER] Syncing JP225 SL to 60833.64086
[2026-05-06 09:43:57,911] INFO:  >> [SAFE_HANDOVER] Syncing JP225 SL to 60828.64086
[2026-05-06 09:43:57,912] INFO:  >> [SAFE_HANDOVER] Syncing JP225 SL to 60828.74086
[2026-05-06 09:43:57,912] INFO:  >> [SAFE_HANDOVER] Syncing JP225 SL to 60831.84086
[2026-05-06 09:43:58,006] INFO: SCANNING: JP225 | PRICE: 61018.90 | BIAS: BULLISH | ER: 0.4 | VEL: 2.48
[2026-05-06 09:43:58,006] INFO:  >> [GUARD] JP225 position already active. Skipping.
[2026-05-06 09:43:58,015] INFO:  >> [HARVESTER] OMEGA is dominating. Scaling in reinforcements...
[2026-05-06 09:44:08,283] INFO:  >> [SAFE_HANDOVER] Syncing JP225 SL to 60829.54086
[2026-05-06 09:44:08,283] INFO:  >> [SAFE_HANDOVER] Syncing JP225 SL to 60825.64086
[2026-05-06 09:44:08,285] INFO:  >> [SAFE_HANDOVER] Syncing JP225 SL to 60831.14086
[2026-05-06 09:44:08,285] INFO:  >> [SAFE_HANDOVER] Syncing JP225 SL to 60833.64086
[2026-05-06 09:44:08,285] INFO:  >> [SAFE_HANDOVER] Syncing JP225 SL to 60828.64086
[2026-05-06 09:44:08,286] INFO:  >> [SAFE_HANDOVER] Syncing JP225 SL to 60828.74086
[2026-05-06 09:44:08,286] INFO:  >> [SAFE_HANDOVER] Syncing JP225 SL to 60831.84086
[2026-05-06 09:44:08,286] INFO:  >> [SAFE_HANDOVER] Syncing JP225 SL to 60846.04086
[2026-05-06 09:44:08,383] INFO: SCANNING: JP225 | PRICE: 61021.50 | BIAS: BULLISH | ER: 0.4 | VEL: 2.46
[2026-05-06 09:44:08,383] INFO:  >> [GUARD] JP225 position already active. Skipping.
[2026-05-06 09:44:08,389] INFO:  >> [HARVESTER] OMEGA is dominating. Scaling in reinforcements...
[2026-05-06 09:44:18,624] INFO:  >> [SAFE_HANDOVER] Syncing JP225 SL to 60829.54086
[2026-05-06 09:44:18,624] INFO:  >> [SAFE_HANDOVER] Syncing JP225 SL to 60825.64086
[2026-05-06 09:44:18,624] INFO:  >> [SAFE_HANDOVER] Syncing JP225 SL to 60831.14086
[2026-05-06 09:44:18,624] INFO:  >> [SAFE_HANDOVER] Syncing JP225 SL to 60833.64086
[2026-05-06 09:44:18,626] INFO:  >> [SAFE_HANDOVER] Syncing JP225 SL to 60828.64086
[2026-05-06 09:44:18,626] INFO:  >> [SAFE_HANDOVER] Syncing JP225 SL to 60828.74086
[2026-05-06 09:44:18,626] INFO:  >> [SAFE_HANDOVER] Syncing JP225 SL to 60831.84086
[2026-05-06 09:44:18,627] INFO:  >> [SAFE_HANDOVER] Syncing JP225 SL to 60846.04086
[2026-05-06 09:44:18,628] INFO:  >> [SAFE_HANDOVER] Syncing JP225 SL to 60848.64086
[2026-05-06 09:44:18,726] INFO: SCANNING: JP225 | PRICE: 61028.20 | BIAS: BULLISH | ER: 0.4 | VEL: 2.4
[2026-05-06 09:44:18,726] INFO:  >> [GUARD] JP225 position already active. Skipping.
[2026-05-06 09:44:18,733] INFO:  >> [HARVESTER] OMEGA is dominating. Scaling in reinforcements...
[2026-05-06 09:44:29,025] INFO:  >> [SAFE_HANDOVER] Syncing JP225 SL to 60829.54086
[2026-05-06 09:44:29,026] INFO:  >> [SAFE_HANDOVER] Syncing JP225 SL to 60825.64086
[2026-05-06 09:44:29,026] INFO:  >> [SAFE_HANDOVER] Syncing JP225 SL to 60831.14086
[2026-05-06 09:44:29,027] INFO:  >> [SAFE_HANDOVER] Syncing JP225 SL to 60833.64086
[2026-05-06 09:44:29,027] INFO:  >> [SAFE_HANDOVER] Syncing JP225 SL to 60828.64086
[2026-05-06 09:44:29,028] INFO:  >> [SAFE_HANDOVER] Syncing JP225 SL to 60828.74086
[2026-05-06 09:44:29,029] INFO:  >> [SAFE_HANDOVER] Syncing JP225 SL to 60831.84086
[2026-05-06 09:44:29,029] INFO:  >> [SAFE_HANDOVER] Syncing JP225 SL to 60846.04086
[2026-05-06 09:44:29,029] INFO:  >> [SAFE_HANDOVER] Syncing JP225 SL to 60848.64086
[2026-05-06 09:44:29,030] INFO:  >> [SAFE_HANDOVER] Syncing JP225 SL to 60855.34086
[2026-05-06 09:44:29,128] INFO: SCANNING: JP225 | PRICE: 61031.10 | BIAS: BULLISH | ER: 0.4 | VEL: 2.37
[2026-05-06 09:44:29,128] INFO:  >> [GUARD] JP225 position already active. Skipping.
[2026-05-06 09:44:29,142] INFO:  >> [HARVESTER] OMEGA is dominating. Scaling in reinforcements...
[2026-05-06 09:44:39,374] INFO:  >> [SAFE_HANDOVER] Syncing JP225 SL to 60829.54086
[2026-05-06 09:44:39,374] INFO:  >> [SAFE_HANDOVER] Syncing JP225 SL to 60825.64086
[2026-05-06 09:44:39,375] INFO:  >> [SAFE_HANDOVER] Syncing JP225 SL to 60831.14086
[2026-05-06 09:44:39,376] INFO:  >> [SAFE_HANDOVER] Syncing JP225 SL to 60833.64086
[2026-05-06 09:44:39,376] INFO:  >> [SAFE_HANDOVER] Syncing JP225 SL to 60828.64086
[2026-05-06 09:44:39,376] INFO:  >> [SAFE_HANDOVER] Syncing JP225 SL to 60828.74086
[2026-05-06 09:44:39,376] INFO:  >> [SAFE_HANDOVER] Syncing JP225 SL to 60831.84086
[2026-05-06 09:44:39,376] INFO:  >> [SAFE_HANDOVER] Syncing JP225 SL to 60846.04086
[2026-05-06 09:44:39,377] INFO:  >> [SAFE_HANDOVER] Syncing JP225 SL to 60848.64086
[2026-05-06 09:44:39,377] INFO:  >> [SAFE_HANDOVER] Syncing JP225 SL to 60855.34086
[2026-05-06 09:44:39,377] INFO:  >> [SAFE_HANDOVER] Syncing JP225 SL to 60858.24086
[2026-05-06 09:44:39,474] INFO: SCANNING: JP225 | PRICE: 61028.50 | BIAS: BULLISH | ER: 0.4 | VEL: 2.39
[2026-05-06 09:44:39,474] INFO:  >> [GUARD] JP225 position already active. Skipping.
[2026-05-06 09:44:39,480] INFO:  >> [HARVESTER] OMEGA is dominating. Scaling in reinforcements...
[2026-05-06 09:44:49,756] INFO:  >> [SAFE_HANDOVER] Syncing JP225 SL to 60829.54086
[2026-05-06 09:44:49,757] INFO:  >> [SAFE_HANDOVER] Syncing JP225 SL to 60825.64086
[2026-05-06 09:44:49,757] INFO:  >> [SAFE_HANDOVER] Syncing JP225 SL to 60831.14086
[2026-05-06 09:44:49,757] INFO:  >> [SAFE_HANDOVER] Syncing JP225 SL to 60833.64086
[2026-05-06 09:44:49,758] INFO:  >> [SAFE_HANDOVER] Syncing JP225 SL to 60828.64086
[2026-05-06 09:44:49,758] INFO:  >> [SAFE_HANDOVER] Syncing JP225 SL to 60828.74086
[2026-05-06 09:44:49,758] INFO:  >> [SAFE_HANDOVER] Syncing JP225 SL to 60831.84086
[2026-05-06 09:44:49,759] INFO:  >> [SAFE_HANDOVER] Syncing JP225 SL to 60846.04086
[2026-05-06 09:44:49,759] INFO:  >> [SAFE_HANDOVER] Syncing JP225 SL to 60848.64086
[2026-05-06 09:44:49,759] INFO:  >> [SAFE_HANDOVER] Syncing JP225 SL to 60855.34086
[2026-05-06 09:44:49,759] INFO:  >> [SAFE_HANDOVER] Syncing JP225 SL to 60858.24086
[2026-05-06 09:44:49,760] INFO:  >> [SAFE_HANDOVER] Syncing JP225 SL to 60855.64086
[2026-05-06 09:44:49,856] INFO: SCANNING: JP225 | PRICE: 61033.20 | BIAS: BULLISH | ER: 0.4 | VEL: 2.35
[2026-05-06 09:44:49,856] INFO:  >> [GUARD] JP225 position already active. Skipping.
[2026-05-06 09:44:49,863] INFO:  >> [HARVESTER] OMEGA is dominating. Scaling in reinforcements...
[2026-05-06 09:45:00,097] INFO:  >> [SAFE_HANDOVER] Syncing JP225 SL to 60829.54086
[2026-05-06 09:45:00,097] INFO:  >> [SAFE_HANDOVER] Syncing JP225 SL to 60825.64086
[2026-05-06 09:45:00,097] INFO:  >> [SAFE_HANDOVER] Syncing JP225 SL to 60831.14086
[2026-05-06 09:45:00,098] INFO:  >> [SAFE_HANDOVER] Syncing JP225 SL to 60833.64086
[2026-05-06 09:45:00,099] INFO:  >> [SAFE_HANDOVER] Syncing JP225 SL to 60828.64086
[2026-05-06 09:45:00,099] INFO:  >> [SAFE_HANDOVER] Syncing JP225 SL to 60828.74086
[2026-05-06 09:45:00,099] INFO:  >> [SAFE_HANDOVER] Syncing JP225 SL to 60831.84086
[2026-05-06 09:45:00,100] INFO:  >> [SAFE_HANDOVER] Syncing JP225 SL to 60846.04086
[2026-05-06 09:45:00,100] INFO:  >> [SAFE_HANDOVER] Syncing JP225 SL to 60848.64086
[2026-05-06 09:45:00,100] INFO:  >> [SAFE_HANDOVER] Syncing JP225 SL to 60855.34086
[2026-05-06 09:45:00,100] INFO:  >> [SAFE_HANDOVER] Syncing JP225 SL to 60858.24086
[2026-05-06 09:45:00,101] INFO:  >> [SAFE_HANDOVER] Syncing JP225 SL to 60855.64086
[2026-05-06 09:45:00,101] INFO:  >> [SAFE_HANDOVER] Syncing JP225 SL to 60860.34086
[2026-05-06 09:45:00,202] INFO: SCANNING: JP225 | PRICE: 61034.00 | BIAS: BULLISH | ER: 0.4 | VEL: 2.35
[2026-05-06 09:45:00,202] INFO:  >> [GUARD] JP225 position already active. Skipping.
[2026-05-06 09:45:00,210] INFO:  >> [HARVESTER] OMEGA is dominating. Scaling in reinforcements...
[2026-05-06 09:45:10,476] INFO:  >> [SAFE_HANDOVER] Syncing JP225 SL to 60829.54086
[2026-05-06 09:45:10,476] INFO:  >> [SAFE_HANDOVER] Syncing JP225 SL to 60825.64086
[2026-05-06 09:45:10,476] INFO:  >> [SAFE_HANDOVER] Syncing JP225 SL to 60831.14086
[2026-05-06 09:45:10,476] INFO:  >> [SAFE_HANDOVER] Syncing JP225 SL to 60833.64086
[2026-05-06 09:45:10,476] INFO:  >> [SAFE_HANDOVER] Syncing JP225 SL to 60828.64086
[2026-05-06 09:45:10,478] INFO:  >> [SAFE_HANDOVER] Syncing JP225 SL to 60828.74086
[2026-05-06 09:45:10,478] INFO:  >> [SAFE_HANDOVER] Syncing JP225 SL to 60831.84086
[2026-05-06 09:45:10,478] INFO:  >> [SAFE_HANDOVER] Syncing JP225 SL to 60846.04086
[2026-05-06 09:45:10,478] INFO:  >> [SAFE_HANDOVER] Syncing JP225 SL to 60848.64086
[2026-05-06 09:45:10,478] INFO:  >> [SAFE_HANDOVER] Syncing JP225 SL to 60855.34086
[2026-05-06 09:45:10,479] INFO:  >> [SAFE_HANDOVER] Syncing JP225 SL to 60858.24086
[2026-05-06 09:45:10,479] INFO:  >> [SAFE_HANDOVER] Syncing JP225 SL to 60855.64086
[2026-05-06 09:45:10,479] INFO:  >> [SAFE_HANDOVER] Syncing JP225 SL to 60860.34086
[2026-05-06 09:45:10,479] INFO:  >> [SAFE_HANDOVER] Syncing JP225 SL to 60861.14086
[2026-05-06 09:45:10,577] INFO: SCANNING: JP225 | PRICE: 61041.70 | BIAS: BULLISH | ER: 0.39 | VEL: 2.73
[2026-05-06 09:45:10,577] INFO:  >> [GUARD] JP225 position already active. Skipping.
[2026-05-06 09:45:10,585] INFO:  >> [HARVESTER] OMEGA is dominating. Scaling in reinforcements...
[2026-05-06 09:45:20,873] INFO:  >> [SAFE_HANDOVER] Syncing JP225 SL to 60829.54086
[2026-05-06 09:45:20,873] INFO:  >> [SAFE_HANDOVER] Syncing JP225 SL to 60825.64086
[2026-05-06 09:45:20,874] INFO:  >> [SAFE_HANDOVER] Syncing JP225 SL to 60831.14086
[2026-05-06 09:45:20,874] INFO:  >> [SAFE_HANDOVER] Syncing JP225 SL to 60833.64086
[2026-05-06 09:45:20,875] INFO:  >> [SAFE_HANDOVER] Syncing JP225 SL to 60828.64086
[2026-05-06 09:45:20,875] INFO:  >> [SAFE_HANDOVER] Syncing JP225 SL to 60828.74086
[2026-05-06 09:45:20,875] INFO:  >> [SAFE_HANDOVER] Syncing JP225 SL to 60831.84086
[2026-05-06 09:45:20,875] INFO:  >> [SAFE_HANDOVER] Syncing JP225 SL to 60846.04086
[2026-05-06 09:45:20,876] INFO:  >> [SAFE_HANDOVER] Syncing JP225 SL to 60848.64086
[2026-05-06 09:45:20,876] INFO:  >> [SAFE_HANDOVER] Syncing JP225 SL to 60855.34086
[2026-05-06 09:45:20,876] INFO:  >> [SAFE_HANDOVER] Syncing JP225 SL to 60858.24086
[2026-05-06 09:45:20,876] INFO:  >> [SAFE_HANDOVER] Syncing JP225 SL to 60855.64086
[2026-05-06 09:45:20,876] INFO:  >> [SAFE_HANDOVER] Syncing JP225 SL to 60860.34086
[2026-05-06 09:45:20,877] INFO:  >> [SAFE_HANDOVER] Syncing JP225 SL to 60861.14086
[2026-05-06 09:45:20,877] INFO:  >> [SAFE_HANDOVER] Syncing JP225 SL to 60868.84086
[2026-05-06 09:45:20,974] INFO: SCANNING: JP225 | PRICE: 61048.40 | BIAS: BULLISH | ER: 0.39 | VEL: 2.65
[2026-05-06 09:45:20,974] INFO:  >> [GUARD] JP225 position already active. Skipping.
[2026-05-06 09:45:20,980] INFO:  >> [HARVESTER] OMEGA is dominating. Scaling in reinforcements...
[2026-05-06 09:45:31,250] INFO:  >> [SAFE_HANDOVER] Syncing JP225 SL to 60829.54086
[2026-05-06 09:45:31,250] INFO:  >> [SAFE_HANDOVER] Syncing JP225 SL to 60825.64086
[2026-05-06 09:45:31,251] INFO:  >> [SAFE_HANDOVER] Syncing JP225 SL to 60831.14086
[2026-05-06 09:45:31,251] INFO:  >> [SAFE_HANDOVER] Syncing JP225 SL to 60833.64086
[2026-05-06 09:45:31,252] INFO:  >> [SAFE_HANDOVER] Syncing JP225 SL to 60828.64086
[2026-05-06 09:45:31,252] INFO:  >> [SAFE_HANDOVER] Syncing JP225 SL to 60828.74086
[2026-05-06 09:45:31,252] INFO:  >> [SAFE_HANDOVER] Syncing JP225 SL to 60831.84086
[2026-05-06 09:45:31,252] INFO:  >> [SAFE_HANDOVER] Syncing JP225 SL to 60846.04086
[2026-05-06 09:45:31,252] INFO:  >> [SAFE_HANDOVER] Syncing JP225 SL to 60848.64086
[2026-05-06 09:45:31,253] INFO:  >> [SAFE_HANDOVER] Syncing JP225 SL to 60855.34086
[2026-05-06 09:45:31,253] INFO:  >> [SAFE_HANDOVER] Syncing JP225 SL to 60858.24086
[2026-05-06 09:45:31,254] INFO:  >> [SAFE_HANDOVER] Syncing JP225 SL to 60855.64086
[2026-05-06 09:45:31,254] INFO:  >> [SAFE_HANDOVER] Syncing JP225 SL to 60860.34086
[2026-05-06 09:45:31,254] INFO:  >> [SAFE_HANDOVER] Syncing JP225 SL to 60861.14086
[2026-05-06 09:45:31,254] INFO:  >> [SAFE_HANDOVER] Syncing JP225 SL to 60868.84086
[2026-05-06 09:45:31,254] INFO:  >> [SAFE_HANDOVER] Syncing JP225 SL to 60875.54086
[2026-05-06 09:45:31,350] INFO: SCANNING: JP225 | PRICE: 61048.30 | BIAS: BULLISH | ER: 0.39 | VEL: 2.65
[2026-05-06 09:45:31,350] INFO:  >> [GUARD] JP225 position already active. Skipping.
[2026-05-06 09:45:31,357] INFO:  >> [HARVESTER] OMEGA is dominating. Scaling in reinforcements...
[2026-05-06 09:45:41,612] INFO:  >> [SAFE_HANDOVER] Syncing JP225 SL to 60829.54086
[2026-05-06 09:45:41,612] INFO:  >> [SAFE_HANDOVER] Syncing JP225 SL to 60825.64086
[2026-05-06 09:45:41,613] INFO:  >> [SAFE_HANDOVER] Syncing JP225 SL to 60831.14086
[2026-05-06 09:45:41,613] INFO:  >> [SAFE_HANDOVER] Syncing JP225 SL to 60833.64086
[2026-05-06 09:45:41,613] INFO:  >> [SAFE_HANDOVER] Syncing JP225 SL to 60828.64086
[2026-05-06 09:45:41,613] INFO:  >> [SAFE_HANDOVER] Syncing JP225 SL to 60828.74086
[2026-05-06 09:45:41,614] INFO:  >> [SAFE_HANDOVER] Syncing JP225 SL to 60831.84086
[2026-05-06 09:45:41,614] INFO:  >> [SAFE_HANDOVER] Syncing JP225 SL to 60846.04086
[2026-05-06 09:45:41,614] INFO:  >> [SAFE_HANDOVER] Syncing JP225 SL to 60848.64086
[2026-05-06 09:45:41,614] INFO:  >> [SAFE_HANDOVER] Syncing JP225 SL to 60855.34086
[2026-05-06 09:45:41,614] INFO:  >> [SAFE_HANDOVER] Syncing JP225 SL to 60858.24086
[2026-05-06 09:45:41,615] INFO:  >> [SAFE_HANDOVER] Syncing JP225 SL to 60855.64086
[2026-05-06 09:45:41,615] INFO:  >> [SAFE_HANDOVER] Syncing JP225 SL to 60860.34086
[2026-05-06 09:45:41,615] INFO:  >> [SAFE_HANDOVER] Syncing JP225 SL to 60861.14086
[2026-05-06 09:45:41,615] INFO:  >> [SAFE_HANDOVER] Syncing JP225 SL to 60868.84086
[2026-05-06 09:45:41,616] INFO:  >> [SAFE_HANDOVER] Syncing JP225 SL to 60875.54086
[2026-05-06 09:45:41,616] INFO:  >> [SAFE_HANDOVER] Syncing JP225 SL to 60875.44086
[2026-05-06 09:45:41,712] INFO: SCANNING: JP225 | PRICE: 61042.00 | BIAS: BULLISH | ER: 0.39 | VEL: 2.71
[2026-05-06 09:45:41,712] INFO:  >> [GUARD] JP225 position already active. Skipping.
[2026-05-06 09:45:41,713] INFO:  >> [HARVESTER] OMEGA is dominating. Scaling in reinforcements...
[2026-05-06 09:45:51,991] INFO:  >> [SAFE_HANDOVER] Syncing JP225 SL to 60829.54086
[2026-05-06 09:45:51,991] INFO:  >> [SAFE_HANDOVER] Syncing JP225 SL to 60825.64086
[2026-05-06 09:45:51,991] INFO:  >> [SAFE_HANDOVER] Syncing JP225 SL to 60831.14086
[2026-05-06 09:45:51,991] INFO:  >> [SAFE_HANDOVER] Syncing JP225 SL to 60833.64086
[2026-05-06 09:45:51,991] INFO:  >> [SAFE_HANDOVER] Syncing JP225 SL to 60828.64086
[2026-05-06 09:45:51,993] INFO:  >> [SAFE_HANDOVER] Syncing JP225 SL to 60828.74086
[2026-05-06 09:45:51,993] INFO:  >> [SAFE_HANDOVER] Syncing JP225 SL to 60831.84086
[2026-05-06 09:45:51,993] INFO:  >> [SAFE_HANDOVER] Syncing JP225 SL to 60846.04086
[2026-05-06 09:45:51,993] INFO:  >> [SAFE_HANDOVER] Syncing JP225 SL to 60848.64086
[2026-05-06 09:45:51,993] INFO:  >> [SAFE_HANDOVER] Syncing JP225 SL to 60855.34086
[2026-05-06 09:45:51,994] INFO:  >> [SAFE_HANDOVER] Syncing JP225 SL to 60858.24086
[2026-05-06 09:45:51,994] INFO:  >> [SAFE_HANDOVER] Syncing JP225 SL to 60855.64086
[2026-05-06 09:45:51,994] INFO:  >> [SAFE_HANDOVER] Syncing JP225 SL to 60860.34086
[2026-05-06 09:45:51,994] INFO:  >> [SAFE_HANDOVER] Syncing JP225 SL to 60861.14086
[2026-05-06 09:45:51,994] INFO:  >> [SAFE_HANDOVER] Syncing JP225 SL to 60868.84086
[2026-05-06 09:45:51,995] INFO:  >> [SAFE_HANDOVER] Syncing JP225 SL to 60875.54086
[2026-05-06 09:45:51,995] INFO:  >> [SAFE_HANDOVER] Syncing JP225 SL to 60875.44086
[2026-05-06 09:45:51,995] INFO:  >> [SAFE_HANDOVER] Syncing JP225 SL to 60869.14086
[2026-05-06 09:45:52,090] INFO: SCANNING: JP225 | PRICE: 61039.60 | BIAS: BULLISH | ER: 0.39 | VEL: 2.74
[2026-05-06 09:45:52,090] INFO:  >> [GUARD] JP225 position already active. Skipping.
[2026-05-06 09:45:52,132] INFO:  >> [HARVESTER] OMEGA is dominating. Scaling in reinforcements...
[2026-05-06 09:46:02,379] INFO:  >> [SAFE_HANDOVER] Syncing JP225 SL to 60829.54086
[2026-05-06 09:46:02,379] INFO:  >> [SAFE_HANDOVER] Syncing JP225 SL to 60825.64086
[2026-05-06 09:46:02,379] INFO:  >> [SAFE_HANDOVER] Syncing JP225 SL to 60831.14086
[2026-05-06 09:46:02,379] INFO:  >> [SAFE_HANDOVER] Syncing JP225 SL to 60833.64086
[2026-05-06 09:46:02,379] INFO:  >> [SAFE_HANDOVER] Syncing JP225 SL to 60828.64086
[2026-05-06 09:46:02,381] INFO:  >> [SAFE_HANDOVER] Syncing JP225 SL to 60828.74086
[2026-05-06 09:46:02,381] INFO:  >> [SAFE_HANDOVER] Syncing JP225 SL to 60831.84086
[2026-05-06 09:46:02,381] INFO:  >> [SAFE_HANDOVER] Syncing JP225 SL to 60846.04086
[2026-05-06 09:46:02,381] INFO:  >> [SAFE_HANDOVER] Syncing JP225 SL to 60848.64086
[2026-05-06 09:46:02,381] INFO:  >> [SAFE_HANDOVER] Syncing JP225 SL to 60855.34086
[2026-05-06 09:46:02,381] INFO:  >> [SAFE_HANDOVER] Syncing JP225 SL to 60858.24086
[2026-05-06 09:46:02,381] INFO:  >> [SAFE_HANDOVER] Syncing JP225 SL to 60855.64086
[2026-05-06 09:46:02,382] INFO:  >> [SAFE_HANDOVER] Syncing JP225 SL to 60860.34086
[2026-05-06 09:46:02,382] INFO:  >> [SAFE_HANDOVER] Syncing JP225 SL to 60861.14086
[2026-05-06 09:46:02,383] INFO:  >> [SAFE_HANDOVER] Syncing JP225 SL to 60868.84086
[2026-05-06 09:46:02,383] INFO:  >> [SAFE_HANDOVER] Syncing JP225 SL to 60875.54086
[2026-05-06 09:46:02,383] INFO:  >> [SAFE_HANDOVER] Syncing JP225 SL to 60875.44086
[2026-05-06 09:46:02,383] INFO:  >> [SAFE_HANDOVER] Syncing JP225 SL to 60869.14086
[2026-05-06 09:46:02,383] INFO:  >> [SAFE_HANDOVER] Syncing JP225 SL to 60866.74086
[2026-05-06 09:46:02,483] INFO: SCANNING: JP225 | PRICE: 61056.10 | BIAS: BULLISH | ER: 0.39 | VEL: 2.54
[2026-05-06 09:46:02,484] INFO:  >> [GUARD] JP225 position already active. Skipping.
[2026-05-06 09:46:02,489] INFO:  >> [HARVESTER] OMEGA is dominating. Scaling in reinforcements...
[2026-05-06 09:46:12,811] INFO:  >> [SAFE_HANDOVER] Syncing JP225 SL to 60829.54086
[2026-05-06 09:46:12,811] INFO:  >> [SAFE_HANDOVER] Syncing JP225 SL to 60825.64086
[2026-05-06 09:46:12,812] INFO:  >> [SAFE_HANDOVER] Syncing JP225 SL to 60831.14086
[2026-05-06 09:46:12,812] INFO:  >> [SAFE_HANDOVER] Syncing JP225 SL to 60833.64086
[2026-05-06 09:46:12,812] INFO:  >> [SAFE_HANDOVER] Syncing JP225 SL to 60828.64086
[2026-05-06 09:46:12,812] INFO:  >> [SAFE_HANDOVER] Syncing JP225 SL to 60828.74086
[2026-05-06 09:46:12,813] INFO:  >> [SAFE_HANDOVER] Syncing JP225 SL to 60831.84086
[2026-05-06 09:46:12,813] INFO:  >> [SAFE_HANDOVER] Syncing JP225 SL to 60846.04086
[2026-05-06 09:46:12,813] INFO:  >> [SAFE_HANDOVER] Syncing JP225 SL to 60848.64086
[2026-05-06 09:46:12,813] INFO:  >> [SAFE_HANDOVER] Syncing JP225 SL to 60855.34086
[2026-05-06 09:46:12,813] INFO:  >> [SAFE_HANDOVER] Syncing JP225 SL to 60858.24086
[2026-05-06 09:46:12,814] INFO:  >> [SAFE_HANDOVER] Syncing JP225 SL to 60855.64086
[2026-05-06 09:46:12,814] INFO:  >> [SAFE_HANDOVER] Syncing JP225 SL to 60860.34086
[2026-05-06 09:46:12,814] INFO:  >> [SAFE_HANDOVER] Syncing JP225 SL to 60861.14086
[2026-05-06 09:46:12,814] INFO:  >> [SAFE_HANDOVER] Syncing JP225 SL to 60868.84086
[2026-05-06 09:46:12,815] INFO:  >> [SAFE_HANDOVER] Syncing JP225 SL to 60875.54086
[2026-05-06 09:46:12,815] INFO:  >> [SAFE_HANDOVER] Syncing JP225 SL to 60875.44086
[2026-05-06 09:46:12,815] INFO:  >> [SAFE_HANDOVER] Syncing JP225 SL to 60869.14086
[2026-05-06 09:46:12,815] INFO:  >> [SAFE_HANDOVER] Syncing JP225 SL to 60866.74086
[2026-05-06 09:46:12,815] INFO:  >> [SAFE_HANDOVER] Syncing JP225 SL to 60883.24086
[2026-05-06 09:46:12,912] INFO: SCANNING: JP225 | PRICE: 61061.60 | BIAS: BULLISH | ER: 0.39 | VEL: 2.44
[2026-05-06 09:46:12,912] INFO:  >> [GUARD] JP225 position already active. Skipping.
[2026-05-06 09:46:12,919] INFO:  >> [HARVESTER] OMEGA is dominating. Scaling in reinforcements...
[2026-05-06 09:46:23,155] INFO:  >> [SAFE_HANDOVER] Syncing JP225 SL to 60829.54086
[2026-05-06 09:46:23,155] INFO:  >> [SAFE_HANDOVER] Syncing JP225 SL to 60825.64086
[2026-05-06 09:46:23,156] INFO:  >> [SAFE_HANDOVER] Syncing JP225 SL to 60831.14086
[2026-05-06 09:46:23,156] INFO:  >> [SAFE_HANDOVER] Syncing JP225 SL to 60833.64086
[2026-05-06 09:46:23,156] INFO:  >> [SAFE_HANDOVER] Syncing JP225 SL to 60828.64086
[2026-05-06 09:46:23,157] INFO:  >> [SAFE_HANDOVER] Syncing JP225 SL to 60828.74086
[2026-05-06 09:46:23,157] INFO:  >> [SAFE_HANDOVER] Syncing JP225 SL to 60831.84086
[2026-05-06 09:46:23,157] INFO:  >> [SAFE_HANDOVER] Syncing JP225 SL to 60846.04086
[2026-05-06 09:46:23,157] INFO:  >> [SAFE_HANDOVER] Syncing JP225 SL to 60848.64086
[2026-05-06 09:46:23,157] INFO:  >> [SAFE_HANDOVER] Syncing JP225 SL to 60855.34086
[2026-05-06 09:46:23,158] INFO:  >> [SAFE_HANDOVER] Syncing JP225 SL to 60858.24086
[2026-05-06 09:46:23,158] INFO:  >> [SAFE_HANDOVER] Syncing JP225 SL to 60855.64086
[2026-05-06 09:46:23,158] INFO:  >> [SAFE_HANDOVER] Syncing JP225 SL to 60860.34086
[2026-05-06 09:46:23,158] INFO:  >> [SAFE_HANDOVER] Syncing JP225 SL to 60861.14086
[2026-05-06 09:46:23,158] INFO:  >> [SAFE_HANDOVER] Syncing JP225 SL to 60868.84086
[2026-05-06 09:46:23,159] INFO:  >> [SAFE_HANDOVER] Syncing JP225 SL to 60875.54086
[2026-05-06 09:46:23,159] INFO:  >> [SAFE_HANDOVER] Syncing JP225 SL to 60875.44086
[2026-05-06 09:46:23,159] INFO:  >> [SAFE_HANDOVER] Syncing JP225 SL to 60869.14086
[2026-05-06 09:46:23,159] INFO:  >> [SAFE_HANDOVER] Syncing JP225 SL to 60866.74086
[2026-05-06 09:46:23,160] INFO:  >> [SAFE_HANDOVER] Syncing JP225 SL to 60883.24086
[2026-05-06 09:46:23,160] INFO:  >> [SAFE_HANDOVER] Syncing JP225 SL to 60888.74086
[2026-05-06 09:46:23,256] INFO: SCANNING: JP225 | PRICE: 61061.10 | BIAS: BULLISH | ER: 0.39 | VEL: 2.44
[2026-05-06 09:46:23,256] INFO:  >> [GUARD] JP225 position already active. Skipping.
[2026-05-06 09:46:23,336] INFO:  >> [HARVESTER] OMEGA is dominating. Scaling in reinforcements...
[2026-05-06 09:46:33,578] INFO:  >> [SAFE_HANDOVER] Syncing JP225 SL to 60829.54086
[2026-05-06 09:46:33,578] INFO:  >> [SAFE_HANDOVER] Syncing JP225 SL to 60825.64086
[2026-05-06 09:46:33,579] INFO:  >> [SAFE_HANDOVER] Syncing JP225 SL to 60831.14086
[2026-05-06 09:46:33,580] INFO:  >> [SAFE_HANDOVER] Syncing JP225 SL to 60833.64086
[2026-05-06 09:46:33,580] INFO:  >> [SAFE_HANDOVER] Syncing JP225 SL to 60828.64086
[2026-05-06 09:46:33,580] INFO:  >> [SAFE_HANDOVER] Syncing JP225 SL to 60828.74086
[2026-05-06 09:46:33,581] INFO:  >> [SAFE_HANDOVER] Syncing JP225 SL to 60831.84086
[2026-05-06 09:46:33,581] INFO:  >> [SAFE_HANDOVER] Syncing JP225 SL to 60846.04086
[2026-05-06 09:46:33,581] INFO:  >> [SAFE_HANDOVER] Syncing JP225 SL to 60848.64086
[2026-05-06 09:46:33,581] INFO:  >> [SAFE_HANDOVER] Syncing JP225 SL to 60855.34086
[2026-05-06 09:46:33,582] INFO:  >> [SAFE_HANDOVER] Syncing JP225 SL to 60858.24086
[2026-05-06 09:46:33,582] INFO:  >> [SAFE_HANDOVER] Syncing JP225 SL to 60855.64086
[2026-05-06 09:46:33,582] INFO:  >> [SAFE_HANDOVER] Syncing JP225 SL to 60860.34086
[2026-05-06 09:46:33,582] INFO:  >> [SAFE_HANDOVER] Syncing JP225 SL to 60861.14086
[2026-05-06 09:46:33,582] INFO:  >> [SAFE_HANDOVER] Syncing JP225 SL to 60868.84086
[2026-05-06 09:46:33,583] INFO:  >> [SAFE_HANDOVER] Syncing JP225 SL to 60875.54086
[2026-05-06 09:46:33,583] INFO:  >> [SAFE_HANDOVER] Syncing JP225 SL to 60875.44086
[2026-05-06 09:46:33,583] INFO:  >> [SAFE_HANDOVER] Syncing JP225 SL to 60869.14086
[2026-05-06 09:46:33,583] INFO:  >> [SAFE_HANDOVER] Syncing JP225 SL to 60866.74086
[2026-05-06 09:46:33,583] INFO:  >> [SAFE_HANDOVER] Syncing JP225 SL to 60883.24086
[2026-05-06 09:46:33,584] INFO:  >> [SAFE_HANDOVER] Syncing JP225 SL to 60888.74086
[2026-05-06 09:46:33,584] INFO:  >> [SAFE_HANDOVER] Syncing JP225 SL to 60888.24086
[2026-05-06 09:46:33,678] INFO: SCANNING: JP225 | PRICE: 61064.20 | BIAS: BULLISH | ER: 0.39 | VEL: 2.4
[2026-05-06 09:46:33,678] INFO:  >> [GUARD] JP225 position already active. Skipping.
[2026-05-06 09:46:33,684] INFO:  >> [HARVESTER] OMEGA is dominating. Scaling in reinforcements...
[2026-05-06 09:46:43,958] INFO:  >> [SAFE_HANDOVER] Syncing JP225 SL to 60829.54086
[2026-05-06 09:46:43,958] INFO:  >> [SAFE_HANDOVER] Syncing JP225 SL to 60825.64086
[2026-05-06 09:46:43,958] INFO:  >> [SAFE_HANDOVER] Syncing JP225 SL to 60831.14086
[2026-05-06 09:46:43,958] INFO:  >> [SAFE_HANDOVER] Syncing JP225 SL to 60833.64086
[2026-05-06 09:46:43,959] INFO:  >> [SAFE_HANDOVER] Syncing JP225 SL to 60828.64086
[2026-05-06 09:46:43,959] INFO:  >> [SAFE_HANDOVER] Syncing JP225 SL to 60828.74086
[2026-05-06 09:46:43,959] INFO:  >> [SAFE_HANDOVER] Syncing JP225 SL to 60831.84086
[2026-05-06 09:46:43,959] INFO:  >> [SAFE_HANDOVER] Syncing JP225 SL to 60846.04086
[2026-05-06 09:46:43,959] INFO:  >> [SAFE_HANDOVER] Syncing JP225 SL to 60848.64086
[2026-05-06 09:46:43,960] INFO:  >> [SAFE_HANDOVER] Syncing JP225 SL to 60855.34086
[2026-05-06 09:46:43,960] INFO:  >> [SAFE_HANDOVER] Syncing JP225 SL to 60858.24086
[2026-05-06 09:46:43,960] INFO:  >> [SAFE_HANDOVER] Syncing JP225 SL to 60855.64086
[2026-05-06 09:46:43,960] INFO:  >> [SAFE_HANDOVER] Syncing JP225 SL to 60860.34086
[2026-05-06 09:46:43,960] INFO:  >> [SAFE_HANDOVER] Syncing JP225 SL to 60861.14086
[2026-05-06 09:46:43,961] INFO:  >> [SAFE_HANDOVER] Syncing JP225 SL to 60868.84086
[2026-05-06 09:46:43,961] INFO:  >> [SAFE_HANDOVER] Syncing JP225 SL to 60875.54086
[2026-05-06 09:46:43,961] INFO:  >> [SAFE_HANDOVER] Syncing JP225 SL to 60875.44086
[2026-05-06 09:46:43,961] INFO:  >> [SAFE_HANDOVER] Syncing JP225 SL to 60869.14086
[2026-05-06 09:46:43,962] INFO:  >> [SAFE_HANDOVER] Syncing JP225 SL to 60866.74086
[2026-05-06 09:46:43,962] INFO:  >> [SAFE_HANDOVER] Syncing JP225 SL to 60883.24086
[2026-05-06 09:46:43,962] INFO:  >> [SAFE_HANDOVER] Syncing JP225 SL to 60888.74086
[2026-05-06 09:46:43,962] INFO:  >> [SAFE_HANDOVER] Syncing JP225 SL to 60888.24086
[2026-05-06 09:46:43,962] INFO:  >> [SAFE_HANDOVER] Syncing JP225 SL to 60891.34086
[2026-05-06 09:46:44,057] INFO: SCANNING: JP225 | PRICE: 61066.50 | BIAS: BULLISH | ER: 0.39 | VEL: 2.38
[2026-05-06 09:46:44,057] INFO:  >> [GUARD] JP225 position already active. Skipping.
[2026-05-06 09:46:44,099] INFO:  >> [HARVESTER] OMEGA is dominating. Scaling in reinforcements...
[2026-05-06 09:46:54,337] INFO:  >> [SAFE_HANDOVER] Syncing JP225 SL to 60829.54086
[2026-05-06 09:46:54,338] INFO:  >> [SAFE_HANDOVER] Syncing JP225 SL to 60825.64086
[2026-05-06 09:46:54,338] INFO:  >> [SAFE_HANDOVER] Syncing JP225 SL to 60831.14086
[2026-05-06 09:46:54,339] INFO:  >> [SAFE_HANDOVER] Syncing JP225 SL to 60833.64086
[2026-05-06 09:46:54,339] INFO:  >> [SAFE_HANDOVER] Syncing JP225 SL to 60828.64086
[2026-05-06 09:46:54,339] INFO:  >> [SAFE_HANDOVER] Syncing JP225 SL to 60828.74086
[2026-05-06 09:46:54,339] INFO:  >> [SAFE_HANDOVER] Syncing JP225 SL to 60831.84086
[2026-05-06 09:46:54,339] INFO:  >> [SAFE_HANDOVER] Syncing JP225 SL to 60846.04086
[2026-05-06 09:46:54,340] INFO:  >> [SAFE_HANDOVER] Syncing JP225 SL to 60848.64086
[2026-05-06 09:46:54,341] INFO:  >> [SAFE_HANDOVER] Syncing JP225 SL to 60855.34086
[2026-05-06 09:46:54,341] INFO:  >> [SAFE_HANDOVER] Syncing JP225 SL to 60858.24086
[2026-05-06 09:46:54,341] INFO:  >> [SAFE_HANDOVER] Syncing JP225 SL to 60855.64086
[2026-05-06 09:46:54,341] INFO:  >> [SAFE_HANDOVER] Syncing JP225 SL to 60860.34086
[2026-05-06 09:46:54,342] INFO:  >> [SAFE_HANDOVER] Syncing JP225 SL to 60861.14086
[2026-05-06 09:46:54,342] INFO:  >> [SAFE_HANDOVER] Syncing JP225 SL to 60868.84086
[2026-05-06 09:46:54,342] INFO:  >> [SAFE_HANDOVER] Syncing JP225 SL to 60875.54086
[2026-05-06 09:46:54,343] INFO:  >> [SAFE_HANDOVER] Syncing JP225 SL to 60875.44086
[2026-05-06 09:46:54,343] INFO:  >> [SAFE_HANDOVER] Syncing JP225 SL to 60869.14086
[2026-05-06 09:46:54,343] INFO:  >> [SAFE_HANDOVER] Syncing JP225 SL to 60866.74086
[2026-05-06 09:46:54,344] INFO:  >> [SAFE_HANDOVER] Syncing JP225 SL to 60883.24086
[2026-05-06 09:46:54,344] INFO:  >> [SAFE_HANDOVER] Syncing JP225 SL to 60888.74086
[2026-05-06 09:46:54,344] INFO:  >> [SAFE_HANDOVER] Syncing JP225 SL to 60888.24086
[2026-05-06 09:46:54,345] INFO:  >> [SAFE_HANDOVER] Syncing JP225 SL to 60891.34086
[2026-05-06 09:46:54,345] INFO:  >> [SAFE_HANDOVER] Syncing JP225 SL to 60893.64086
[2026-05-06 09:46:54,441] INFO: SCANNING: JP225 | PRICE: 61056.10 | BIAS: BULLISH | ER: 0.39 | VEL: 2.48
[2026-05-06 09:46:54,441] INFO:  >> [GUARD] JP225 position already active. Skipping.
[2026-05-06 09:46:54,446] INFO:  >> [HARVESTER] OMEGA is dominating. Scaling in reinforcements...
[2026-05-06 09:47:04,688] INFO:  >> [SAFE_HANDOVER] Syncing JP225 SL to 60829.54086
[2026-05-06 09:47:04,689] INFO:  >> [SAFE_HANDOVER] Syncing JP225 SL to 60825.64086
[2026-05-06 09:47:04,689] INFO:  >> [SAFE_HANDOVER] Syncing JP225 SL to 60831.14086
[2026-05-06 09:47:04,690] INFO:  >> [SAFE_HANDOVER] Syncing JP225 SL to 60833.64086
[2026-05-06 09:47:04,690] INFO:  >> [SAFE_HANDOVER] Syncing JP225 SL to 60828.64086
[2026-05-06 09:47:04,690] INFO:  >> [SAFE_HANDOVER] Syncing JP225 SL to 60828.74086
[2026-05-06 09:47:04,690] INFO:  >> [SAFE_HANDOVER] Syncing JP225 SL to 60831.84086
[2026-05-06 09:47:04,691] INFO:  >> [SAFE_HANDOVER] Syncing JP225 SL to 60846.04086
[2026-05-06 09:47:04,691] INFO:  >> [SAFE_HANDOVER] Syncing JP225 SL to 60848.64086
[2026-05-06 09:47:04,691] INFO:  >> [SAFE_HANDOVER] Syncing JP225 SL to 60855.34086
[2026-05-06 09:47:04,691] INFO:  >> [SAFE_HANDOVER] Syncing JP225 SL to 60858.24086
[2026-05-06 09:47:04,692] INFO:  >> [SAFE_HANDOVER] Syncing JP225 SL to 60855.64086
[2026-05-06 09:47:04,692] INFO:  >> [SAFE_HANDOVER] Syncing JP225 SL to 60860.34086
[2026-05-06 09:47:04,692] INFO:  >> [SAFE_HANDOVER] Syncing JP225 SL to 60861.14086
[2026-05-06 09:47:04,692] INFO:  >> [SAFE_HANDOVER] Syncing JP225 SL to 60868.84086
[2026-05-06 09:47:04,692] INFO:  >> [SAFE_HANDOVER] Syncing JP225 SL to 60875.54086
[2026-05-06 09:47:04,693] INFO:  >> [SAFE_HANDOVER] Syncing JP225 SL to 60875.44086
[2026-05-06 09:47:04,693] INFO:  >> [SAFE_HANDOVER] Syncing JP225 SL to 60869.14086
[2026-05-06 09:47:04,693] INFO:  >> [SAFE_HANDOVER] Syncing JP225 SL to 60866.74086
[2026-05-06 09:47:04,693] INFO:  >> [SAFE_HANDOVER] Syncing JP225 SL to 60883.24086
[2026-05-06 09:47:04,694] INFO:  >> [SAFE_HANDOVER] Syncing JP225 SL to 60888.74086
[2026-05-06 09:47:04,694] INFO:  >> [SAFE_HANDOVER] Syncing JP225 SL to 60888.24086
[2026-05-06 09:47:04,694] INFO:  >> [SAFE_HANDOVER] Syncing JP225 SL to 60891.34086
[2026-05-06 09:47:04,694] INFO:  >> [SAFE_HANDOVER] Syncing JP225 SL to 60893.64086
[2026-05-06 09:47:04,694] INFO:  >> [SAFE_HANDOVER] Syncing JP225 SL to 60883.24086
[2026-05-06 09:47:04,795] INFO: SCANNING: JP225 | PRICE: 61052.00 | BIAS: BULLISH | ER: 0.39 | VEL: 2.52
[2026-05-06 09:47:04,795] INFO:  >> [GUARD] JP225 position already active. Skipping.
[2026-05-06 09:47:04,803] INFO:  >> [HARVESTER] OMEGA is dominating. Scaling in reinforcements...
[2026-05-06 09:47:15,043] INFO:  >> [SAFE_HANDOVER] Syncing JP225 SL to 60829.54086
[2026-05-06 09:47:15,044] INFO:  >> [SAFE_HANDOVER] Syncing JP225 SL to 60825.64086
[2026-05-06 09:47:15,044] INFO:  >> [SAFE_HANDOVER] Syncing JP225 SL to 60831.14086
[2026-05-06 09:47:15,044] INFO:  >> [SAFE_HANDOVER] Syncing JP225 SL to 60833.64086
[2026-05-06 09:47:15,045] INFO:  >> [SAFE_HANDOVER] Syncing JP225 SL to 60828.64086
[2026-05-06 09:47:15,045] INFO:  >> [SAFE_HANDOVER] Syncing JP225 SL to 60828.74086
[2026-05-06 09:47:15,045] INFO:  >> [SAFE_HANDOVER] Syncing JP225 SL to 60831.84086
[2026-05-06 09:47:15,045] INFO:  >> [SAFE_HANDOVER] Syncing JP225 SL to 60846.04086
[2026-05-06 09:47:15,046] INFO:  >> [SAFE_HANDOVER] Syncing JP225 SL to 60848.64086
[2026-05-06 09:47:15,046] INFO:  >> [SAFE_HANDOVER] Syncing JP225 SL to 60855.34086
[2026-05-06 09:47:15,046] INFO:  >> [SAFE_HANDOVER] Syncing JP225 SL to 60858.24086
[2026-05-06 09:47:15,047] INFO:  >> [SAFE_HANDOVER] Syncing JP225 SL to 60855.64086
[2026-05-06 09:47:15,047] INFO:  >> [SAFE_HANDOVER] Syncing JP225 SL to 60860.34086
[2026-05-06 09:47:15,047] INFO:  >> [SAFE_HANDOVER] Syncing JP225 SL to 60861.14086
[2026-05-06 09:47:15,047] INFO:  >> [SAFE_HANDOVER] Syncing JP225 SL to 60868.84086
[2026-05-06 09:47:15,048] INFO:  >> [SAFE_HANDOVER] Syncing JP225 SL to 60875.54086
[2026-05-06 09:47:15,048] INFO:  >> [SAFE_HANDOVER] Syncing JP225 SL to 60875.44086
[2026-05-06 09:47:15,048] INFO:  >> [SAFE_HANDOVER] Syncing JP225 SL to 60869.14086
[2026-05-06 09:47:15,048] INFO:  >> [SAFE_HANDOVER] Syncing JP225 SL to 60866.74086
[2026-05-06 09:47:15,048] INFO:  >> [SAFE_HANDOVER] Syncing JP225 SL to 60883.24086
[2026-05-06 09:47:15,049] INFO:  >> [SAFE_HANDOVER] Syncing JP225 SL to 60888.74086
[2026-05-06 09:47:15,049] INFO:  >> [SAFE_HANDOVER] Syncing JP225 SL to 60888.24086
[2026-05-06 09:47:15,049] INFO:  >> [SAFE_HANDOVER] Syncing JP225 SL to 60891.34086
[2026-05-06 09:47:15,050] INFO:  >> [SAFE_HANDOVER] Syncing JP225 SL to 60893.64086
[2026-05-06 09:47:15,050] INFO:  >> [SAFE_HANDOVER] Syncing JP225 SL to 60883.24086
[2026-05-06 09:47:15,050] INFO:  >> [SAFE_HANDOVER] Syncing JP225 SL to 60879.14086
[2026-05-06 09:47:15,148] INFO: SCANNING: JP225 | PRICE: 61053.50 | BIAS: BULLISH | ER: 0.39 | VEL: 2.51
[2026-05-06 09:47:15,149] INFO:  >> [GUARD] JP225 position already active. Skipping.
[2026-05-06 09:47:15,161] INFO:  >> [HARVESTER] OMEGA is dominating. Scaling in reinforcements...
[2026-05-06 09:47:25,404] INFO:  >> [SAFE_HANDOVER] Syncing JP225 SL to 60829.54086
[2026-05-06 09:47:25,404] INFO:  >> [SAFE_HANDOVER] Syncing JP225 SL to 60825.64086
[2026-05-06 09:47:25,404] INFO:  >> [SAFE_HANDOVER] Syncing JP225 SL to 60831.14086
[2026-05-06 09:47:25,405] INFO:  >> [SAFE_HANDOVER] Syncing JP225 SL to 60833.64086
[2026-05-06 09:47:25,405] INFO:  >> [SAFE_HANDOVER] Syncing JP225 SL to 60828.64086
[2026-05-06 09:47:25,406] INFO:  >> [SAFE_HANDOVER] Syncing JP225 SL to 60828.74086
[2026-05-06 09:47:25,406] INFO:  >> [SAFE_HANDOVER] Syncing JP225 SL to 60831.84086
[2026-05-06 09:47:25,406] INFO:  >> [SAFE_HANDOVER] Syncing JP225 SL to 60846.04086
[2026-05-06 09:47:25,406] INFO:  >> [SAFE_HANDOVER] Syncing JP225 SL to 60848.64086
[2026-05-06 09:47:25,407] INFO:  >> [SAFE_HANDOVER] Syncing JP225 SL to 60855.34086
[2026-05-06 09:47:25,407] INFO:  >> [SAFE_HANDOVER] Syncing JP225 SL to 60858.24086
[2026-05-06 09:47:25,407] INFO:  >> [SAFE_HANDOVER] Syncing JP225 SL to 60855.64086
[2026-05-06 09:47:25,407] INFO:  >> [SAFE_HANDOVER] Syncing JP225 SL to 60860.34086
[2026-05-06 09:47:25,407] INFO:  >> [SAFE_HANDOVER] Syncing JP225 SL to 60861.14086
[2026-05-06 09:47:25,408] INFO:  >> [SAFE_HANDOVER] Syncing JP225 SL to 60868.84086
[2026-05-06 09:47:25,408] INFO:  >> [SAFE_HANDOVER] Syncing JP225 SL to 60875.54086
[2026-05-06 09:47:25,408] INFO:  >> [SAFE_HANDOVER] Syncing JP225 SL to 60875.44086
[2026-05-06 09:47:25,408] INFO:  >> [SAFE_HANDOVER] Syncing JP225 SL to 60869.14086
[2026-05-06 09:47:25,408] INFO:  >> [SAFE_HANDOVER] Syncing JP225 SL to 60866.74086
[2026-05-06 09:47:25,408] INFO:  >> [SAFE_HANDOVER] Syncing JP225 SL to 60883.24086
[2026-05-06 09:47:25,409] INFO:  >> [SAFE_HANDOVER] Syncing JP225 SL to 60888.74086
[2026-05-06 09:47:25,409] INFO:  >> [SAFE_HANDOVER] Syncing JP225 SL to 60888.24086
[2026-05-06 09:47:25,409] INFO:  >> [SAFE_HANDOVER] Syncing JP225 SL to 60891.34086
[2026-05-06 09:47:25,410] INFO:  >> [SAFE_HANDOVER] Syncing JP225 SL to 60893.64086
[2026-05-06 09:47:25,410] INFO:  >> [SAFE_HANDOVER] Syncing JP225 SL to 60883.24086
[2026-05-06 09:47:25,410] INFO:  >> [SAFE_HANDOVER] Syncing JP225 SL to 60879.14086
[2026-05-06 09:47:25,410] INFO:  >> [SAFE_HANDOVER] Syncing JP225 SL to 60880.64086
[2026-05-06 09:47:25,508] INFO: SCANNING: JP225 | PRICE: 61053.50 | BIAS: BULLISH | ER: 0.39 | VEL: 2.51
[2026-05-06 09:47:25,508] INFO:  >> [GUARD] JP225 position already active. Skipping.
[2026-05-06 09:47:25,546] INFO:  >> [HARVESTER] OMEGA is dominating. Scaling in reinforcements...
[2026-05-06 09:47:35,827] INFO:  >> [SAFE_HANDOVER] Syncing JP225 SL to 60829.54086
[2026-05-06 09:47:35,827] INFO:  >> [SAFE_HANDOVER] Syncing JP225 SL to 60825.64086
[2026-05-06 09:47:35,827] INFO:  >> [SAFE_HANDOVER] Syncing JP225 SL to 60831.14086
[2026-05-06 09:47:35,827] INFO:  >> [SAFE_HANDOVER] Syncing JP225 SL to 60833.64086
[2026-05-06 09:47:35,829] INFO:  >> [SAFE_HANDOVER] Syncing JP225 SL to 60828.64086
[2026-05-06 09:47:35,829] INFO:  >> [SAFE_HANDOVER] Syncing JP225 SL to 60828.74086
[2026-05-06 09:47:35,829] INFO:  >> [SAFE_HANDOVER] Syncing JP225 SL to 60831.84086
[2026-05-06 09:47:35,829] INFO:  >> [SAFE_HANDOVER] Syncing JP225 SL to 60846.04086
[2026-05-06 09:47:35,829] INFO:  >> [SAFE_HANDOVER] Syncing JP225 SL to 60848.64086
[2026-05-06 09:47:35,829] INFO:  >> [SAFE_HANDOVER] Syncing JP225 SL to 60855.34086
[2026-05-06 09:47:35,830] INFO:  >> [SAFE_HANDOVER] Syncing JP225 SL to 60858.24086
[2026-05-06 09:47:35,830] INFO:  >> [SAFE_HANDOVER] Syncing JP225 SL to 60855.64086
[2026-05-06 09:47:35,831] INFO:  >> [SAFE_HANDOVER] Syncing JP225 SL to 60860.34086
[2026-05-06 09:47:35,831] INFO:  >> [SAFE_HANDOVER] Syncing JP225 SL to 60861.14086
[2026-05-06 09:47:35,831] INFO:  >> [SAFE_HANDOVER] Syncing JP225 SL to 60868.84086
[2026-05-06 09:47:35,831] INFO:  >> [SAFE_HANDOVER] Syncing JP225 SL to 60875.54086
[2026-05-06 09:47:35,832] INFO:  >> [SAFE_HANDOVER] Syncing JP225 SL to 60875.44086
[2026-05-06 09:47:35,832] INFO:  >> [SAFE_HANDOVER] Syncing JP225 SL to 60869.14086
[2026-05-06 09:47:35,832] INFO:  >> [SAFE_HANDOVER] Syncing JP225 SL to 60866.74086
[2026-05-06 09:47:35,832] INFO:  >> [SAFE_HANDOVER] Syncing JP225 SL to 60883.24086
[2026-05-06 09:47:35,832] INFO:  >> [SAFE_HANDOVER] Syncing JP225 SL to 60888.74086
[2026-05-06 09:47:35,833] INFO:  >> [SAFE_HANDOVER] Syncing JP225 SL to 60888.24086
[2026-05-06 09:47:35,833] INFO:  >> [SAFE_HANDOVER] Syncing JP225 SL to 60891.34086
[2026-05-06 09:47:35,833] INFO:  >> [SAFE_HANDOVER] Syncing JP225 SL to 60893.64086
[2026-05-06 09:47:35,833] INFO:  >> [SAFE_HANDOVER] Syncing JP225 SL to 60883.24086
[2026-05-06 09:47:35,834] INFO:  >> [SAFE_HANDOVER] Syncing JP225 SL to 60879.14086
[2026-05-06 09:47:35,834] INFO:  >> [SAFE_HANDOVER] Syncing JP225 SL to 60880.64086
[2026-05-06 09:47:35,835] INFO:  >> [SAFE_HANDOVER] Syncing JP225 SL to 60880.64086
[2026-05-06 09:47:35,930] INFO: SCANNING: JP225 | PRICE: 61044.10 | BIAS: BULLISH | ER: 0.39 | VEL: 2.6
[2026-05-06 09:47:35,930] INFO:  >> [GUARD] JP225 position already active. Skipping.
[2026-05-06 09:47:35,935] INFO:  >> [HARVESTER] OMEGA is dominating. Scaling in reinforcements...
[2026-05-06 09:47:46,189] INFO:  >> [SAFE_HANDOVER] Syncing JP225 SL to 60829.54086
[2026-05-06 09:47:46,190] INFO:  >> [SAFE_HANDOVER] Syncing JP225 SL to 60825.64086
[2026-05-06 09:47:46,190] INFO:  >> [SAFE_HANDOVER] Syncing JP225 SL to 60831.14086
[2026-05-06 09:47:46,190] INFO:  >> [SAFE_HANDOVER] Syncing JP225 SL to 60833.64086
[2026-05-06 09:47:46,190] INFO:  >> [SAFE_HANDOVER] Syncing JP225 SL to 60828.64086
[2026-05-06 09:47:46,191] INFO:  >> [SAFE_HANDOVER] Syncing JP225 SL to 60828.74086
[2026-05-06 09:47:46,191] INFO:  >> [SAFE_HANDOVER] Syncing JP225 SL to 60831.84086
[2026-05-06 09:47:46,191] INFO:  >> [SAFE_HANDOVER] Syncing JP225 SL to 60846.04086
[2026-05-06 09:47:46,191] INFO:  >> [SAFE_HANDOVER] Syncing JP225 SL to 60848.64086
[2026-05-06 09:47:46,192] INFO:  >> [SAFE_HANDOVER] Syncing JP225 SL to 60855.34086
[2026-05-06 09:47:46,192] INFO:  >> [SAFE_HANDOVER] Syncing JP225 SL to 60858.24086
[2026-05-06 09:47:46,192] INFO:  >> [SAFE_HANDOVER] Syncing JP225 SL to 60855.64086
[2026-05-06 09:47:46,192] INFO:  >> [SAFE_HANDOVER] Syncing JP225 SL to 60860.34086
[2026-05-06 09:47:46,193] INFO:  >> [SAFE_HANDOVER] Syncing JP225 SL to 60861.14086
[2026-05-06 09:47:46,193] INFO:  >> [SAFE_HANDOVER] Syncing JP225 SL to 60868.84086
[2026-05-06 09:47:46,193] INFO:  >> [SAFE_HANDOVER] Syncing JP225 SL to 60875.54086
[2026-05-06 09:47:46,193] INFO:  >> [SAFE_HANDOVER] Syncing JP225 SL to 60875.44086
[2026-05-06 09:47:46,193] INFO:  >> [SAFE_HANDOVER] Syncing JP225 SL to 60869.14086
[2026-05-06 09:47:46,194] INFO:  >> [SAFE_HANDOVER] Syncing JP225 SL to 60866.74086
[2026-05-06 09:47:46,194] INFO:  >> [SAFE_HANDOVER] Syncing JP225 SL to 60883.24086
[2026-05-06 09:47:46,194] INFO:  >> [SAFE_HANDOVER] Syncing JP225 SL to 60888.74086
[2026-05-06 09:47:46,194] INFO:  >> [SAFE_HANDOVER] Syncing JP225 SL to 60888.24086
[2026-05-06 09:47:46,195] INFO:  >> [SAFE_HANDOVER] Syncing JP225 SL to 60891.34086
[2026-05-06 09:47:46,195] INFO:  >> [SAFE_HANDOVER] Syncing JP225 SL to 60893.64086
[2026-05-06 09:47:46,196] INFO:  >> [SAFE_HANDOVER] Syncing JP225 SL to 60883.24086
[2026-05-06 09:47:46,196] INFO:  >> [SAFE_HANDOVER] Syncing JP225 SL to 60879.14086
[2026-05-06 09:47:46,196] INFO:  >> [SAFE_HANDOVER] Syncing JP225 SL to 60880.64086
[2026-05-06 09:47:46,196] INFO:  >> [SAFE_HANDOVER] Syncing JP225 SL to 60880.64086
[2026-05-06 09:47:46,196] INFO:  >> [SAFE_HANDOVER] Syncing JP225 SL to 60871.24086
[2026-05-06 09:47:46,293] INFO: SCANNING: JP225 | PRICE: 61051.50 | BIAS: BULLISH | ER: 0.39 | VEL: 2.53
[2026-05-06 09:47:46,294] INFO:  >> [GUARD] JP225 position already active. Skipping.
[2026-05-06 09:47:46,297] INFO:  >> [HARVESTER] OMEGA is dominating. Scaling in reinforcements...
[2026-05-06 09:47:56,569] INFO:  >> [SAFE_HANDOVER] Syncing JP225 SL to 60829.54086
[2026-05-06 09:47:56,570] INFO:  >> [SAFE_HANDOVER] Syncing JP225 SL to 60825.64086
[2026-05-06 09:47:56,570] INFO:  >> [SAFE_HANDOVER] Syncing JP225 SL to 60831.14086
[2026-05-06 09:47:56,570] INFO:  >> [SAFE_HANDOVER] Syncing JP225 SL to 60833.64086
[2026-05-06 09:47:56,571] INFO:  >> [SAFE_HANDOVER] Syncing JP225 SL to 60828.64086
[2026-05-06 09:47:56,571] INFO:  >> [SAFE_HANDOVER] Syncing JP225 SL to 60828.74086
[2026-05-06 09:47:56,571] INFO:  >> [SAFE_HANDOVER] Syncing JP225 SL to 60831.84086
[2026-05-06 09:47:56,572] INFO:  >> [SAFE_HANDOVER] Syncing JP225 SL to 60846.04086
[2026-05-06 09:47:56,572] INFO:  >> [SAFE_HANDOVER] Syncing JP225 SL to 60848.64086
[2026-05-06 09:47:56,573] INFO:  >> [SAFE_HANDOVER] Syncing JP225 SL to 60855.34086
[2026-05-06 09:47:56,573] INFO:  >> [SAFE_HANDOVER] Syncing JP225 SL to 60858.24086
[2026-05-06 09:47:56,573] INFO:  >> [SAFE_HANDOVER] Syncing JP225 SL to 60855.64086
[2026-05-06 09:47:56,574] INFO:  >> [SAFE_HANDOVER] Syncing JP225 SL to 60860.34086
[2026-05-06 09:47:56,574] INFO:  >> [SAFE_HANDOVER] Syncing JP225 SL to 60861.14086
[2026-05-06 09:47:56,574] INFO:  >> [SAFE_HANDOVER] Syncing JP225 SL to 60868.84086
[2026-05-06 09:47:56,574] INFO:  >> [SAFE_HANDOVER] Syncing JP225 SL to 60875.54086
[2026-05-06 09:47:56,574] INFO:  >> [SAFE_HANDOVER] Syncing JP225 SL to 60875.44086
[2026-05-06 09:47:56,574] INFO:  >> [SAFE_HANDOVER] Syncing JP225 SL to 60869.14086
[2026-05-06 09:47:56,575] INFO:  >> [SAFE_HANDOVER] Syncing JP225 SL to 60866.74086
[2026-05-06 09:47:56,575] INFO:  >> [SAFE_HANDOVER] Syncing JP225 SL to 60883.24086
[2026-05-06 09:47:56,576] INFO:  >> [SAFE_HANDOVER] Syncing JP225 SL to 60888.74086
[2026-05-06 09:47:56,576] INFO:  >> [SAFE_HANDOVER] Syncing JP225 SL to 60888.24086
[2026-05-06 09:47:56,576] INFO:  >> [SAFE_HANDOVER] Syncing JP225 SL to 60891.34086
[2026-05-06 09:47:56,577] INFO:  >> [SAFE_HANDOVER] Syncing JP225 SL to 60893.64086
[2026-05-06 09:47:56,577] INFO:  >> [SAFE_HANDOVER] Syncing JP225 SL to 60883.24086
[2026-05-06 09:47:56,577] INFO:  >> [SAFE_HANDOVER] Syncing JP225 SL to 60879.14086
[2026-05-06 09:47:56,577] INFO:  >> [SAFE_HANDOVER] Syncing JP225 SL to 60880.64086
[2026-05-06 09:47:56,577] INFO:  >> [SAFE_HANDOVER] Syncing JP225 SL to 60880.64086
[2026-05-06 09:47:56,578] INFO:  >> [SAFE_HANDOVER] Syncing JP225 SL to 60871.24086
[2026-05-06 09:47:56,578] INFO:  >> [SAFE_HANDOVER] Syncing JP225 SL to 60878.64086
[2026-05-06 09:47:56,676] INFO: SCANNING: JP225 | PRICE: 61054.40 | BIAS: BULLISH | ER: 0.39 | VEL: 2.5
[2026-05-06 09:47:56,676] INFO:  >> [GUARD] JP225 position already active. Skipping.
[2026-05-06 09:47:56,688] INFO:  >> [HARVESTER] OMEGA is dominating. Scaling in reinforcements...
[2026-05-06 09:48:06,935] INFO:  >> [SAFE_HANDOVER] Syncing JP225 SL to 60829.54086
[2026-05-06 09:48:06,936] INFO:  >> [SAFE_HANDOVER] Syncing JP225 SL to 60825.64086
[2026-05-06 09:48:06,937] INFO:  >> [SAFE_HANDOVER] Syncing JP225 SL to 60831.14086
[2026-05-06 09:48:06,937] INFO:  >> [SAFE_HANDOVER] Syncing JP225 SL to 60833.64086
[2026-05-06 09:48:06,937] INFO:  >> [SAFE_HANDOVER] Syncing JP225 SL to 60828.64086
[2026-05-06 09:48:06,938] INFO:  >> [SAFE_HANDOVER] Syncing JP225 SL to 60828.74086
[2026-05-06 09:48:06,938] INFO:  >> [SAFE_HANDOVER] Syncing JP225 SL to 60831.84086
[2026-05-06 09:48:06,938] INFO:  >> [SAFE_HANDOVER] Syncing JP225 SL to 60846.04086
[2026-05-06 09:48:06,938] INFO:  >> [SAFE_HANDOVER] Syncing JP225 SL to 60848.64086
[2026-05-06 09:48:06,938] INFO:  >> [SAFE_HANDOVER] Syncing JP225 SL to 60855.34086
[2026-05-06 09:48:06,938] INFO:  >> [SAFE_HANDOVER] Syncing JP225 SL to 60858.24086
[2026-05-06 09:48:06,939] INFO:  >> [SAFE_HANDOVER] Syncing JP225 SL to 60855.64086
[2026-05-06 09:48:06,939] INFO:  >> [SAFE_HANDOVER] Syncing JP225 SL to 60860.34086
[2026-05-06 09:48:06,940] INFO:  >> [SAFE_HANDOVER] Syncing JP225 SL to 60861.14086
[2026-05-06 09:48:06,940] INFO:  >> [SAFE_HANDOVER] Syncing JP225 SL to 60868.84086
[2026-05-06 09:48:06,941] INFO:  >> [SAFE_HANDOVER] Syncing JP225 SL to 60875.54086
[2026-05-06 09:48:06,941] INFO:  >> [SAFE_HANDOVER] Syncing JP225 SL to 60875.44086
[2026-05-06 09:48:06,941] INFO:  >> [SAFE_HANDOVER] Syncing JP225 SL to 60869.14086
[2026-05-06 09:48:06,942] INFO:  >> [SAFE_HANDOVER] Syncing JP225 SL to 60866.74086
[2026-05-06 09:48:06,942] INFO:  >> [SAFE_HANDOVER] Syncing JP225 SL to 60883.24086
[2026-05-06 09:48:06,942] INFO:  >> [SAFE_HANDOVER] Syncing JP225 SL to 60888.74086
[2026-05-06 09:48:06,943] INFO:  >> [SAFE_HANDOVER] Syncing JP225 SL to 60888.24086
[2026-05-06 09:48:06,943] INFO:  >> [SAFE_HANDOVER] Syncing JP225 SL to 60891.34086
[2026-05-06 09:48:06,943] INFO:  >> [SAFE_HANDOVER] Syncing JP225 SL to 60893.64086
[2026-05-06 09:48:06,943] INFO:  >> [SAFE_HANDOVER] Syncing JP225 SL to 60883.24086
[2026-05-06 09:48:06,944] INFO:  >> [SAFE_HANDOVER] Syncing JP225 SL to 60879.14086
[2026-05-06 09:48:06,944] INFO:  >> [SAFE_HANDOVER] Syncing JP225 SL to 60880.64086
[2026-05-06 09:48:06,944] INFO:  >> [SAFE_HANDOVER] Syncing JP225 SL to 60880.64086
[2026-05-06 09:48:06,945] INFO:  >> [SAFE_HANDOVER] Syncing JP225 SL to 60871.24086
[2026-05-06 09:48:06,945] INFO:  >> [SAFE_HANDOVER] Syncing JP225 SL to 60878.64086
[2026-05-06 09:48:06,945] INFO:  >> [SAFE_HANDOVER] Syncing JP225 SL to 60881.54086
[2026-05-06 09:48:07,045] INFO: SCANNING: JP225 | PRICE: 61049.50 | BIAS: BULLISH | ER: 0.39 | VEL: 2.55
[2026-05-06 09:48:07,045] INFO:  >> [GUARD] JP225 position already active. Skipping.
[2026-05-06 09:48:07,078] INFO:  >> [HARVESTER] OMEGA is dominating. Scaling in reinforcements...
[2026-05-06 09:48:17,320] INFO:  >> [SAFE_HANDOVER] Syncing JP225 SL to 60829.54086
[2026-05-06 09:48:17,320] INFO:  >> [SAFE_HANDOVER] Syncing JP225 SL to 60825.64086
[2026-05-06 09:48:17,321] INFO:  >> [SAFE_HANDOVER] Syncing JP225 SL to 60831.14086
[2026-05-06 09:48:17,322] INFO:  >> [SAFE_HANDOVER] Syncing JP225 SL to 60833.64086
[2026-05-06 09:48:17,322] INFO:  >> [SAFE_HANDOVER] Syncing JP225 SL to 60828.64086
[2026-05-06 09:48:17,322] INFO:  >> [SAFE_HANDOVER] Syncing JP225 SL to 60828.74086
[2026-05-06 09:48:17,322] INFO:  >> [SAFE_HANDOVER] Syncing JP225 SL to 60831.84086
[2026-05-06 09:48:17,323] INFO:  >> [SAFE_HANDOVER] Syncing JP225 SL to 60846.04086
[2026-05-06 09:48:17,323] INFO:  >> [SAFE_HANDOVER] Syncing JP225 SL to 60848.64086
[2026-05-06 09:48:17,323] INFO:  >> [SAFE_HANDOVER] Syncing JP225 SL to 60855.34086
[2026-05-06 09:48:17,324] INFO:  >> [SAFE_HANDOVER] Syncing JP225 SL to 60858.24086
[2026-05-06 09:48:17,324] INFO:  >> [SAFE_HANDOVER] Syncing JP225 SL to 60855.64086
[2026-05-06 09:48:17,324] INFO:  >> [SAFE_HANDOVER] Syncing JP225 SL to 60860.34086
[2026-05-06 09:48:17,324] INFO:  >> [SAFE_HANDOVER] Syncing JP225 SL to 60861.14086
[2026-05-06 09:48:17,324] INFO:  >> [SAFE_HANDOVER] Syncing JP225 SL to 60868.84086
[2026-05-06 09:48:17,325] INFO:  >> [SAFE_HANDOVER] Syncing JP225 SL to 60875.54086
[2026-05-06 09:48:17,325] INFO:  >> [SAFE_HANDOVER] Syncing JP225 SL to 60875.44086
[2026-05-06 09:48:17,325] INFO:  >> [SAFE_HANDOVER] Syncing JP225 SL to 60869.14086
[2026-05-06 09:48:17,325] INFO:  >> [SAFE_HANDOVER] Syncing JP225 SL to 60866.74086
[2026-05-06 09:48:17,326] INFO:  >> [SAFE_HANDOVER] Syncing JP225 SL to 60883.24086
[2026-05-06 09:48:17,326] INFO:  >> [SAFE_HANDOVER] Syncing JP225 SL to 60888.74086
[2026-05-06 09:48:17,326] INFO:  >> [SAFE_HANDOVER] Syncing JP225 SL to 60888.24086
[2026-05-06 09:48:17,326] INFO:  >> [SAFE_HANDOVER] Syncing JP225 SL to 60891.34086
[2026-05-06 09:48:17,327] INFO:  >> [SAFE_HANDOVER] Syncing JP225 SL to 60893.64086
[2026-05-06 09:48:17,327] INFO:  >> [SAFE_HANDOVER] Syncing JP225 SL to 60883.24086
[2026-05-06 09:48:17,327] INFO:  >> [SAFE_HANDOVER] Syncing JP225 SL to 60879.14086
[2026-05-06 09:48:17,327] INFO:  >> [SAFE_HANDOVER] Syncing JP225 SL to 60880.64086
[2026-05-06 09:48:17,327] INFO:  >> [SAFE_HANDOVER] Syncing JP225 SL to 60880.64086
[2026-05-06 09:48:17,328] INFO:  >> [SAFE_HANDOVER] Syncing JP225 SL to 60871.24086
[2026-05-06 09:48:17,328] INFO:  >> [SAFE_HANDOVER] Syncing JP225 SL to 60878.64086
[2026-05-06 09:48:17,328] INFO:  >> [SAFE_HANDOVER] Syncing JP225 SL to 60881.54086
[2026-05-06 09:48:17,328] INFO:  >> [SAFE_HANDOVER] Syncing JP225 SL to 60876.64086
[2026-05-06 09:48:17,426] INFO: SCANNING: JP225 | PRICE: 61045.90 | BIAS: BULLISH | ER: 0.39 | VEL: 2.58
[2026-05-06 09:48:17,427] INFO:  >> [GUARD] JP225 position already active. Skipping.
[2026-05-06 09:48:17,433] INFO:  >> [HARVESTER] OMEGA is dominating. Scaling in reinforcements...
[2026-05-06 09:48:27,680] INFO:  >> [SAFE_HANDOVER] Syncing JP225 SL to 60829.54086
[2026-05-06 09:48:27,680] INFO:  >> [SAFE_HANDOVER] Syncing JP225 SL to 60825.64086
[2026-05-06 09:48:27,681] INFO:  >> [SAFE_HANDOVER] Syncing JP225 SL to 60831.14086
[2026-05-06 09:48:27,681] INFO:  >> [SAFE_HANDOVER] Syncing JP225 SL to 60833.64086
[2026-05-06 09:48:27,681] INFO:  >> [SAFE_HANDOVER] Syncing JP225 SL to 60828.64086
[2026-05-06 09:48:27,682] INFO:  >> [SAFE_HANDOVER] Syncing JP225 SL to 60828.74086
[2026-05-06 09:48:27,682] INFO:  >> [SAFE_HANDOVER] Syncing JP225 SL to 60831.84086
[2026-05-06 09:48:27,683] INFO:  >> [SAFE_HANDOVER] Syncing JP225 SL to 60846.04086
[2026-05-06 09:48:27,683] INFO:  >> [SAFE_HANDOVER] Syncing JP225 SL to 60848.64086
[2026-05-06 09:48:27,683] INFO:  >> [SAFE_HANDOVER] Syncing JP225 SL to 60855.34086
[2026-05-06 09:48:27,683] INFO:  >> [SAFE_HANDOVER] Syncing JP225 SL to 60858.24086
[2026-05-06 09:48:27,683] INFO:  >> [SAFE_HANDOVER] Syncing JP225 SL to 60855.64086
[2026-05-06 09:48:27,684] INFO:  >> [SAFE_HANDOVER] Syncing JP225 SL to 60860.34086
[2026-05-06 09:48:27,685] INFO:  >> [SAFE_HANDOVER] Syncing JP225 SL to 60861.14086
[2026-05-06 09:48:27,685] INFO:  >> [SAFE_HANDOVER] Syncing JP225 SL to 60868.84086
[2026-05-06 09:48:27,685] INFO:  >> [SAFE_HANDOVER] Syncing JP225 SL to 60875.54086
[2026-05-06 09:48:27,685] INFO:  >> [SAFE_HANDOVER] Syncing JP225 SL to 60875.44086
[2026-05-06 09:48:27,686] INFO:  >> [SAFE_HANDOVER] Syncing JP225 SL to 60869.14086
[2026-05-06 09:48:27,686] INFO:  >> [SAFE_HANDOVER] Syncing JP225 SL to 60866.74086
[2026-05-06 09:48:27,686] INFO:  >> [SAFE_HANDOVER] Syncing JP225 SL to 60883.24086
[2026-05-06 09:48:27,686] INFO:  >> [SAFE_HANDOVER] Syncing JP225 SL to 60888.74086
[2026-05-06 09:48:27,687] INFO:  >> [SAFE_HANDOVER] Syncing JP225 SL to 60888.24086
[2026-05-06 09:48:27,687] INFO:  >> [SAFE_HANDOVER] Syncing JP225 SL to 60891.34086
[2026-05-06 09:48:27,688] INFO:  >> [SAFE_HANDOVER] Syncing JP225 SL to 60893.64086
[2026-05-06 09:48:27,688] INFO:  >> [SAFE_HANDOVER] Syncing JP225 SL to 60883.24086
[2026-05-06 09:48:27,688] INFO:  >> [SAFE_HANDOVER] Syncing JP225 SL to 60879.14086
[2026-05-06 09:48:27,689] INFO:  >> [SAFE_HANDOVER] Syncing JP225 SL to 60880.64086
[2026-05-06 09:48:27,689] INFO:  >> [SAFE_HANDOVER] Syncing JP225 SL to 60880.64086
[2026-05-06 09:48:27,689] INFO:  >> [SAFE_HANDOVER] Syncing JP225 SL to 60871.24086
[2026-05-06 09:48:27,690] INFO:  >> [SAFE_HANDOVER] Syncing JP225 SL to 60878.64086
[2026-05-06 09:48:27,690] INFO:  >> [SAFE_HANDOVER] Syncing JP225 SL to 60881.54086
[2026-05-06 09:48:27,690] INFO:  >> [SAFE_HANDOVER] Syncing JP225 SL to 60876.64086
[2026-05-06 09:48:27,690] INFO:  >> [SAFE_HANDOVER] Syncing JP225 SL to 60873.04086
[2026-05-06 09:48:27,788] INFO: SCANNING: JP225 | PRICE: 61048.60 | BIAS: BULLISH | ER: 0.39 | VEL: 2.56
[2026-05-06 09:48:27,788] INFO:  >> [GUARD] JP225 position already active. Skipping.
[2026-05-06 09:48:27,793] INFO:  >> [HARVESTER] OMEGA is dominating. Scaling in reinforcements...
[2026-05-06 09:48:38,042] INFO:  >> [SAFE_HANDOVER] Syncing JP225 SL to 60829.54086
[2026-05-06 09:48:38,042] INFO:  >> [SAFE_HANDOVER] Syncing JP225 SL to 60825.64086
[2026-05-06 09:48:38,042] INFO:  >> [SAFE_HANDOVER] Syncing JP225 SL to 60831.14086
[2026-05-06 09:48:38,042] INFO:  >> [SAFE_HANDOVER] Syncing JP225 SL to 60833.64086
[2026-05-06 09:48:38,044] INFO:  >> [SAFE_HANDOVER] Syncing JP225 SL to 60828.64086
[2026-05-06 09:48:38,044] INFO:  >> [SAFE_HANDOVER] Syncing JP225 SL to 60828.74086
[2026-05-06 09:48:38,044] INFO:  >> [SAFE_HANDOVER] Syncing JP225 SL to 60831.84086
[2026-05-06 09:48:38,044] INFO:  >> [SAFE_HANDOVER] Syncing JP225 SL to 60846.04086
[2026-05-06 09:48:38,044] INFO:  >> [SAFE_HANDOVER] Syncing JP225 SL to 60848.64086
[2026-05-06 09:48:38,045] INFO:  >> [SAFE_HANDOVER] Syncing JP225 SL to 60855.34086
[2026-05-06 09:48:38,045] INFO:  >> [SAFE_HANDOVER] Syncing JP225 SL to 60858.24086
[2026-05-06 09:48:38,046] INFO:  >> [SAFE_HANDOVER] Syncing JP225 SL to 60855.64086
[2026-05-06 09:48:38,046] INFO:  >> [SAFE_HANDOVER] Syncing JP225 SL to 60860.34086
[2026-05-06 09:48:38,046] INFO:  >> [SAFE_HANDOVER] Syncing JP225 SL to 60861.14086
[2026-05-06 09:48:38,046] INFO:  >> [SAFE_HANDOVER] Syncing JP225 SL to 60868.84086
[2026-05-06 09:48:38,046] INFO:  >> [SAFE_HANDOVER] Syncing JP225 SL to 60875.54086
[2026-05-06 09:48:38,047] INFO:  >> [SAFE_HANDOVER] Syncing JP225 SL to 60875.44086
[2026-05-06 09:48:38,047] INFO:  >> [SAFE_HANDOVER] Syncing JP225 SL to 60869.14086
[2026-05-06 09:48:38,047] INFO:  >> [SAFE_HANDOVER] Syncing JP225 SL to 60866.74086
[2026-05-06 09:48:38,047] INFO:  >> [SAFE_HANDOVER] Syncing JP225 SL to 60883.24086
[2026-05-06 09:48:38,048] INFO:  >> [SAFE_HANDOVER] Syncing JP225 SL to 60888.74086
[2026-05-06 09:48:38,048] INFO:  >> [SAFE_HANDOVER] Syncing JP225 SL to 60888.24086
[2026-05-06 09:48:38,048] INFO:  >> [SAFE_HANDOVER] Syncing JP225 SL to 60891.34086
[2026-05-06 09:48:38,048] INFO:  >> [SAFE_HANDOVER] Syncing JP225 SL to 60893.64086
[2026-05-06 09:48:38,048] INFO:  >> [SAFE_HANDOVER] Syncing JP225 SL to 60883.24086
[2026-05-06 09:48:38,049] INFO:  >> [SAFE_HANDOVER] Syncing JP225 SL to 60879.14086
[2026-05-06 09:48:38,049] INFO:  >> [SAFE_HANDOVER] Syncing JP225 SL to 60880.64086
[2026-05-06 09:48:38,049] INFO:  >> [SAFE_HANDOVER] Syncing JP225 SL to 60880.64086
[2026-05-06 09:48:38,049] INFO:  >> [SAFE_HANDOVER] Syncing JP225 SL to 60871.24086
[2026-05-06 09:48:38,050] INFO:  >> [SAFE_HANDOVER] Syncing JP225 SL to 60878.64086
[2026-05-06 09:48:38,050] INFO:  >> [SAFE_HANDOVER] Syncing JP225 SL to 60881.54086
[2026-05-06 09:48:38,050] INFO:  >> [SAFE_HANDOVER] Syncing JP225 SL to 60876.64086
[2026-05-06 09:48:38,050] INFO:  >> [SAFE_HANDOVER] Syncing JP225 SL to 60873.04086
[2026-05-06 09:48:38,050] INFO:  >> [SAFE_HANDOVER] Syncing JP225 SL to 60875.74086
[2026-05-06 09:48:38,148] INFO: SCANNING: JP225 | PRICE: 61042.00 | BIAS: BULLISH | ER: 0.39 | VEL: 2.62
[2026-05-06 09:48:38,148] INFO:  >> [GUARD] JP225 position already active. Skipping.
[2026-05-06 09:48:38,190] INFO:  >> [HARVESTER] OMEGA is dominating. Scaling in reinforcements...
[2026-05-06 09:48:48,461] INFO:  >> [SAFE_HANDOVER] Syncing JP225 SL to 60829.54086
[2026-05-06 09:48:48,462] INFO:  >> [SAFE_HANDOVER] Syncing JP225 SL to 60825.64086
[2026-05-06 09:48:48,463] INFO:  >> [SAFE_HANDOVER] Syncing JP225 SL to 60831.14086
[2026-05-06 09:48:48,463] INFO:  >> [SAFE_HANDOVER] Syncing JP225 SL to 60833.64086
[2026-05-06 09:48:48,463] INFO:  >> [SAFE_HANDOVER] Syncing JP225 SL to 60828.64086
[2026-05-06 09:48:48,464] INFO:  >> [SAFE_HANDOVER] Syncing JP225 SL to 60828.74086
[2026-05-06 09:48:48,464] INFO:  >> [SAFE_HANDOVER] Syncing JP225 SL to 60831.84086
[2026-05-06 09:48:48,464] INFO:  >> [SAFE_HANDOVER] Syncing JP225 SL to 60846.04086
[2026-05-06 09:48:48,465] INFO:  >> [SAFE_HANDOVER] Syncing JP225 SL to 60848.64086
[2026-05-06 09:48:48,465] INFO:  >> [SAFE_HANDOVER] Syncing JP225 SL to 60855.34086
[2026-05-06 09:48:48,465] INFO:  >> [SAFE_HANDOVER] Syncing JP225 SL to 60858.24086
[2026-05-06 09:48:48,466] INFO:  >> [SAFE_HANDOVER] Syncing JP225 SL to 60855.64086
[2026-05-06 09:48:48,466] INFO:  >> [SAFE_HANDOVER] Syncing JP225 SL to 60860.34086
[2026-05-06 09:48:48,466] INFO:  >> [SAFE_HANDOVER] Syncing JP225 SL to 60861.14086
[2026-05-06 09:48:48,467] INFO:  >> [SAFE_HANDOVER] Syncing JP225 SL to 60868.84086
[2026-05-06 09:48:48,467] INFO:  >> [SAFE_HANDOVER] Syncing JP225 SL to 60875.54086
[2026-05-06 09:48:48,467] INFO:  >> [SAFE_HANDOVER] Syncing JP225 SL to 60875.44086
[2026-05-06 09:48:48,468] INFO:  >> [SAFE_HANDOVER] Syncing JP225 SL to 60869.14086
[2026-05-06 09:48:48,468] INFO:  >> [SAFE_HANDOVER] Syncing JP225 SL to 60866.74086
[2026-05-06 09:48:48,468] INFO:  >> [SAFE_HANDOVER] Syncing JP225 SL to 60883.24086
[2026-05-06 09:48:48,468] INFO:  >> [SAFE_HANDOVER] Syncing JP225 SL to 60888.74086
[2026-05-06 09:48:48,469] INFO:  >> [SAFE_HANDOVER] Syncing JP225 SL to 60888.24086
[2026-05-06 09:48:48,469] INFO:  >> [SAFE_HANDOVER] Syncing JP225 SL to 60891.34086
[2026-05-06 09:48:48,470] INFO:  >> [SAFE_HANDOVER] Syncing JP225 SL to 60893.64086
[2026-05-06 09:48:48,470] INFO:  >> [SAFE_HANDOVER] Syncing JP225 SL to 60883.24086
[2026-05-06 09:48:48,470] INFO:  >> [SAFE_HANDOVER] Syncing JP225 SL to 60879.14086
[2026-05-06 09:48:48,470] INFO:  >> [SAFE_HANDOVER] Syncing JP225 SL to 60880.64086
[2026-05-06 09:48:48,471] INFO:  >> [SAFE_HANDOVER] Syncing JP225 SL to 60880.64086
[2026-05-06 09:48:48,471] INFO:  >> [SAFE_HANDOVER] Syncing JP225 SL to 60871.24086
[2026-05-06 09:48:48,472] INFO:  >> [SAFE_HANDOVER] Syncing JP225 SL to 60878.64086
[2026-05-06 09:48:48,472] INFO:  >> [SAFE_HANDOVER] Syncing JP225 SL to 60881.54086
[2026-05-06 09:48:48,472] INFO:  >> [SAFE_HANDOVER] Syncing JP225 SL to 60876.64086
[2026-05-06 09:48:48,473] INFO:  >> [SAFE_HANDOVER] Syncing JP225 SL to 60873.04086
[2026-05-06 09:48:48,473] INFO:  >> [SAFE_HANDOVER] Syncing JP225 SL to 60875.74086
[2026-05-06 09:48:48,473] INFO:  >> [SAFE_HANDOVER] Syncing JP225 SL to 60869.14086
[2026-05-06 09:48:48,571] INFO: SCANNING: JP225 | PRICE: 61048.40 | BIAS: BULLISH | ER: 0.39 | VEL: 2.56
[2026-05-06 09:48:48,571] INFO:  >> [GUARD] JP225 position already active. Skipping.
[2026-05-06 09:48:48,576] INFO:  >> [HARVESTER] OMEGA is dominating. Scaling in reinforcements...
[2026-05-06 09:48:58,863] INFO:  >> [SAFE_HANDOVER] Syncing JP225 SL to 60829.54086
[2026-05-06 09:48:58,863] INFO:  >> [SAFE_HANDOVER] Syncing JP225 SL to 60825.64086
[2026-05-06 09:48:58,864] INFO:  >> [SAFE_HANDOVER] Syncing JP225 SL to 60831.14086
[2026-05-06 09:48:58,864] INFO:  >> [SAFE_HANDOVER] Syncing JP225 SL to 60833.64086
[2026-05-06 09:48:58,864] INFO:  >> [SAFE_HANDOVER] Syncing JP225 SL to 60828.64086
[2026-05-06 09:48:58,864] INFO:  >> [SAFE_HANDOVER] Syncing JP225 SL to 60828.74086
[2026-05-06 09:48:58,864] INFO:  >> [SAFE_HANDOVER] Syncing JP225 SL to 60831.84086
[2026-05-06 09:48:58,864] INFO:  >> [SAFE_HANDOVER] Syncing JP225 SL to 60846.04086
[2026-05-06 09:48:58,865] INFO:  >> [SAFE_HANDOVER] Syncing JP225 SL to 60848.64086
[2026-05-06 09:48:58,866] INFO:  >> [SAFE_HANDOVER] Syncing JP225 SL to 60855.34086
[2026-05-06 09:48:58,867] INFO:  >> [SAFE_HANDOVER] Syncing JP225 SL to 60858.24086
[2026-05-06 09:48:58,867] INFO:  >> [SAFE_HANDOVER] Syncing JP225 SL to 60855.64086
[2026-05-06 09:48:58,867] INFO:  >> [SAFE_HANDOVER] Syncing JP225 SL to 60860.34086
[2026-05-06 09:48:58,867] INFO:  >> [SAFE_HANDOVER] Syncing JP225 SL to 60861.14086
[2026-05-06 09:48:58,867] INFO:  >> [SAFE_HANDOVER] Syncing JP225 SL to 60868.84086
[2026-05-06 09:48:58,868] INFO:  >> [SAFE_HANDOVER] Syncing JP225 SL to 60875.54086
[2026-05-06 09:48:58,868] INFO:  >> [SAFE_HANDOVER] Syncing JP225 SL to 60875.44086
[2026-05-06 09:48:58,869] INFO:  >> [SAFE_HANDOVER] Syncing JP225 SL to 60869.14086
[2026-05-06 09:48:58,869] INFO:  >> [SAFE_HANDOVER] Syncing JP225 SL to 60866.74086
[2026-05-06 09:48:58,869] INFO:  >> [SAFE_HANDOVER] Syncing JP225 SL to 60883.24086
[2026-05-06 09:48:58,870] INFO:  >> [SAFE_HANDOVER] Syncing JP225 SL to 60888.74086
[2026-05-06 09:48:58,870] INFO:  >> [SAFE_HANDOVER] Syncing JP225 SL to 60888.24086
[2026-05-06 09:48:58,870] INFO:  >> [SAFE_HANDOVER] Syncing JP225 SL to 60891.34086
[2026-05-06 09:48:58,870] INFO:  >> [SAFE_HANDOVER] Syncing JP225 SL to 60893.64086
[2026-05-06 09:48:58,871] INFO:  >> [SAFE_HANDOVER] Syncing JP225 SL to 60883.24086
[2026-05-06 09:48:58,871] INFO:  >> [SAFE_HANDOVER] Syncing JP225 SL to 60879.14086
[2026-05-06 09:48:58,871] INFO:  >> [SAFE_HANDOVER] Syncing JP225 SL to 60880.64086
[2026-05-06 09:48:58,871] INFO:  >> [SAFE_HANDOVER] Syncing JP225 SL to 60880.64086
[2026-05-06 09:48:58,872] INFO:  >> [SAFE_HANDOVER] Syncing JP225 SL to 60871.24086
[2026-05-06 09:48:58,872] INFO:  >> [SAFE_HANDOVER] Syncing JP225 SL to 60878.64086
[2026-05-06 09:48:58,873] INFO:  >> [SAFE_HANDOVER] Syncing JP225 SL to 60881.54086
[2026-05-06 09:48:58,873] INFO:  >> [SAFE_HANDOVER] Syncing JP225 SL to 60876.64086
[2026-05-06 09:48:58,873] INFO:  >> [SAFE_HANDOVER] Syncing JP225 SL to 60873.04086
[2026-05-06 09:48:58,874] INFO:  >> [SAFE_HANDOVER] Syncing JP225 SL to 60875.74086
[2026-05-06 09:48:58,874] INFO:  >> [SAFE_HANDOVER] Syncing JP225 SL to 60869.14086
[2026-05-06 09:48:58,874] INFO:  >> [SAFE_HANDOVER] Syncing JP225 SL to 60875.54086
[2026-05-06 09:48:58,979] INFO: SCANNING: JP225 | PRICE: 61051.40 | BIAS: BULLISH | ER: 0.39 | VEL: 2.53
[2026-05-06 09:48:58,979] INFO:  >> [GUARD] JP225 position already active. Skipping.
[2026-05-06 09:48:59,019] INFO:  >> [HARVESTER] OMEGA is dominating. Scaling in reinforcements...
[2026-05-06 09:49:09,273] INFO:  >> [SAFE_HANDOVER] Syncing JP225 SL to 60829.54086
[2026-05-06 09:49:09,273] INFO:  >> [SAFE_HANDOVER] Syncing JP225 SL to 60825.64086
[2026-05-06 09:49:09,273] INFO:  >> [SAFE_HANDOVER] Syncing JP225 SL to 60831.14086
[2026-05-06 09:49:09,275] INFO:  >> [SAFE_HANDOVER] Syncing JP225 SL to 60833.64086
[2026-05-06 09:49:09,275] INFO:  >> [SAFE_HANDOVER] Syncing JP225 SL to 60828.64086
[2026-05-06 09:49:09,275] INFO:  >> [SAFE_HANDOVER] Syncing JP225 SL to 60828.74086
[2026-05-06 09:49:09,275] INFO:  >> [SAFE_HANDOVER] Syncing JP225 SL to 60831.84086
[2026-05-06 09:49:09,276] INFO:  >> [SAFE_HANDOVER] Syncing JP225 SL to 60846.04086
[2026-05-06 09:49:09,276] INFO:  >> [SAFE_HANDOVER] Syncing JP225 SL to 60848.64086
[2026-05-06 09:49:09,276] INFO:  >> [SAFE_HANDOVER] Syncing JP225 SL to 60855.34086
[2026-05-06 09:49:09,276] INFO:  >> [SAFE_HANDOVER] Syncing JP225 SL to 60858.24086
[2026-05-06 09:49:09,277] INFO:  >> [SAFE_HANDOVER] Syncing JP225 SL to 60855.64086
[2026-05-06 09:49:09,277] INFO:  >> [SAFE_HANDOVER] Syncing JP225 SL to 60860.34086
[2026-05-06 09:49:09,277] INFO:  >> [SAFE_HANDOVER] Syncing JP225 SL to 60861.14086
[2026-05-06 09:49:09,277] INFO:  >> [SAFE_HANDOVER] Syncing JP225 SL to 60868.84086
[2026-05-06 09:49:09,277] INFO:  >> [SAFE_HANDOVER] Syncing JP225 SL to 60875.54086
[2026-05-06 09:49:09,278] INFO:  >> [SAFE_HANDOVER] Syncing JP225 SL to 60875.44086
[2026-05-06 09:49:09,278] INFO:  >> [SAFE_HANDOVER] Syncing JP225 SL to 60869.14086
[2026-05-06 09:49:09,279] INFO:  >> [SAFE_HANDOVER] Syncing JP225 SL to 60866.74086
[2026-05-06 09:49:09,279] INFO:  >> [SAFE_HANDOVER] Syncing JP225 SL to 60883.24086
[2026-05-06 09:49:09,279] INFO:  >> [SAFE_HANDOVER] Syncing JP225 SL to 60888.74086
[2026-05-06 09:49:09,279] INFO:  >> [SAFE_HANDOVER] Syncing JP225 SL to 60888.24086
[2026-05-06 09:49:09,279] INFO:  >> [SAFE_HANDOVER] Syncing JP225 SL to 60891.34086
[2026-05-06 09:49:09,280] INFO:  >> [SAFE_HANDOVER] Syncing JP225 SL to 60893.64086
[2026-05-06 09:49:09,280] INFO:  >> [SAFE_HANDOVER] Syncing JP225 SL to 60883.24086
[2026-05-06 09:49:09,280] INFO:  >> [SAFE_HANDOVER] Syncing JP225 SL to 60879.14086
[2026-05-06 09:49:09,280] INFO:  >> [SAFE_HANDOVER] Syncing JP225 SL to 60880.64086
[2026-05-06 09:49:09,280] INFO:  >> [SAFE_HANDOVER] Syncing JP225 SL to 60880.64086
[2026-05-06 09:49:09,281] INFO:  >> [SAFE_HANDOVER] Syncing JP225 SL to 60871.24086
[2026-05-06 09:49:09,281] INFO:  >> [SAFE_HANDOVER] Syncing JP225 SL to 60878.64086
[2026-05-06 09:49:09,281] INFO:  >> [SAFE_HANDOVER] Syncing JP225 SL to 60881.54086
[2026-05-06 09:49:09,281] INFO:  >> [SAFE_HANDOVER] Syncing JP225 SL to 60876.64086
[2026-05-06 09:49:09,282] INFO:  >> [SAFE_HANDOVER] Syncing JP225 SL to 60873.04086
[2026-05-06 09:49:09,282] INFO:  >> [SAFE_HANDOVER] Syncing JP225 SL to 60875.74086
[2026-05-06 09:49:09,282] INFO:  >> [SAFE_HANDOVER] Syncing JP225 SL to 60869.14086
[2026-05-06 09:49:09,282] INFO:  >> [SAFE_HANDOVER] Syncing JP225 SL to 60875.54086
[2026-05-06 09:49:09,282] INFO:  >> [SAFE_HANDOVER] Syncing JP225 SL to 60878.54086
[2026-05-06 09:49:09,379] INFO: SCANNING: JP225 | PRICE: 61048.40 | BIAS: BULLISH | ER: 0.39 | VEL: 2.56
[2026-05-06 09:49:09,379] INFO:  >> [GUARD] JP225 position already active. Skipping.
[2026-05-06 09:49:09,383] INFO:  >> [HARVESTER] OMEGA is dominating. Scaling in reinforcements...
[2026-05-06 09:49:19,626] INFO:  >> [SAFE_HANDOVER] Syncing JP225 SL to 60829.54086
[2026-05-06 09:49:19,626] INFO:  >> [SAFE_HANDOVER] Syncing JP225 SL to 60825.64086
[2026-05-06 09:49:19,626] INFO:  >> [SAFE_HANDOVER] Syncing JP225 SL to 60831.14086
[2026-05-06 09:49:19,627] INFO:  >> [SAFE_HANDOVER] Syncing JP225 SL to 60833.64086
[2026-05-06 09:49:19,627] INFO:  >> [SAFE_HANDOVER] Syncing JP225 SL to 60828.64086
[2026-05-06 09:49:19,627] INFO:  >> [SAFE_HANDOVER] Syncing JP225 SL to 60828.74086
[2026-05-06 09:49:19,627] INFO:  >> [SAFE_HANDOVER] Syncing JP225 SL to 60831.84086
[2026-05-06 09:49:19,628] INFO:  >> [SAFE_HANDOVER] Syncing JP225 SL to 60846.04086
[2026-05-06 09:49:19,628] INFO:  >> [SAFE_HANDOVER] Syncing JP225 SL to 60848.64086
[2026-05-06 09:49:19,629] INFO:  >> [SAFE_HANDOVER] Syncing JP225 SL to 60855.34086
[2026-05-06 09:49:19,629] INFO:  >> [SAFE_HANDOVER] Syncing JP225 SL to 60858.24086
[2026-05-06 09:49:19,629] INFO:  >> [SAFE_HANDOVER] Syncing JP225 SL to 60855.64086
[2026-05-06 09:49:19,629] INFO:  >> [SAFE_HANDOVER] Syncing JP225 SL to 60860.34086
[2026-05-06 09:49:19,630] INFO:  >> [SAFE_HANDOVER] Syncing JP225 SL to 60861.14086
[2026-05-06 09:49:19,630] INFO:  >> [SAFE_HANDOVER] Syncing JP225 SL to 60868.84086
[2026-05-06 09:49:19,630] INFO:  >> [SAFE_HANDOVER] Syncing JP225 SL to 60875.54086
[2026-05-06 09:49:19,630] INFO:  >> [SAFE_HANDOVER] Syncing JP225 SL to 60875.44086
[2026-05-06 09:49:19,630] INFO:  >> [SAFE_HANDOVER] Syncing JP225 SL to 60869.14086
[2026-05-06 09:49:19,631] INFO:  >> [SAFE_HANDOVER] Syncing JP225 SL to 60866.74086
[2026-05-06 09:49:19,631] INFO:  >> [SAFE_HANDOVER] Syncing JP225 SL to 60883.24086
[2026-05-06 09:49:19,631] INFO:  >> [SAFE_HANDOVER] Syncing JP225 SL to 60888.74086
[2026-05-06 09:49:19,631] INFO:  >> [SAFE_HANDOVER] Syncing JP225 SL to 60888.24086
[2026-05-06 09:49:19,631] INFO:  >> [SAFE_HANDOVER] Syncing JP225 SL to 60891.34086
[2026-05-06 09:49:19,632] INFO:  >> [SAFE_HANDOVER] Syncing JP225 SL to 60893.64086
[2026-05-06 09:49:19,632] INFO:  >> [SAFE_HANDOVER] Syncing JP225 SL to 60883.24086
[2026-05-06 09:49:19,633] INFO:  >> [SAFE_HANDOVER] Syncing JP225 SL to 60879.14086
[2026-05-06 09:49:19,633] INFO:  >> [SAFE_HANDOVER] Syncing JP225 SL to 60880.64086
[2026-05-06 09:49:19,633] INFO:  >> [SAFE_HANDOVER] Syncing JP225 SL to 60880.64086
[2026-05-06 09:49:19,633] INFO:  >> [SAFE_HANDOVER] Syncing JP225 SL to 60871.24086
[2026-05-06 09:49:19,634] INFO:  >> [SAFE_HANDOVER] Syncing JP225 SL to 60878.64086
[2026-05-06 09:49:19,634] INFO:  >> [SAFE_HANDOVER] Syncing JP225 SL to 60881.54086
[2026-05-06 09:49:19,634] INFO:  >> [SAFE_HANDOVER] Syncing JP225 SL to 60876.64086
[2026-05-06 09:49:19,634] INFO:  >> [SAFE_HANDOVER] Syncing JP225 SL to 60873.04086
[2026-05-06 09:49:19,635] INFO:  >> [SAFE_HANDOVER] Syncing JP225 SL to 60875.74086
[2026-05-06 09:49:19,635] INFO:  >> [SAFE_HANDOVER] Syncing JP225 SL to 60869.14086
[2026-05-06 09:49:19,635] INFO:  >> [SAFE_HANDOVER] Syncing JP225 SL to 60875.54086
[2026-05-06 09:49:19,635] INFO:  >> [SAFE_HANDOVER] Syncing JP225 SL to 60878.54086
[2026-05-06 09:49:19,635] INFO:  >> [SAFE_HANDOVER] Syncing JP225 SL to 60875.54086
[2026-05-06 09:49:19,734] INFO: SCANNING: JP225 | PRICE: 61057.20 | BIAS: BULLISH | ER: 0.39 | VEL: 2.47
[2026-05-06 09:49:19,734] INFO:  >> [GUARD] JP225 position already active. Skipping.
[2026-05-06 09:49:19,739] INFO:  >> [HARVESTER] OMEGA is dominating. Scaling in reinforcements...
[2026-05-06 09:49:30,002] INFO:  >> [SAFE_HANDOVER] Syncing JP225 SL to 60829.54086
[2026-05-06 09:49:30,002] INFO:  >> [SAFE_HANDOVER] Syncing JP225 SL to 60825.64086
[2026-05-06 09:49:30,002] INFO:  >> [SAFE_HANDOVER] Syncing JP225 SL to 60831.14086
[2026-05-06 09:49:30,002] INFO:  >> [SAFE_HANDOVER] Syncing JP225 SL to 60833.64086
[2026-05-06 09:49:30,002] INFO:  >> [SAFE_HANDOVER] Syncing JP225 SL to 60828.64086
[2026-05-06 09:49:30,004] INFO:  >> [SAFE_HANDOVER] Syncing JP225 SL to 60828.74086
[2026-05-06 09:49:30,004] INFO:  >> [SAFE_HANDOVER] Syncing JP225 SL to 60831.84086
[2026-05-06 09:49:30,005] INFO:  >> [SAFE_HANDOVER] Syncing JP225 SL to 60846.04086
[2026-05-06 09:49:30,005] INFO:  >> [SAFE_HANDOVER] Syncing JP225 SL to 60848.64086
[2026-05-06 09:49:30,005] INFO:  >> [SAFE_HANDOVER] Syncing JP225 SL to 60855.34086
[2026-05-06 09:49:30,005] INFO:  >> [SAFE_HANDOVER] Syncing JP225 SL to 60858.24086
[2026-05-06 09:49:30,005] INFO:  >> [SAFE_HANDOVER] Syncing JP225 SL to 60855.64086
[2026-05-06 09:49:30,006] INFO:  >> [SAFE_HANDOVER] Syncing JP225 SL to 60860.34086
[2026-05-06 09:49:30,006] INFO:  >> [SAFE_HANDOVER] Syncing JP225 SL to 60861.14086
[2026-05-06 09:49:30,006] INFO:  >> [SAFE_HANDOVER] Syncing JP225 SL to 60868.84086
[2026-05-06 09:49:30,006] INFO:  >> [SAFE_HANDOVER] Syncing JP225 SL to 60875.54086
[2026-05-06 09:49:30,007] INFO:  >> [SAFE_HANDOVER] Syncing JP225 SL to 60875.44086
[2026-05-06 09:49:30,007] INFO:  >> [SAFE_HANDOVER] Syncing JP225 SL to 60869.14086
[2026-05-06 09:49:30,007] INFO:  >> [SAFE_HANDOVER] Syncing JP225 SL to 60866.74086
[2026-05-06 09:49:30,008] INFO:  >> [SAFE_HANDOVER] Syncing JP225 SL to 60883.24086
[2026-05-06 09:49:30,008] INFO:  >> [SAFE_HANDOVER] Syncing JP225 SL to 60888.74086
[2026-05-06 09:49:30,008] INFO:  >> [SAFE_HANDOVER] Syncing JP225 SL to 60888.24086
[2026-05-06 09:49:30,008] INFO:  >> [SAFE_HANDOVER] Syncing JP225 SL to 60891.34086
[2026-05-06 09:49:30,009] INFO:  >> [SAFE_HANDOVER] Syncing JP225 SL to 60893.64086
[2026-05-06 09:49:30,009] INFO:  >> [SAFE_HANDOVER] Syncing JP225 SL to 60883.24086
[2026-05-06 09:49:30,009] INFO:  >> [SAFE_HANDOVER] Syncing JP225 SL to 60879.14086
[2026-05-06 09:49:30,009] INFO:  >> [SAFE_HANDOVER] Syncing JP225 SL to 60880.64086
[2026-05-06 09:49:30,009] INFO:  >> [SAFE_HANDOVER] Syncing JP225 SL to 60880.64086
[2026-05-06 09:49:30,010] INFO:  >> [SAFE_HANDOVER] Syncing JP225 SL to 60871.24086
[2026-05-06 09:49:30,010] INFO:  >> [SAFE_HANDOVER] Syncing JP225 SL to 60878.64086
[2026-05-06 09:49:30,010] INFO:  >> [SAFE_HANDOVER] Syncing JP225 SL to 60881.54086
[2026-05-06 09:49:30,010] INFO:  >> [SAFE_HANDOVER] Syncing JP225 SL to 60876.64086
[2026-05-06 09:49:30,011] INFO:  >> [SAFE_HANDOVER] Syncing JP225 SL to 60873.04086
[2026-05-06 09:49:30,011] INFO:  >> [SAFE_HANDOVER] Syncing JP225 SL to 60875.74086
[2026-05-06 09:49:30,011] INFO:  >> [SAFE_HANDOVER] Syncing JP225 SL to 60869.14086
[2026-05-06 09:49:30,011] INFO:  >> [SAFE_HANDOVER] Syncing JP225 SL to 60875.54086
[2026-05-06 09:49:30,012] INFO:  >> [SAFE_HANDOVER] Syncing JP225 SL to 60878.54086
[2026-05-06 09:49:30,012] INFO:  >> [SAFE_HANDOVER] Syncing JP225 SL to 60875.54086
[2026-05-06 09:49:30,012] INFO:  >> [SAFE_HANDOVER] Syncing JP225 SL to 60884.34086
[2026-05-06 09:49:30,117] INFO: SCANNING: JP225 | PRICE: 61059.70 | BIAS: BULLISH | ER: 0.39 | VEL: 2.45
[2026-05-06 09:49:30,117] INFO:  >> [GUARD] JP225 position already active. Skipping.
[2026-05-06 09:49:30,125] INFO:  >> [HARVESTER] OMEGA is dominating. Scaling in reinforcements...
[2026-05-06 09:49:40,417] INFO:  >> [SAFE_HANDOVER] Syncing JP225 SL to 60829.54086
[2026-05-06 09:49:40,417] INFO:  >> [SAFE_HANDOVER] Syncing JP225 SL to 60825.64086
[2026-05-06 09:49:40,417] INFO:  >> [SAFE_HANDOVER] Syncing JP225 SL to 60831.14086
[2026-05-06 09:49:40,417] INFO:  >> [SAFE_HANDOVER] Syncing JP225 SL to 60833.64086
[2026-05-06 09:49:40,417] INFO:  >> [SAFE_HANDOVER] Syncing JP225 SL to 60828.64086
[2026-05-06 09:49:40,417] INFO:  >> [SAFE_HANDOVER] Syncing JP225 SL to 60828.74086
[2026-05-06 09:49:40,417] INFO:  >> [SAFE_HANDOVER] Syncing JP225 SL to 60831.84086
[2026-05-06 09:49:40,419] INFO:  >> [SAFE_HANDOVER] Syncing JP225 SL to 60846.04086
[2026-05-06 09:49:40,419] INFO:  >> [SAFE_HANDOVER] Syncing JP225 SL to 60848.64086
[2026-05-06 09:49:40,419] INFO:  >> [SAFE_HANDOVER] Syncing JP225 SL to 60855.34086
[2026-05-06 09:49:40,419] INFO:  >> [SAFE_HANDOVER] Syncing JP225 SL to 60858.24086
[2026-05-06 09:49:40,420] INFO:  >> [SAFE_HANDOVER] Syncing JP225 SL to 60855.64086
[2026-05-06 09:49:40,420] INFO:  >> [SAFE_HANDOVER] Syncing JP225 SL to 60860.34086
[2026-05-06 09:49:40,420] INFO:  >> [SAFE_HANDOVER] Syncing JP225 SL to 60861.14086
[2026-05-06 09:49:40,420] INFO:  >> [SAFE_HANDOVER] Syncing JP225 SL to 60868.84086
[2026-05-06 09:49:40,421] INFO:  >> [SAFE_HANDOVER] Syncing JP225 SL to 60875.54086
[2026-05-06 09:49:40,421] INFO:  >> [SAFE_HANDOVER] Syncing JP225 SL to 60875.44086
[2026-05-06 09:49:40,421] INFO:  >> [SAFE_HANDOVER] Syncing JP225 SL to 60869.14086
[2026-05-06 09:49:40,422] INFO:  >> [SAFE_HANDOVER] Syncing JP225 SL to 60866.74086
[2026-05-06 09:49:40,422] INFO:  >> [SAFE_HANDOVER] Syncing JP225 SL to 60883.24086
[2026-05-06 09:49:40,422] INFO:  >> [SAFE_HANDOVER] Syncing JP225 SL to 60888.74086
[2026-05-06 09:49:40,422] INFO:  >> [SAFE_HANDOVER] Syncing JP225 SL to 60888.24086
[2026-05-06 09:49:40,423] INFO:  >> [SAFE_HANDOVER] Syncing JP225 SL to 60891.34086
[2026-05-06 09:49:40,423] INFO:  >> [SAFE_HANDOVER] Syncing JP225 SL to 60893.64086
[2026-05-06 09:49:40,423] INFO:  >> [SAFE_HANDOVER] Syncing JP225 SL to 60883.24086
[2026-05-06 09:49:40,423] INFO:  >> [SAFE_HANDOVER] Syncing JP225 SL to 60879.14086
[2026-05-06 09:49:40,424] INFO:  >> [SAFE_HANDOVER] Syncing JP225 SL to 60880.64086
[2026-05-06 09:49:40,424] INFO:  >> [SAFE_HANDOVER] Syncing JP225 SL to 60880.64086
[2026-05-06 09:49:40,424] INFO:  >> [SAFE_HANDOVER] Syncing JP225 SL to 60871.24086
[2026-05-06 09:49:40,424] INFO:  >> [SAFE_HANDOVER] Syncing JP225 SL to 60878.64086
[2026-05-06 09:49:40,424] INFO:  >> [SAFE_HANDOVER] Syncing JP225 SL to 60881.54086
[2026-05-06 09:49:40,425] INFO:  >> [SAFE_HANDOVER] Syncing JP225 SL to 60876.64086
[2026-05-06 09:49:40,425] INFO:  >> [SAFE_HANDOVER] Syncing JP225 SL to 60873.04086
[2026-05-06 09:49:40,425] INFO:  >> [SAFE_HANDOVER] Syncing JP225 SL to 60875.74086
[2026-05-06 09:49:40,425] INFO:  >> [SAFE_HANDOVER] Syncing JP225 SL to 60869.14086
[2026-05-06 09:49:40,426] INFO:  >> [SAFE_HANDOVER] Syncing JP225 SL to 60875.54086
[2026-05-06 09:49:40,426] INFO:  >> [SAFE_HANDOVER] Syncing JP225 SL to 60878.54086
[2026-05-06 09:49:40,426] INFO:  >> [SAFE_HANDOVER] Syncing JP225 SL to 60875.54086
[2026-05-06 09:49:40,426] INFO:  >> [SAFE_HANDOVER] Syncing JP225 SL to 60884.34086
[2026-05-06 09:49:40,427] INFO:  >> [SAFE_HANDOVER] Syncing JP225 SL to 60886.84086
[2026-05-06 09:49:40,523] INFO: SCANNING: JP225 | PRICE: 61064.00 | BIAS: BULLISH | ER: 0.39 | VEL: 2.41
[2026-05-06 09:49:40,524] INFO:  >> [GUARD] JP225 position already active. Skipping.
[2026-05-06 09:49:40,564] INFO:  >> [HARVESTER] OMEGA is dominating. Scaling in reinforcements...
[2026-05-06 09:49:50,811] INFO:  >> [SAFE_HANDOVER] Syncing JP225 SL to 60829.54086
[2026-05-06 09:49:50,812] INFO:  >> [SAFE_HANDOVER] Syncing JP225 SL to 60825.64086
[2026-05-06 09:49:50,813] INFO:  >> [SAFE_HANDOVER] Syncing JP225 SL to 60831.14086
[2026-05-06 09:49:50,813] INFO:  >> [SAFE_HANDOVER] Syncing JP225 SL to 60833.64086
[2026-05-06 09:49:50,813] INFO:  >> [SAFE_HANDOVER] Syncing JP225 SL to 60828.64086
[2026-05-06 09:49:50,813] INFO:  >> [SAFE_HANDOVER] Syncing JP225 SL to 60828.74086
[2026-05-06 09:49:50,814] INFO:  >> [SAFE_HANDOVER] Syncing JP225 SL to 60831.84086
[2026-05-06 09:49:50,814] INFO:  >> [SAFE_HANDOVER] Syncing JP225 SL to 60846.04086
[2026-05-06 09:49:50,814] INFO:  >> [SAFE_HANDOVER] Syncing JP225 SL to 60848.64086
[2026-05-06 09:49:50,815] INFO:  >> [SAFE_HANDOVER] Syncing JP225 SL to 60855.34086
[2026-05-06 09:49:50,815] INFO:  >> [SAFE_HANDOVER] Syncing JP225 SL to 60858.24086
[2026-05-06 09:49:50,816] INFO:  >> [SAFE_HANDOVER] Syncing JP225 SL to 60855.64086
[2026-05-06 09:49:50,816] INFO:  >> [SAFE_HANDOVER] Syncing JP225 SL to 60860.34086
[2026-05-06 09:49:50,816] INFO:  >> [SAFE_HANDOVER] Syncing JP225 SL to 60861.14086
[2026-05-06 09:49:50,816] INFO:  >> [SAFE_HANDOVER] Syncing JP225 SL to 60868.84086
[2026-05-06 09:49:50,816] INFO:  >> [SAFE_HANDOVER] Syncing JP225 SL to 60875.54086
[2026-05-06 09:49:50,817] INFO:  >> [SAFE_HANDOVER] Syncing JP225 SL to 60875.44086
[2026-05-06 09:49:50,817] INFO:  >> [SAFE_HANDOVER] Syncing JP225 SL to 60869.14086
[2026-05-06 09:49:50,817] INFO:  >> [SAFE_HANDOVER] Syncing JP225 SL to 60866.74086
[2026-05-06 09:49:50,817] INFO:  >> [SAFE_HANDOVER] Syncing JP225 SL to 60883.24086
[2026-05-06 09:49:50,817] INFO:  >> [SAFE_HANDOVER] Syncing JP225 SL to 60888.74086
[2026-05-06 09:49:50,817] INFO:  >> [SAFE_HANDOVER] Syncing JP225 SL to 60888.24086
[2026-05-06 09:49:50,819] INFO:  >> [SAFE_HANDOVER] Syncing JP225 SL to 60891.34086
[2026-05-06 09:49:50,819] INFO:  >> [SAFE_HANDOVER] Syncing JP225 SL to 60893.64086
[2026-05-06 09:49:50,819] INFO:  >> [SAFE_HANDOVER] Syncing JP225 SL to 60883.24086
[2026-05-06 09:49:50,819] INFO:  >> [SAFE_HANDOVER] Syncing JP225 SL to 60879.14086
[2026-05-06 09:49:50,819] INFO:  >> [SAFE_HANDOVER] Syncing JP225 SL to 60880.64086
[2026-05-06 09:49:50,820] INFO:  >> [SAFE_HANDOVER] Syncing JP225 SL to 60880.64086
[2026-05-06 09:49:50,821] INFO:  >> [SAFE_HANDOVER] Syncing JP225 SL to 60871.24086
[2026-05-06 09:49:50,821] INFO:  >> [SAFE_HANDOVER] Syncing JP225 SL to 60878.64086
[2026-05-06 09:49:50,821] INFO:  >> [SAFE_HANDOVER] Syncing JP225 SL to 60881.54086
[2026-05-06 09:49:50,822] INFO:  >> [SAFE_HANDOVER] Syncing JP225 SL to 60876.64086
[2026-05-06 09:49:50,822] INFO:  >> [SAFE_HANDOVER] Syncing JP225 SL to 60873.04086
[2026-05-06 09:49:50,822] INFO:  >> [SAFE_HANDOVER] Syncing JP225 SL to 60875.74086
[2026-05-06 09:49:50,822] INFO:  >> [SAFE_HANDOVER] Syncing JP225 SL to 60869.14086
[2026-05-06 09:49:50,823] INFO:  >> [SAFE_HANDOVER] Syncing JP225 SL to 60875.54086
[2026-05-06 09:49:50,823] INFO:  >> [SAFE_HANDOVER] Syncing JP225 SL to 60878.54086
[2026-05-06 09:49:50,823] INFO:  >> [SAFE_HANDOVER] Syncing JP225 SL to 60875.54086
[2026-05-06 09:49:50,823] INFO:  >> [SAFE_HANDOVER] Syncing JP225 SL to 60884.34086
[2026-05-06 09:49:50,824] INFO:  >> [SAFE_HANDOVER] Syncing JP225 SL to 60886.84086
[2026-05-06 09:49:50,824] INFO:  >> [SAFE_HANDOVER] Syncing JP225 SL to 60891.14086
[2026-05-06 09:49:50,920] INFO: SCANNING: JP225 | PRICE: 61064.00 | BIAS: BULLISH | ER: 0.39 | VEL: 2.41
[2026-05-06 09:49:50,920] INFO:  >> [GUARD] JP225 position already active. Skipping.
[2026-05-06 09:49:50,926] INFO:  >> [HARVESTER] OMEGA is dominating. Scaling in reinforcements...
[2026-05-06 09:50:01,181] INFO:  >> [SAFE_HANDOVER] Syncing JP225 SL to 60829.54086
[2026-05-06 09:50:01,181] INFO:  >> [SAFE_HANDOVER] Syncing JP225 SL to 60825.64086
[2026-05-06 09:50:01,181] INFO:  >> [SAFE_HANDOVER] Syncing JP225 SL to 60831.14086
[2026-05-06 09:50:01,182] INFO:  >> [SAFE_HANDOVER] Syncing JP225 SL to 60833.64086
[2026-05-06 09:50:01,182] INFO:  >> [SAFE_HANDOVER] Syncing JP225 SL to 60828.64086
[2026-05-06 09:50:01,183] INFO:  >> [SAFE_HANDOVER] Syncing JP225 SL to 60828.74086
[2026-05-06 09:50:01,183] INFO:  >> [SAFE_HANDOVER] Syncing JP225 SL to 60831.84086
[2026-05-06 09:50:01,183] INFO:  >> [SAFE_HANDOVER] Syncing JP225 SL to 60846.04086
[2026-05-06 09:50:01,183] INFO:  >> [SAFE_HANDOVER] Syncing JP225 SL to 60848.64086
[2026-05-06 09:50:01,183] INFO:  >> [SAFE_HANDOVER] Syncing JP225 SL to 60855.34086
[2026-05-06 09:50:01,184] INFO:  >> [SAFE_HANDOVER] Syncing JP225 SL to 60858.24086
[2026-05-06 09:50:01,185] INFO:  >> [SAFE_HANDOVER] Syncing JP225 SL to 60855.64086
[2026-05-06 09:50:01,185] INFO:  >> [SAFE_HANDOVER] Syncing JP225 SL to 60860.34086
[2026-05-06 09:50:01,185] INFO:  >> [SAFE_HANDOVER] Syncing JP225 SL to 60861.14086
[2026-05-06 09:50:01,185] INFO:  >> [SAFE_HANDOVER] Syncing JP225 SL to 60868.84086
[2026-05-06 09:50:01,186] INFO:  >> [SAFE_HANDOVER] Syncing JP225 SL to 60875.54086
[2026-05-06 09:50:01,186] INFO:  >> [SAFE_HANDOVER] Syncing JP225 SL to 60875.44086
[2026-05-06 09:50:01,187] INFO:  >> [SAFE_HANDOVER] Syncing JP225 SL to 60869.14086
[2026-05-06 09:50:01,187] INFO:  >> [SAFE_HANDOVER] Syncing JP225 SL to 60866.74086
[2026-05-06 09:50:01,187] INFO:  >> [SAFE_HANDOVER] Syncing JP225 SL to 60883.24086
[2026-05-06 09:50:01,187] INFO:  >> [SAFE_HANDOVER] Syncing JP225 SL to 60888.74086
[2026-05-06 09:50:01,188] INFO:  >> [SAFE_HANDOVER] Syncing JP225 SL to 60888.24086
[2026-05-06 09:50:01,188] INFO:  >> [SAFE_HANDOVER] Syncing JP225 SL to 60891.34086
[2026-05-06 09:50:01,188] INFO:  >> [SAFE_HANDOVER] Syncing JP225 SL to 60893.64086
[2026-05-06 09:50:01,188] INFO:  >> [SAFE_HANDOVER] Syncing JP225 SL to 60883.24086
[2026-05-06 09:50:01,189] INFO:  >> [SAFE_HANDOVER] Syncing JP225 SL to 60879.14086
[2026-05-06 09:50:01,189] INFO:  >> [SAFE_HANDOVER] Syncing JP225 SL to 60880.64086
[2026-05-06 09:50:01,189] INFO:  >> [SAFE_HANDOVER] Syncing JP225 SL to 60880.64086
[2026-05-06 09:50:01,189] INFO:  >> [SAFE_HANDOVER] Syncing JP225 SL to 60871.24086
[2026-05-06 09:50:01,190] INFO:  >> [SAFE_HANDOVER] Syncing JP225 SL to 60878.64086
[2026-05-06 09:50:01,190] INFO:  >> [SAFE_HANDOVER] Syncing JP225 SL to 60881.54086
[2026-05-06 09:50:01,190] INFO:  >> [SAFE_HANDOVER] Syncing JP225 SL to 60876.64086
[2026-05-06 09:50:01,190] INFO:  >> [SAFE_HANDOVER] Syncing JP225 SL to 60873.04086
[2026-05-06 09:50:01,190] INFO:  >> [SAFE_HANDOVER] Syncing JP225 SL to 60875.74086
[2026-05-06 09:50:01,191] INFO:  >> [SAFE_HANDOVER] Syncing JP225 SL to 60869.14086
[2026-05-06 09:50:01,191] INFO:  >> [SAFE_HANDOVER] Syncing JP225 SL to 60875.54086
[2026-05-06 09:50:01,191] INFO:  >> [SAFE_HANDOVER] Syncing JP225 SL to 60878.54086
[2026-05-06 09:50:01,192] INFO:  >> [SAFE_HANDOVER] Syncing JP225 SL to 60875.54086
[2026-05-06 09:50:01,192] INFO:  >> [SAFE_HANDOVER] Syncing JP225 SL to 60884.34086
[2026-05-06 09:50:01,192] INFO:  >> [SAFE_HANDOVER] Syncing JP225 SL to 60886.84086
[2026-05-06 09:50:01,192] INFO:  >> [SAFE_HANDOVER] Syncing JP225 SL to 60891.14086
[2026-05-06 09:50:01,193] INFO:  >> [SAFE_HANDOVER] Syncing JP225 SL to 60891.14086
[2026-05-06 09:50:01,291] INFO: SCANNING: JP225 | PRICE: 61064.00 | BIAS: BULLISH | ER: 0.39 | VEL: 2.41
[2026-05-06 09:50:01,291] INFO:  >> [GUARD] JP225 position already active. Skipping.
[2026-05-06 09:50:01,298] INFO:  >> [HARVESTER] OMEGA is dominating. Scaling in reinforcements...
[2026-05-06 09:50:11,588] INFO:  >> [SAFE_HANDOVER] Syncing JP225 SL to 60829.54086
[2026-05-06 09:50:11,589] INFO:  >> [SAFE_HANDOVER] Syncing JP225 SL to 60825.64086
[2026-05-06 09:50:11,590] INFO:  >> [SAFE_HANDOVER] Syncing JP225 SL to 60831.14086
[2026-05-06 09:50:11,590] INFO:  >> [SAFE_HANDOVER] Syncing JP225 SL to 60833.64086
[2026-05-06 09:50:11,591] INFO:  >> [SAFE_HANDOVER] Syncing JP225 SL to 60828.64086
[2026-05-06 09:50:11,591] INFO:  >> [SAFE_HANDOVER] Syncing JP225 SL to 60828.74086
[2026-05-06 09:50:11,591] INFO:  >> [SAFE_HANDOVER] Syncing JP225 SL to 60831.84086
[2026-05-06 09:50:11,592] INFO:  >> [SAFE_HANDOVER] Syncing JP225 SL to 60846.04086
[2026-05-06 09:50:11,592] INFO:  >> [SAFE_HANDOVER] Syncing JP225 SL to 60848.64086
[2026-05-06 09:50:11,592] INFO:  >> [SAFE_HANDOVER] Syncing JP225 SL to 60855.34086
[2026-05-06 09:50:11,593] INFO:  >> [SAFE_HANDOVER] Syncing JP225 SL to 60858.24086
[2026-05-06 09:50:11,593] INFO:  >> [SAFE_HANDOVER] Syncing JP225 SL to 60855.64086
[2026-05-06 09:50:11,594] INFO:  >> [SAFE_HANDOVER] Syncing JP225 SL to 60860.34086
[2026-05-06 09:50:11,594] INFO:  >> [SAFE_HANDOVER] Syncing JP225 SL to 60861.14086
[2026-05-06 09:50:11,595] INFO:  >> [SAFE_HANDOVER] Syncing JP225 SL to 60868.84086
[2026-05-06 09:50:11,595] INFO:  >> [SAFE_HANDOVER] Syncing JP225 SL to 60875.54086
[2026-05-06 09:50:11,596] INFO:  >> [SAFE_HANDOVER] Syncing JP225 SL to 60875.44086
[2026-05-06 09:50:11,596] INFO:  >> [SAFE_HANDOVER] Syncing JP225 SL to 60869.14086
[2026-05-06 09:50:11,596] INFO:  >> [SAFE_HANDOVER] Syncing JP225 SL to 60866.74086
[2026-05-06 09:50:11,597] INFO:  >> [SAFE_HANDOVER] Syncing JP225 SL to 60883.24086
[2026-05-06 09:50:11,597] INFO:  >> [SAFE_HANDOVER] Syncing JP225 SL to 60888.74086
[2026-05-06 09:50:11,598] INFO:  >> [SAFE_HANDOVER] Syncing JP225 SL to 60888.24086
[2026-05-06 09:50:11,598] INFO:  >> [SAFE_HANDOVER] Syncing JP225 SL to 60891.34086
[2026-05-06 09:50:11,598] INFO:  >> [SAFE_HANDOVER] Syncing JP225 SL to 60893.64086
[2026-05-06 09:50:11,598] INFO:  >> [SAFE_HANDOVER] Syncing JP225 SL to 60883.24086
[2026-05-06 09:50:11,598] INFO:  >> [SAFE_HANDOVER] Syncing JP225 SL to 60879.14086
[2026-05-06 09:50:11,600] INFO:  >> [SAFE_HANDOVER] Syncing JP225 SL to 60880.64086
[2026-05-06 09:50:11,600] INFO:  >> [SAFE_HANDOVER] Syncing JP225 SL to 60880.64086
[2026-05-06 09:50:11,601] INFO:  >> [SAFE_HANDOVER] Syncing JP225 SL to 60871.24086
[2026-05-06 09:50:11,601] INFO:  >> [SAFE_HANDOVER] Syncing JP225 SL to 60878.64086
[2026-05-06 09:50:11,601] INFO:  >> [SAFE_HANDOVER] Syncing JP225 SL to 60881.54086
[2026-05-06 09:50:11,601] INFO:  >> [SAFE_HANDOVER] Syncing JP225 SL to 60876.64086
[2026-05-06 09:50:11,602] INFO:  >> [SAFE_HANDOVER] Syncing JP225 SL to 60873.04086
[2026-05-06 09:50:11,602] INFO:  >> [SAFE_HANDOVER] Syncing JP225 SL to 60875.74086
[2026-05-06 09:50:11,603] INFO:  >> [SAFE_HANDOVER] Syncing JP225 SL to 60869.14086
[2026-05-06 09:50:11,603] INFO:  >> [SAFE_HANDOVER] Syncing JP225 SL to 60875.54086
[2026-05-06 09:50:11,604] INFO:  >> [SAFE_HANDOVER] Syncing JP225 SL to 60878.54086
[2026-05-06 09:50:11,604] INFO:  >> [SAFE_HANDOVER] Syncing JP225 SL to 60875.54086
[2026-05-06 09:50:11,605] INFO:  >> [SAFE_HANDOVER] Syncing JP225 SL to 60884.34086
[2026-05-06 09:50:11,605] INFO:  >> [SAFE_HANDOVER] Syncing JP225 SL to 60886.84086
[2026-05-06 09:50:11,606] INFO:  >> [SAFE_HANDOVER] Syncing JP225 SL to 60891.14086
[2026-05-06 09:50:11,606] INFO:  >> [SAFE_HANDOVER] Syncing JP225 SL to 60891.14086
[2026-05-06 09:50:11,606] INFO:  >> [SAFE_HANDOVER] Syncing JP225 SL to 60891.14086
[2026-05-06 09:50:11,703] INFO: SCANNING: JP225 | PRICE: 61057.00 | BIAS: BULLISH | ER: 0.39 | VEL: 2.47
[2026-05-06 09:50:11,704] INFO:  >> [GUARD] JP225 position already active. Skipping.
[2026-05-06 09:50:11,709] INFO:  >> [HARVESTER] OMEGA is dominating. Scaling in reinforcements...
[2026-05-06 09:50:21,957] INFO:  >> [SAFE_HANDOVER] Syncing JP225 SL to 60829.54086
[2026-05-06 09:50:21,958] INFO:  >> [SAFE_HANDOVER] Syncing JP225 SL to 60825.64086
[2026-05-06 09:50:21,958] INFO:  >> [SAFE_HANDOVER] Syncing JP225 SL to 60831.14086
[2026-05-06 09:50:21,959] INFO:  >> [SAFE_HANDOVER] Syncing JP225 SL to 60833.64086
[2026-05-06 09:50:21,959] INFO:  >> [SAFE_HANDOVER] Syncing JP225 SL to 60828.64086
[2026-05-06 09:50:21,959] INFO:  >> [SAFE_HANDOVER] Syncing JP225 SL to 60828.74086
[2026-05-06 09:50:21,959] INFO:  >> [SAFE_HANDOVER] Syncing JP225 SL to 60831.84086
[2026-05-06 09:50:21,959] INFO:  >> [SAFE_HANDOVER] Syncing JP225 SL to 60846.04086
[2026-05-06 09:50:21,960] INFO:  >> [SAFE_HANDOVER] Syncing JP225 SL to 60848.64086
[2026-05-06 09:50:21,960] INFO:  >> [SAFE_HANDOVER] Syncing JP225 SL to 60855.34086
[2026-05-06 09:50:21,961] INFO:  >> [SAFE_HANDOVER] Syncing JP225 SL to 60858.24086
[2026-05-06 09:50:21,961] INFO:  >> [SAFE_HANDOVER] Syncing JP225 SL to 60855.64086
[2026-05-06 09:50:21,961] INFO:  >> [SAFE_HANDOVER] Syncing JP225 SL to 60860.34086
[2026-05-06 09:50:21,961] INFO:  >> [SAFE_HANDOVER] Syncing JP225 SL to 60861.14086
[2026-05-06 09:50:21,962] INFO:  >> [SAFE_HANDOVER] Syncing JP225 SL to 60868.84086
[2026-05-06 09:50:21,962] INFO:  >> [SAFE_HANDOVER] Syncing JP225 SL to 60875.54086
[2026-05-06 09:50:21,962] INFO:  >> [SAFE_HANDOVER] Syncing JP225 SL to 60875.44086
[2026-05-06 09:50:21,962] INFO:  >> [SAFE_HANDOVER] Syncing JP225 SL to 60869.14086
[2026-05-06 09:50:21,963] INFO:  >> [SAFE_HANDOVER] Syncing JP225 SL to 60866.74086
[2026-05-06 09:50:21,963] INFO:  >> [SAFE_HANDOVER] Syncing JP225 SL to 60883.24086
[2026-05-06 09:50:21,963] INFO:  >> [SAFE_HANDOVER] Syncing JP225 SL to 60888.74086
[2026-05-06 09:50:21,963] INFO:  >> [SAFE_HANDOVER] Syncing JP225 SL to 60888.24086
[2026-05-06 09:50:21,964] INFO:  >> [SAFE_HANDOVER] Syncing JP225 SL to 60891.34086
[2026-05-06 09:50:21,964] INFO:  >> [SAFE_HANDOVER] Syncing JP225 SL to 60893.64086
[2026-05-06 09:50:21,964] INFO:  >> [SAFE_HANDOVER] Syncing JP225 SL to 60883.24086
[2026-05-06 09:50:21,964] INFO:  >> [SAFE_HANDOVER] Syncing JP225 SL to 60879.14086
[2026-05-06 09:50:21,965] INFO:  >> [SAFE_HANDOVER] Syncing JP225 SL to 60880.64086
[2026-05-06 09:50:21,965] INFO:  >> [SAFE_HANDOVER] Syncing JP225 SL to 60880.64086
[2026-05-06 09:50:21,965] INFO:  >> [SAFE_HANDOVER] Syncing JP225 SL to 60871.24086
[2026-05-06 09:50:21,966] INFO:  >> [SAFE_HANDOVER] Syncing JP225 SL to 60878.64086
[2026-05-06 09:50:21,966] INFO:  >> [SAFE_HANDOVER] Syncing JP225 SL to 60881.54086
[2026-05-06 09:50:21,966] INFO:  >> [SAFE_HANDOVER] Syncing JP225 SL to 60876.64086
[2026-05-06 09:50:21,967] INFO:  >> [SAFE_HANDOVER] Syncing JP225 SL to 60873.04086
[2026-05-06 09:50:21,967] INFO:  >> [SAFE_HANDOVER] Syncing JP225 SL to 60875.74086
[2026-05-06 09:50:21,968] INFO:  >> [SAFE_HANDOVER] Syncing JP225 SL to 60869.14086
[2026-05-06 09:50:21,968] INFO:  >> [SAFE_HANDOVER] Syncing JP225 SL to 60875.54086
[2026-05-06 09:50:21,968] INFO:  >> [SAFE_HANDOVER] Syncing JP225 SL to 60878.54086
[2026-05-06 09:50:21,968] INFO:  >> [SAFE_HANDOVER] Syncing JP225 SL to 60875.54086
[2026-05-06 09:50:21,969] INFO:  >> [SAFE_HANDOVER] Syncing JP225 SL to 60884.34086
[2026-05-06 09:50:21,969] INFO:  >> [SAFE_HANDOVER] Syncing JP225 SL to 60886.84086
[2026-05-06 09:50:21,969] INFO:  >> [SAFE_HANDOVER] Syncing JP225 SL to 60891.14086
[2026-05-06 09:50:21,969] INFO:  >> [SAFE_HANDOVER] Syncing JP225 SL to 60891.14086
[2026-05-06 09:50:21,970] INFO:  >> [SAFE_HANDOVER] Syncing JP225 SL to 60891.14086
[2026-05-06 09:50:21,970] INFO:  >> [SAFE_HANDOVER] Syncing JP225 SL to 60884.14086
[2026-05-06 09:50:22,066] INFO: SCANNING: JP225 | PRICE: 61054.60 | BIAS: BULLISH | ER: 0.39 | VEL: 2.5
[2026-05-06 09:50:22,066] INFO:  >> [GUARD] JP225 position already active. Skipping.
[2026-05-06 09:50:22,071] INFO:  >> [HARVESTER] OMEGA is dominating. Scaling in reinforcements...
[2026-05-06 09:50:32,319] INFO:  >> [SAFE_HANDOVER] Syncing JP225 SL to 60829.54086
[2026-05-06 09:50:32,319] INFO:  >> [SAFE_HANDOVER] Syncing JP225 SL to 60825.64086
[2026-05-06 09:50:32,319] INFO:  >> [SAFE_HANDOVER] Syncing JP225 SL to 60831.14086
[2026-05-06 09:50:32,319] INFO:  >> [SAFE_HANDOVER] Syncing JP225 SL to 60833.64086
[2026-05-06 09:50:32,319] INFO:  >> [SAFE_HANDOVER] Syncing JP225 SL to 60828.64086
[2026-05-06 09:50:32,319] INFO:  >> [SAFE_HANDOVER] Syncing JP225 SL to 60828.74086
[2026-05-06 09:50:32,322] INFO:  >> [SAFE_HANDOVER] Syncing JP225 SL to 60831.84086
[2026-05-06 09:50:32,322] INFO:  >> [SAFE_HANDOVER] Syncing JP225 SL to 60846.04086
[2026-05-06 09:50:32,322] INFO:  >> [SAFE_HANDOVER] Syncing JP225 SL to 60848.64086
[2026-05-06 09:50:32,323] INFO:  >> [SAFE_HANDOVER] Syncing JP225 SL to 60855.34086
[2026-05-06 09:50:32,323] INFO:  >> [SAFE_HANDOVER] Syncing JP225 SL to 60858.24086
[2026-05-06 09:50:32,323] INFO:  >> [SAFE_HANDOVER] Syncing JP225 SL to 60855.64086
[2026-05-06 09:50:32,323] INFO:  >> [SAFE_HANDOVER] Syncing JP225 SL to 60860.34086
[2026-05-06 09:50:32,324] INFO:  >> [SAFE_HANDOVER] Syncing JP225 SL to 60861.14086
[2026-05-06 09:50:32,324] INFO:  >> [SAFE_HANDOVER] Syncing JP225 SL to 60868.84086
[2026-05-06 09:50:32,324] INFO:  >> [SAFE_HANDOVER] Syncing JP225 SL to 60875.54086
[2026-05-06 09:50:32,324] INFO:  >> [SAFE_HANDOVER] Syncing JP225 SL to 60875.44086
[2026-05-06 09:50:32,325] INFO:  >> [SAFE_HANDOVER] Syncing JP225 SL to 60869.14086
[2026-05-06 09:50:32,325] INFO:  >> [SAFE_HANDOVER] Syncing JP225 SL to 60866.74086
[2026-05-06 09:50:32,325] INFO:  >> [SAFE_HANDOVER] Syncing JP225 SL to 60883.24086
[2026-05-06 09:50:32,325] INFO:  >> [SAFE_HANDOVER] Syncing JP225 SL to 60888.74086
[2026-05-06 09:50:32,326] INFO:  >> [SAFE_HANDOVER] Syncing JP225 SL to 60888.24086
[2026-05-06 09:50:32,326] INFO:  >> [SAFE_HANDOVER] Syncing JP225 SL to 60891.34086
[2026-05-06 09:50:32,326] INFO:  >> [SAFE_HANDOVER] Syncing JP225 SL to 60893.64086
[2026-05-06 09:50:32,326] INFO:  >> [SAFE_HANDOVER] Syncing JP225 SL to 60883.24086
[2026-05-06 09:50:32,327] INFO:  >> [SAFE_HANDOVER] Syncing JP225 SL to 60879.14086
[2026-05-06 09:50:32,327] INFO:  >> [SAFE_HANDOVER] Syncing JP225 SL to 60880.64086
[2026-05-06 09:50:32,327] INFO:  >> [SAFE_HANDOVER] Syncing JP225 SL to 60880.64086
[2026-05-06 09:50:32,327] INFO:  >> [SAFE_HANDOVER] Syncing JP225 SL to 60871.24086
[2026-05-06 09:50:32,327] INFO:  >> [SAFE_HANDOVER] Syncing JP225 SL to 60878.64086
[2026-05-06 09:50:32,328] INFO:  >> [SAFE_HANDOVER] Syncing JP225 SL to 60881.54086
[2026-05-06 09:50:32,328] INFO:  >> [SAFE_HANDOVER] Syncing JP225 SL to 60876.64086
[2026-05-06 09:50:32,328] INFO:  >> [SAFE_HANDOVER] Syncing JP225 SL to 60873.04086
[2026-05-06 09:50:32,328] INFO:  >> [SAFE_HANDOVER] Syncing JP225 SL to 60875.74086
[2026-05-06 09:50:32,328] INFO:  >> [SAFE_HANDOVER] Syncing JP225 SL to 60869.14086
[2026-05-06 09:50:32,329] INFO:  >> [SAFE_HANDOVER] Syncing JP225 SL to 60875.54086
[2026-05-06 09:50:32,329] INFO:  >> [SAFE_HANDOVER] Syncing JP225 SL to 60878.54086
[2026-05-06 09:50:32,329] INFO:  >> [SAFE_HANDOVER] Syncing JP225 SL to 60875.54086
[2026-05-06 09:50:32,329] INFO:  >> [SAFE_HANDOVER] Syncing JP225 SL to 60884.34086
[2026-05-06 09:50:32,330] INFO:  >> [SAFE_HANDOVER] Syncing JP225 SL to 60886.84086
[2026-05-06 09:50:32,330] INFO:  >> [SAFE_HANDOVER] Syncing JP225 SL to 60891.14086
[2026-05-06 09:50:32,331] INFO:  >> [SAFE_HANDOVER] Syncing JP225 SL to 60891.14086
[2026-05-06 09:50:32,331] INFO:  >> [SAFE_HANDOVER] Syncing JP225 SL to 60891.14086
[2026-05-06 09:50:32,331] INFO:  >> [SAFE_HANDOVER] Syncing JP225 SL to 60884.14086
[2026-05-06 09:50:32,331] INFO:  >> [SAFE_HANDOVER] Syncing JP225 SL to 60881.74086
[2026-05-06 09:50:32,429] INFO: SCANNING: JP225 | PRICE: 61058.50 | BIAS: BULLISH | ER: 0.39 | VEL: 2.46
[2026-05-06 09:50:32,429] INFO:  >> [GUARD] JP225 position already active. Skipping.
[2026-05-06 09:50:32,470] INFO:  >> [HARVESTER] OMEGA is dominating. Scaling in reinforcements...
[2026-05-06 09:50:42,719] INFO:  >> [SAFE_HANDOVER] Syncing JP225 SL to 60829.54086
[2026-05-06 09:50:42,719] INFO:  >> [SAFE_HANDOVER] Syncing JP225 SL to 60825.64086
[2026-05-06 09:50:42,719] INFO:  >> [SAFE_HANDOVER] Syncing JP225 SL to 60831.14086
[2026-05-06 09:50:42,720] INFO:  >> [SAFE_HANDOVER] Syncing JP225 SL to 60833.64086
[2026-05-06 09:50:42,720] INFO:  >> [SAFE_HANDOVER] Syncing JP225 SL to 60828.64086
[2026-05-06 09:50:42,721] INFO:  >> [SAFE_HANDOVER] Syncing JP225 SL to 60828.74086
[2026-05-06 09:50:42,721] INFO:  >> [SAFE_HANDOVER] Syncing JP225 SL to 60831.84086
[2026-05-06 09:50:42,721] INFO:  >> [SAFE_HANDOVER] Syncing JP225 SL to 60846.04086
[2026-05-06 09:50:42,722] INFO:  >> [SAFE_HANDOVER] Syncing JP225 SL to 60848.64086
[2026-05-06 09:50:42,722] INFO:  >> [SAFE_HANDOVER] Syncing JP225 SL to 60855.34086
[2026-05-06 09:50:42,722] INFO:  >> [SAFE_HANDOVER] Syncing JP225 SL to 60858.24086
[2026-05-06 09:50:42,723] INFO:  >> [SAFE_HANDOVER] Syncing JP225 SL to 60855.64086
[2026-05-06 09:50:42,723] INFO:  >> [SAFE_HANDOVER] Syncing JP225 SL to 60860.34086
[2026-05-06 09:50:42,723] INFO:  >> [SAFE_HANDOVER] Syncing JP225 SL to 60861.14086
[2026-05-06 09:50:42,724] INFO:  >> [SAFE_HANDOVER] Syncing JP225 SL to 60868.84086
[2026-05-06 09:50:42,724] INFO:  >> [SAFE_HANDOVER] Syncing JP225 SL to 60875.54086
[2026-05-06 09:50:42,724] INFO:  >> [SAFE_HANDOVER] Syncing JP225 SL to 60875.44086
[2026-05-06 09:50:42,725] INFO:  >> [SAFE_HANDOVER] Syncing JP225 SL to 60869.14086
[2026-05-06 09:50:42,725] INFO:  >> [SAFE_HANDOVER] Syncing JP225 SL to 60866.74086
[2026-05-06 09:50:42,725] INFO:  >> [SAFE_HANDOVER] Syncing JP225 SL to 60883.24086
[2026-05-06 09:50:42,726] INFO:  >> [SAFE_HANDOVER] Syncing JP225 SL to 60888.74086
[2026-05-06 09:50:42,726] INFO:  >> [SAFE_HANDOVER] Syncing JP225 SL to 60888.24086
[2026-05-06 09:50:42,727] INFO:  >> [SAFE_HANDOVER] Syncing JP225 SL to 60891.34086
[2026-05-06 09:50:42,727] INFO:  >> [SAFE_HANDOVER] Syncing JP225 SL to 60893.64086
[2026-05-06 09:50:42,727] INFO:  >> [SAFE_HANDOVER] Syncing JP225 SL to 60883.24086
[2026-05-06 09:50:42,728] INFO:  >> [SAFE_HANDOVER] Syncing JP225 SL to 60879.14086
[2026-05-06 09:50:42,728] INFO:  >> [SAFE_HANDOVER] Syncing JP225 SL to 60880.64086
[2026-05-06 09:50:42,728] INFO:  >> [SAFE_HANDOVER] Syncing JP225 SL to 60880.64086
[2026-05-06 09:50:42,728] INFO:  >> [SAFE_HANDOVER] Syncing JP225 SL to 60871.24086
[2026-05-06 09:50:42,729] INFO:  >> [SAFE_HANDOVER] Syncing JP225 SL to 60878.64086
[2026-05-06 09:50:42,729] INFO:  >> [SAFE_HANDOVER] Syncing JP225 SL to 60881.54086
[2026-05-06 09:50:42,730] INFO:  >> [SAFE_HANDOVER] Syncing JP225 SL to 60876.64086
[2026-05-06 09:50:42,730] INFO:  >> [SAFE_HANDOVER] Syncing JP225 SL to 60873.04086
[2026-05-06 09:50:42,730] INFO:  >> [SAFE_HANDOVER] Syncing JP225 SL to 60875.74086
[2026-05-06 09:50:42,731] INFO:  >> [SAFE_HANDOVER] Syncing JP225 SL to 60869.14086
[2026-05-06 09:50:42,731] INFO:  >> [SAFE_HANDOVER] Syncing JP225 SL to 60875.54086
[2026-05-06 09:50:42,731] INFO:  >> [SAFE_HANDOVER] Syncing JP225 SL to 60878.54086
[2026-05-06 09:50:42,732] INFO:  >> [SAFE_HANDOVER] Syncing JP225 SL to 60875.54086
[2026-05-06 09:50:42,732] INFO:  >> [SAFE_HANDOVER] Syncing JP225 SL to 60884.34086
[2026-05-06 09:50:42,732] INFO:  >> [SAFE_HANDOVER] Syncing JP225 SL to 60886.84086
[2026-05-06 09:50:42,733] INFO:  >> [SAFE_HANDOVER] Syncing JP225 SL to 60891.14086
[2026-05-06 09:50:42,734] INFO:  >> [SAFE_HANDOVER] Syncing JP225 SL to 60891.14086
[2026-05-06 09:50:42,734] INFO:  >> [SAFE_HANDOVER] Syncing JP225 SL to 60891.14086
[2026-05-06 09:50:42,734] INFO:  >> [SAFE_HANDOVER] Syncing JP225 SL to 60884.14086
[2026-05-06 09:50:42,734] INFO:  >> [SAFE_HANDOVER] Syncing JP225 SL to 60881.74086
[2026-05-06 09:50:42,735] INFO:  >> [SAFE_HANDOVER] Syncing JP225 SL to 60885.64086
[2026-05-06 09:50:42,829] INFO: SCANNING: JP225 | PRICE: 61058.40 | BIAS: BULLISH | ER: 0.39 | VEL: 2.46
[2026-05-06 09:50:42,831] INFO:  >> [GUARD] JP225 position already active. Skipping.
[2026-05-06 09:50:42,836] INFO:  >> [HARVESTER] OMEGA is dominating. Scaling in reinforcements...
[2026-05-06 09:50:53,123] INFO:  >> [SAFE_HANDOVER] Syncing JP225 SL to 60829.54086
[2026-05-06 09:50:53,124] INFO:  >> [SAFE_HANDOVER] Syncing JP225 SL to 60825.64086
[2026-05-06 09:50:53,125] INFO:  >> [SAFE_HANDOVER] Syncing JP225 SL to 60831.14086
[2026-05-06 09:50:53,125] INFO:  >> [SAFE_HANDOVER] Syncing JP225 SL to 60833.64086
[2026-05-06 09:50:53,126] INFO:  >> [SAFE_HANDOVER] Syncing JP225 SL to 60828.64086
[2026-05-06 09:50:53,127] INFO:  >> [SAFE_HANDOVER] Syncing JP225 SL to 60828.74086
[2026-05-06 09:50:53,127] INFO:  >> [SAFE_HANDOVER] Syncing JP225 SL to 60831.84086
[2026-05-06 09:50:53,127] INFO:  >> [SAFE_HANDOVER] Syncing JP225 SL to 60846.04086
[2026-05-06 09:50:53,127] INFO:  >> [SAFE_HANDOVER] Syncing JP225 SL to 60848.64086
[2026-05-06 09:50:53,128] INFO:  >> [SAFE_HANDOVER] Syncing JP225 SL to 60855.34086
[2026-05-06 09:50:53,128] INFO:  >> [SAFE_HANDOVER] Syncing JP225 SL to 60858.24086
[2026-05-06 09:50:53,129] INFO:  >> [SAFE_HANDOVER] Syncing JP225 SL to 60855.64086
[2026-05-06 09:50:53,129] INFO:  >> [SAFE_HANDOVER] Syncing JP225 SL to 60860.34086
[2026-05-06 09:50:53,129] INFO:  >> [SAFE_HANDOVER] Syncing JP225 SL to 60861.14086
[2026-05-06 09:50:53,129] INFO:  >> [SAFE_HANDOVER] Syncing JP225 SL to 60868.84086
[2026-05-06 09:50:53,129] INFO:  >> [SAFE_HANDOVER] Syncing JP225 SL to 60875.54086
[2026-05-06 09:50:53,130] INFO:  >> [SAFE_HANDOVER] Syncing JP225 SL to 60875.44086
[2026-05-06 09:50:53,130] INFO:  >> [SAFE_HANDOVER] Syncing JP225 SL to 60869.14086
[2026-05-06 09:50:53,130] INFO:  >> [SAFE_HANDOVER] Syncing JP225 SL to 60866.74086
[2026-05-06 09:50:53,130] INFO:  >> [SAFE_HANDOVER] Syncing JP225 SL to 60883.24086
[2026-05-06 09:50:53,131] INFO:  >> [SAFE_HANDOVER] Syncing JP225 SL to 60888.74086
[2026-05-06 09:50:53,131] INFO:  >> [SAFE_HANDOVER] Syncing JP225 SL to 60888.24086
[2026-05-06 09:50:53,131] INFO:  >> [SAFE_HANDOVER] Syncing JP225 SL to 60891.34086
[2026-05-06 09:50:53,131] INFO:  >> [SAFE_HANDOVER] Syncing JP225 SL to 60893.64086
[2026-05-06 09:50:53,132] INFO:  >> [SAFE_HANDOVER] Syncing JP225 SL to 60883.24086
[2026-05-06 09:50:53,132] INFO:  >> [SAFE_HANDOVER] Syncing JP225 SL to 60879.14086
[2026-05-06 09:50:53,132] INFO:  >> [SAFE_HANDOVER] Syncing JP225 SL to 60880.64086
[2026-05-06 09:50:53,133] INFO:  >> [SAFE_HANDOVER] Syncing JP225 SL to 60880.64086
[2026-05-06 09:50:53,133] INFO:  >> [SAFE_HANDOVER] Syncing JP225 SL to 60871.24086
[2026-05-06 09:50:53,133] INFO:  >> [SAFE_HANDOVER] Syncing JP225 SL to 60878.64086
[2026-05-06 09:50:53,133] INFO:  >> [SAFE_HANDOVER] Syncing JP225 SL to 60881.54086
[2026-05-06 09:50:53,134] INFO:  >> [SAFE_HANDOVER] Syncing JP225 SL to 60876.64086
[2026-05-06 09:50:53,134] INFO:  >> [SAFE_HANDOVER] Syncing JP225 SL to 60873.04086
[2026-05-06 09:50:53,134] INFO:  >> [SAFE_HANDOVER] Syncing JP225 SL to 60875.74086
[2026-05-06 09:50:53,134] INFO:  >> [SAFE_HANDOVER] Syncing JP225 SL to 60869.14086
[2026-05-06 09:50:53,135] INFO:  >> [SAFE_HANDOVER] Syncing JP225 SL to 60875.54086
[2026-05-06 09:50:53,135] INFO:  >> [SAFE_HANDOVER] Syncing JP225 SL to 60878.54086
[2026-05-06 09:50:53,135] INFO:  >> [SAFE_HANDOVER] Syncing JP225 SL to 60875.54086
[2026-05-06 09:50:53,135] INFO:  >> [SAFE_HANDOVER] Syncing JP225 SL to 60884.34086
[2026-05-06 09:50:53,136] INFO:  >> [SAFE_HANDOVER] Syncing JP225 SL to 60886.84086
[2026-05-06 09:50:53,136] INFO:  >> [SAFE_HANDOVER] Syncing JP225 SL to 60891.14086
[2026-05-06 09:50:53,136] INFO:  >> [SAFE_HANDOVER] Syncing JP225 SL to 60891.14086
[2026-05-06 09:50:53,136] INFO:  >> [SAFE_HANDOVER] Syncing JP225 SL to 60891.14086
[2026-05-06 09:50:53,136] INFO:  >> [SAFE_HANDOVER] Syncing JP225 SL to 60884.14086
[2026-05-06 09:50:53,136] INFO:  >> [SAFE_HANDOVER] Syncing JP225 SL to 60881.74086
[2026-05-06 09:50:53,136] INFO:  >> [SAFE_HANDOVER] Syncing JP225 SL to 60885.64086
[2026-05-06 09:50:53,136] INFO:  >> [SAFE_HANDOVER] Syncing JP225 SL to 60885.54086
[2026-05-06 09:50:53,237] INFO: SCANNING: JP225 | PRICE: 61061.10 | BIAS: BULLISH | ER: 0.39 | VEL: 2.43
[2026-05-06 09:50:53,238] INFO:  >> [GUARD] JP225 position already active. Skipping.
[2026-05-06 09:50:53,242] INFO:  >> [HARVESTER] OMEGA is dominating. Scaling in reinforcements...
[2026-05-06 09:51:03,522] INFO:  >> [SAFE_HANDOVER] Syncing JP225 SL to 60829.54086
[2026-05-06 09:51:03,523] INFO:  >> [SAFE_HANDOVER] Syncing JP225 SL to 60825.64086
[2026-05-06 09:51:03,523] INFO:  >> [SAFE_HANDOVER] Syncing JP225 SL to 60831.14086
[2026-05-06 09:51:03,523] INFO:  >> [SAFE_HANDOVER] Syncing JP225 SL to 60833.64086
[2026-05-06 09:51:03,523] INFO:  >> [SAFE_HANDOVER] Syncing JP225 SL to 60828.64086
[2026-05-06 09:51:03,524] INFO:  >> [SAFE_HANDOVER] Syncing JP225 SL to 60828.74086
[2026-05-06 09:51:03,524] INFO:  >> [SAFE_HANDOVER] Syncing JP225 SL to 60831.84086
[2026-05-06 09:51:03,525] INFO:  >> [SAFE_HANDOVER] Syncing JP225 SL to 60846.04086
[2026-05-06 09:51:03,525] INFO:  >> [SAFE_HANDOVER] Syncing JP225 SL to 60848.64086
[2026-05-06 09:51:03,525] INFO:  >> [SAFE_HANDOVER] Syncing JP225 SL to 60855.34086
[2026-05-06 09:51:03,525] INFO:  >> [SAFE_HANDOVER] Syncing JP225 SL to 60858.24086
[2026-05-06 09:51:03,525] INFO:  >> [SAFE_HANDOVER] Syncing JP225 SL to 60855.64086
[2026-05-06 09:51:03,526] INFO:  >> [SAFE_HANDOVER] Syncing JP225 SL to 60860.34086
[2026-05-06 09:51:03,526] INFO:  >> [SAFE_HANDOVER] Syncing JP225 SL to 60861.14086
[2026-05-06 09:51:03,527] INFO:  >> [SAFE_HANDOVER] Syncing JP225 SL to 60868.84086
[2026-05-06 09:51:03,527] INFO:  >> [SAFE_HANDOVER] Syncing JP225 SL to 60875.54086
[2026-05-06 09:51:03,527] INFO:  >> [SAFE_HANDOVER] Syncing JP225 SL to 60875.44086
[2026-05-06 09:51:03,527] INFO:  >> [SAFE_HANDOVER] Syncing JP225 SL to 60869.14086
[2026-05-06 09:51:03,527] INFO:  >> [SAFE_HANDOVER] Syncing JP225 SL to 60866.74086
[2026-05-06 09:51:03,527] INFO:  >> [SAFE_HANDOVER] Syncing JP225 SL to 60883.24086
[2026-05-06 09:51:03,528] INFO:  >> [SAFE_HANDOVER] Syncing JP225 SL to 60888.74086
[2026-05-06 09:51:03,528] INFO:  >> [SAFE_HANDOVER] Syncing JP225 SL to 60888.24086
[2026-05-06 09:51:03,529] INFO:  >> [SAFE_HANDOVER] Syncing JP225 SL to 60891.34086
[2026-05-06 09:51:03,529] INFO:  >> [SAFE_HANDOVER] Syncing JP225 SL to 60893.64086
[2026-05-06 09:51:03,530] INFO:  >> [SAFE_HANDOVER] Syncing JP225 SL to 60883.24086
[2026-05-06 09:51:03,530] INFO:  >> [SAFE_HANDOVER] Syncing JP225 SL to 60879.14086
[2026-05-06 09:51:03,530] INFO:  >> [SAFE_HANDOVER] Syncing JP225 SL to 60880.64086
[2026-05-06 09:51:03,530] INFO:  >> [SAFE_HANDOVER] Syncing JP225 SL to 60880.64086
[2026-05-06 09:51:03,530] INFO:  >> [SAFE_HANDOVER] Syncing JP225 SL to 60871.24086
[2026-05-06 09:51:03,531] INFO:  >> [SAFE_HANDOVER] Syncing JP225 SL to 60878.64086
[2026-05-06 09:51:03,531] INFO:  >> [SAFE_HANDOVER] Syncing JP225 SL to 60881.54086
[2026-05-06 09:51:03,531] INFO:  >> [SAFE_HANDOVER] Syncing JP225 SL to 60876.64086
[2026-05-06 09:51:03,531] INFO:  >> [SAFE_HANDOVER] Syncing JP225 SL to 60873.04086
[2026-05-06 09:51:03,531] INFO:  >> [SAFE_HANDOVER] Syncing JP225 SL to 60875.74086
[2026-05-06 09:51:03,532] INFO:  >> [SAFE_HANDOVER] Syncing JP225 SL to 60869.14086
[2026-05-06 09:51:03,532] INFO:  >> [SAFE_HANDOVER] Syncing JP225 SL to 60875.54086
[2026-05-06 09:51:03,533] INFO:  >> [SAFE_HANDOVER] Syncing JP225 SL to 60878.54086
[2026-05-06 09:51:03,533] INFO:  >> [SAFE_HANDOVER] Syncing JP225 SL to 60875.54086
[2026-05-06 09:51:03,533] INFO:  >> [SAFE_HANDOVER] Syncing JP225 SL to 60884.34086
[2026-05-06 09:51:03,533] INFO:  >> [SAFE_HANDOVER] Syncing JP225 SL to 60886.84086
[2026-05-06 09:51:03,534] INFO:  >> [SAFE_HANDOVER] Syncing JP225 SL to 60891.14086
[2026-05-06 09:51:03,534] INFO:  >> [SAFE_HANDOVER] Syncing JP225 SL to 60891.14086
[2026-05-06 09:51:03,534] INFO:  >> [SAFE_HANDOVER] Syncing JP225 SL to 60891.14086
[2026-05-06 09:51:03,535] INFO:  >> [SAFE_HANDOVER] Syncing JP225 SL to 60884.14086
[2026-05-06 09:51:03,535] INFO:  >> [SAFE_HANDOVER] Syncing JP225 SL to 60881.74086
[2026-05-06 09:51:03,535] INFO:  >> [SAFE_HANDOVER] Syncing JP225 SL to 60885.64086
[2026-05-06 09:51:03,535] INFO:  >> [SAFE_HANDOVER] Syncing JP225 SL to 60885.54086
[2026-05-06 09:51:03,536] INFO:  >> [SAFE_HANDOVER] Syncing JP225 SL to 60888.24086
[2026-05-06 09:51:03,633] INFO: SCANNING: JP225 | PRICE: 61059.40 | BIAS: BULLISH | ER: 0.39 | VEL: 2.45
[2026-05-06 09:51:03,633] INFO:  >> [GUARD] JP225 position already active. Skipping.
[2026-05-06 09:51:03,672] INFO:  >> [HARVESTER] OMEGA is dominating. Scaling in reinforcements...
[2026-05-06 09:51:13,964] INFO:  >> [SAFE_HANDOVER] Syncing JP225 SL to 60829.54086
[2026-05-06 09:51:13,964] INFO:  >> [SAFE_HANDOVER] Syncing JP225 SL to 60825.64086
[2026-05-06 09:51:13,964] INFO:  >> [SAFE_HANDOVER] Syncing JP225 SL to 60831.14086
[2026-05-06 09:51:13,965] INFO:  >> [SAFE_HANDOVER] Syncing JP225 SL to 60833.64086
[2026-05-06 09:51:13,965] INFO:  >> [SAFE_HANDOVER] Syncing JP225 SL to 60828.64086
[2026-05-06 09:51:13,965] INFO:  >> [SAFE_HANDOVER] Syncing JP225 SL to 60828.74086
[2026-05-06 09:51:13,966] INFO:  >> [SAFE_HANDOVER] Syncing JP225 SL to 60831.84086
[2026-05-06 09:51:13,966] INFO:  >> [SAFE_HANDOVER] Syncing JP225 SL to 60846.04086
[2026-05-06 09:51:13,966] INFO:  >> [SAFE_HANDOVER] Syncing JP225 SL to 60848.64086
[2026-05-06 09:51:13,966] INFO:  >> [SAFE_HANDOVER] Syncing JP225 SL to 60855.34086
[2026-05-06 09:51:13,966] INFO:  >> [SAFE_HANDOVER] Syncing JP225 SL to 60858.24086
[2026-05-06 09:51:13,967] INFO:  >> [SAFE_HANDOVER] Syncing JP225 SL to 60855.64086
[2026-05-06 09:51:13,967] INFO:  >> [SAFE_HANDOVER] Syncing JP225 SL to 60860.34086
[2026-05-06 09:51:13,967] INFO:  >> [SAFE_HANDOVER] Syncing JP225 SL to 60861.14086
[2026-05-06 09:51:13,967] INFO:  >> [SAFE_HANDOVER] Syncing JP225 SL to 60868.84086
[2026-05-06 09:51:13,968] INFO:  >> [SAFE_HANDOVER] Syncing JP225 SL to 60875.54086
[2026-05-06 09:51:13,968] INFO:  >> [SAFE_HANDOVER] Syncing JP225 SL to 60875.44086
[2026-05-06 09:51:13,968] INFO:  >> [SAFE_HANDOVER] Syncing JP225 SL to 60869.14086
[2026-05-06 09:51:13,968] INFO:  >> [SAFE_HANDOVER] Syncing JP225 SL to 60866.74086
[2026-05-06 09:51:13,969] INFO:  >> [SAFE_HANDOVER] Syncing JP225 SL to 60883.24086
[2026-05-06 09:51:13,969] INFO:  >> [SAFE_HANDOVER] Syncing JP225 SL to 60888.74086
[2026-05-06 09:51:13,970] INFO:  >> [SAFE_HANDOVER] Syncing JP225 SL to 60888.24086
[2026-05-06 09:51:13,970] INFO:  >> [SAFE_HANDOVER] Syncing JP225 SL to 60891.34086
[2026-05-06 09:51:13,970] INFO:  >> [SAFE_HANDOVER] Syncing JP225 SL to 60893.64086
[2026-05-06 09:51:13,970] INFO:  >> [SAFE_HANDOVER] Syncing JP225 SL to 60883.24086
[2026-05-06 09:51:13,970] INFO:  >> [SAFE_HANDOVER] Syncing JP225 SL to 60879.14086
[2026-05-06 09:51:13,971] INFO:  >> [SAFE_HANDOVER] Syncing JP225 SL to 60880.64086
[2026-05-06 09:51:13,971] INFO:  >> [SAFE_HANDOVER] Syncing JP225 SL to 60880.64086
[2026-05-06 09:51:13,971] INFO:  >> [SAFE_HANDOVER] Syncing JP225 SL to 60871.24086
[2026-05-06 09:51:13,971] INFO:  >> [SAFE_HANDOVER] Syncing JP225 SL to 60878.64086
[2026-05-06 09:51:13,972] INFO:  >> [SAFE_HANDOVER] Syncing JP225 SL to 60881.54086
[2026-05-06 09:51:13,972] INFO:  >> [SAFE_HANDOVER] Syncing JP225 SL to 60876.64086
[2026-05-06 09:51:13,972] INFO:  >> [SAFE_HANDOVER] Syncing JP225 SL to 60873.04086
[2026-05-06 09:51:13,972] INFO:  >> [SAFE_HANDOVER] Syncing JP225 SL to 60875.74086
[2026-05-06 09:51:13,972] INFO:  >> [SAFE_HANDOVER] Syncing JP225 SL to 60869.14086
[2026-05-06 09:51:13,973] INFO:  >> [SAFE_HANDOVER] Syncing JP225 SL to 60875.54086
[2026-05-06 09:51:13,973] INFO:  >> [SAFE_HANDOVER] Syncing JP225 SL to 60878.54086
[2026-05-06 09:51:13,973] INFO:  >> [SAFE_HANDOVER] Syncing JP225 SL to 60875.54086
[2026-05-06 09:51:13,973] INFO:  >> [SAFE_HANDOVER] Syncing JP225 SL to 60884.34086
[2026-05-06 09:51:13,973] INFO:  >> [SAFE_HANDOVER] Syncing JP225 SL to 60886.84086
[2026-05-06 09:51:13,974] INFO:  >> [SAFE_HANDOVER] Syncing JP225 SL to 60891.14086
[2026-05-06 09:51:13,974] INFO:  >> [SAFE_HANDOVER] Syncing JP225 SL to 60891.14086
[2026-05-06 09:51:13,974] INFO:  >> [SAFE_HANDOVER] Syncing JP225 SL to 60891.14086
[2026-05-06 09:51:13,974] INFO:  >> [SAFE_HANDOVER] Syncing JP225 SL to 60884.14086
[2026-05-06 09:51:13,974] INFO:  >> [SAFE_HANDOVER] Syncing JP225 SL to 60881.74086
[2026-05-06 09:51:13,975] INFO:  >> [SAFE_HANDOVER] Syncing JP225 SL to 60885.64086
[2026-05-06 09:51:13,975] INFO:  >> [SAFE_HANDOVER] Syncing JP225 SL to 60885.54086
[2026-05-06 09:51:13,976] INFO:  >> [SAFE_HANDOVER] Syncing JP225 SL to 60888.24086
[2026-05-06 09:51:13,976] INFO:  >> [SAFE_HANDOVER] Syncing JP225 SL to 60886.54086
[2026-05-06 09:51:14,073] INFO: SCANNING: JP225 | PRICE: 61059.40 | BIAS: BULLISH | ER: 0.39 | VEL: 2.45
[2026-05-06 09:51:14,073] INFO:  >> [GUARD] JP225 position already active. Skipping.
[2026-05-06 09:51:14,078] INFO:  >> [HARVESTER] OMEGA is dominating. Scaling in reinforcements...
[2026-05-06 09:51:24,317] INFO:  >> [SAFE_HANDOVER] Syncing JP225 SL to 60829.54086
[2026-05-06 09:51:24,317] INFO:  >> [SAFE_HANDOVER] Syncing JP225 SL to 60825.64086
[2026-05-06 09:51:24,318] INFO:  >> [SAFE_HANDOVER] Syncing JP225 SL to 60831.14086
[2026-05-06 09:51:24,318] INFO:  >> [SAFE_HANDOVER] Syncing JP225 SL to 60833.64086
[2026-05-06 09:51:24,319] INFO:  >> [SAFE_HANDOVER] Syncing JP225 SL to 60828.64086
[2026-05-06 09:51:24,319] INFO:  >> [SAFE_HANDOVER] Syncing JP225 SL to 60828.74086
[2026-05-06 09:51:24,319] INFO:  >> [SAFE_HANDOVER] Syncing JP225 SL to 60831.84086
[2026-05-06 09:51:24,319] INFO:  >> [SAFE_HANDOVER] Syncing JP225 SL to 60846.04086
[2026-05-06 09:51:24,320] INFO:  >> [SAFE_HANDOVER] Syncing JP225 SL to 60848.64086
[2026-05-06 09:51:24,320] INFO:  >> [SAFE_HANDOVER] Syncing JP225 SL to 60855.34086
[2026-05-06 09:51:24,320] INFO:  >> [SAFE_HANDOVER] Syncing JP225 SL to 60858.24086
[2026-05-06 09:51:24,320] INFO:  >> [SAFE_HANDOVER] Syncing JP225 SL to 60855.64086
[2026-05-06 09:51:24,320] INFO:  >> [SAFE_HANDOVER] Syncing JP225 SL to 60860.34086
[2026-05-06 09:51:24,320] INFO:  >> [SAFE_HANDOVER] Syncing JP225 SL to 60861.14086
[2026-05-06 09:51:24,321] INFO:  >> [SAFE_HANDOVER] Syncing JP225 SL to 60868.84086
[2026-05-06 09:51:24,321] INFO:  >> [SAFE_HANDOVER] Syncing JP225 SL to 60875.54086
[2026-05-06 09:51:24,322] INFO:  >> [SAFE_HANDOVER] Syncing JP225 SL to 60875.44086
[2026-05-06 09:51:24,322] INFO:  >> [SAFE_HANDOVER] Syncing JP225 SL to 60869.14086
[2026-05-06 09:51:24,322] INFO:  >> [SAFE_HANDOVER] Syncing JP225 SL to 60866.74086
[2026-05-06 09:51:24,322] INFO:  >> [SAFE_HANDOVER] Syncing JP225 SL to 60883.24086
[2026-05-06 09:51:24,322] INFO:  >> [SAFE_HANDOVER] Syncing JP225 SL to 60888.74086
[2026-05-06 09:51:24,323] INFO:  >> [SAFE_HANDOVER] Syncing JP225 SL to 60888.24086
[2026-05-06 09:51:24,323] INFO:  >> [SAFE_HANDOVER] Syncing JP225 SL to 60891.34086
[2026-05-06 09:51:24,323] INFO:  >> [SAFE_HANDOVER] Syncing JP225 SL to 60893.64086
[2026-05-06 09:51:24,323] INFO:  >> [SAFE_HANDOVER] Syncing JP225 SL to 60883.24086
[2026-05-06 09:51:24,324] INFO:  >> [SAFE_HANDOVER] Syncing JP225 SL to 60879.14086
[2026-05-06 09:51:24,324] INFO:  >> [SAFE_HANDOVER] Syncing JP225 SL to 60880.64086
[2026-05-06 09:51:24,324] INFO:  >> [SAFE_HANDOVER] Syncing JP225 SL to 60880.64086
[2026-05-06 09:51:24,324] INFO:  >> [SAFE_HANDOVER] Syncing JP225 SL to 60871.24086
[2026-05-06 09:51:24,325] INFO:  >> [SAFE_HANDOVER] Syncing JP225 SL to 60878.64086
[2026-05-06 09:51:24,325] INFO:  >> [SAFE_HANDOVER] Syncing JP225 SL to 60881.54086
[2026-05-06 09:51:24,325] INFO:  >> [SAFE_HANDOVER] Syncing JP225 SL to 60876.64086
[2026-05-06 09:51:24,325] INFO:  >> [SAFE_HANDOVER] Syncing JP225 SL to 60873.04086
[2026-05-06 09:51:24,326] INFO:  >> [SAFE_HANDOVER] Syncing JP225 SL to 60875.74086
[2026-05-06 09:51:24,326] INFO:  >> [SAFE_HANDOVER] Syncing JP225 SL to 60869.14086
[2026-05-06 09:51:24,326] INFO:  >> [SAFE_HANDOVER] Syncing JP225 SL to 60875.54086
[2026-05-06 09:51:24,326] INFO:  >> [SAFE_HANDOVER] Syncing JP225 SL to 60878.54086
[2026-05-06 09:51:24,326] INFO:  >> [SAFE_HANDOVER] Syncing JP225 SL to 60875.54086
[2026-05-06 09:51:24,327] INFO:  >> [SAFE_HANDOVER] Syncing JP225 SL to 60884.34086
[2026-05-06 09:51:24,327] INFO:  >> [SAFE_HANDOVER] Syncing JP225 SL to 60886.84086
[2026-05-06 09:51:24,328] INFO:  >> [SAFE_HANDOVER] Syncing JP225 SL to 60891.14086
[2026-05-06 09:51:24,328] INFO:  >> [SAFE_HANDOVER] Syncing JP225 SL to 60891.14086
[2026-05-06 09:51:24,328] INFO:  >> [SAFE_HANDOVER] Syncing JP225 SL to 60891.14086
[2026-05-06 09:51:24,328] INFO:  >> [SAFE_HANDOVER] Syncing JP225 SL to 60884.14086
[2026-05-06 09:51:24,328] INFO:  >> [SAFE_HANDOVER] Syncing JP225 SL to 60881.74086
[2026-05-06 09:51:24,329] INFO:  >> [SAFE_HANDOVER] Syncing JP225 SL to 60885.64086
[2026-05-06 09:51:24,329] INFO:  >> [SAFE_HANDOVER] Syncing JP225 SL to 60885.54086
[2026-05-06 09:51:24,329] INFO:  >> [SAFE_HANDOVER] Syncing JP225 SL to 60888.24086
[2026-05-06 09:51:24,329] INFO:  >> [SAFE_HANDOVER] Syncing JP225 SL to 60886.54086
[2026-05-06 09:51:24,330] INFO:  >> [SAFE_HANDOVER] Syncing JP225 SL to 60886.54086
[2026-05-06 09:51:24,426] INFO: SCANNING: JP225 | PRICE: 61057.10 | BIAS: BULLISH | ER: 0.39 | VEL: 2.47
[2026-05-06 09:51:24,426] INFO:  >> [GUARD] JP225 position already active. Skipping.
[2026-05-06 09:51:24,431] INFO:  >> [HARVESTER] OMEGA is dominating. Scaling in reinforcements...
[2026-05-06 09:51:34,716] INFO:  >> [SAFE_HANDOVER] Syncing JP225 SL to 60829.54086
[2026-05-06 09:51:34,716] INFO:  >> [SAFE_HANDOVER] Syncing JP225 SL to 60825.64086
[2026-05-06 09:51:34,716] INFO:  >> [SAFE_HANDOVER] Syncing JP225 SL to 60831.14086
[2026-05-06 09:51:34,717] INFO:  >> [SAFE_HANDOVER] Syncing JP225 SL to 60833.64086
[2026-05-06 09:51:34,717] INFO:  >> [SAFE_HANDOVER] Syncing JP225 SL to 60828.64086
[2026-05-06 09:51:34,717] INFO:  >> [SAFE_HANDOVER] Syncing JP225 SL to 60828.74086
[2026-05-06 09:51:34,717] INFO:  >> [SAFE_HANDOVER] Syncing JP225 SL to 60831.84086
[2026-05-06 09:51:34,718] INFO:  >> [SAFE_HANDOVER] Syncing JP225 SL to 60846.04086
[2026-05-06 09:51:34,718] INFO:  >> [SAFE_HANDOVER] Syncing JP225 SL to 60848.64086
[2026-05-06 09:51:34,718] INFO:  >> [SAFE_HANDOVER] Syncing JP225 SL to 60855.34086
[2026-05-06 09:51:34,718] INFO:  >> [SAFE_HANDOVER] Syncing JP225 SL to 60858.24086
[2026-05-06 09:51:34,718] INFO:  >> [SAFE_HANDOVER] Syncing JP225 SL to 60855.64086
[2026-05-06 09:51:34,719] INFO:  >> [SAFE_HANDOVER] Syncing JP225 SL to 60860.34086
[2026-05-06 09:51:34,719] INFO:  >> [SAFE_HANDOVER] Syncing JP225 SL to 60861.14086
[2026-05-06 09:51:34,719] INFO:  >> [SAFE_HANDOVER] Syncing JP225 SL to 60868.84086
[2026-05-06 09:51:34,719] INFO:  >> [SAFE_HANDOVER] Syncing JP225 SL to 60875.54086
[2026-05-06 09:51:34,720] INFO:  >> [SAFE_HANDOVER] Syncing JP225 SL to 60875.44086
[2026-05-06 09:51:34,720] INFO:  >> [SAFE_HANDOVER] Syncing JP225 SL to 60869.14086
[2026-05-06 09:51:34,720] INFO:  >> [SAFE_HANDOVER] Syncing JP225 SL to 60866.74086
[2026-05-06 09:51:34,720] INFO:  >> [SAFE_HANDOVER] Syncing JP225 SL to 60883.24086
[2026-05-06 09:51:34,721] INFO:  >> [SAFE_HANDOVER] Syncing JP225 SL to 60888.74086
[2026-05-06 09:51:34,721] INFO:  >> [SAFE_HANDOVER] Syncing JP225 SL to 60888.24086
[2026-05-06 09:51:34,721] INFO:  >> [SAFE_HANDOVER] Syncing JP225 SL to 60891.34086
[2026-05-06 09:51:34,721] INFO:  >> [SAFE_HANDOVER] Syncing JP225 SL to 60893.64086
[2026-05-06 09:51:34,721] INFO:  >> [SAFE_HANDOVER] Syncing JP225 SL to 60883.24086
[2026-05-06 09:51:34,722] INFO:  >> [SAFE_HANDOVER] Syncing JP225 SL to 60879.14086
[2026-05-06 09:51:34,722] INFO:  >> [SAFE_HANDOVER] Syncing JP225 SL to 60880.64086
[2026-05-06 09:51:34,723] INFO:  >> [SAFE_HANDOVER] Syncing JP225 SL to 60880.64086
[2026-05-06 09:51:34,723] INFO:  >> [SAFE_HANDOVER] Syncing JP225 SL to 60871.24086
[2026-05-06 09:51:34,723] INFO:  >> [SAFE_HANDOVER] Syncing JP225 SL to 60878.64086
[2026-05-06 09:51:34,723] INFO:  >> [SAFE_HANDOVER] Syncing JP225 SL to 60881.54086
[2026-05-06 09:51:34,724] INFO:  >> [SAFE_HANDOVER] Syncing JP225 SL to 60876.64086
[2026-05-06 09:51:34,724] INFO:  >> [SAFE_HANDOVER] Syncing JP225 SL to 60873.04086
[2026-05-06 09:51:34,724] INFO:  >> [SAFE_HANDOVER] Syncing JP225 SL to 60875.74086
[2026-05-06 09:51:34,724] INFO:  >> [SAFE_HANDOVER] Syncing JP225 SL to 60869.14086
[2026-05-06 09:51:34,725] INFO:  >> [SAFE_HANDOVER] Syncing JP225 SL to 60875.54086
[2026-05-06 09:51:34,725] INFO:  >> [SAFE_HANDOVER] Syncing JP225 SL to 60878.54086
[2026-05-06 09:51:34,725] INFO:  >> [SAFE_HANDOVER] Syncing JP225 SL to 60875.54086
[2026-05-06 09:51:34,725] INFO:  >> [SAFE_HANDOVER] Syncing JP225 SL to 60884.34086
[2026-05-06 09:51:34,725] INFO:  >> [SAFE_HANDOVER] Syncing JP225 SL to 60886.84086
[2026-05-06 09:51:34,726] INFO:  >> [SAFE_HANDOVER] Syncing JP225 SL to 60891.14086
[2026-05-06 09:51:34,726] INFO:  >> [SAFE_HANDOVER] Syncing JP225 SL to 60891.14086
[2026-05-06 09:51:34,726] INFO:  >> [SAFE_HANDOVER] Syncing JP225 SL to 60891.14086
[2026-05-06 09:51:34,726] INFO:  >> [SAFE_HANDOVER] Syncing JP225 SL to 60884.14086
[2026-05-06 09:51:34,726] INFO:  >> [SAFE_HANDOVER] Syncing JP225 SL to 60881.74086
[2026-05-06 09:51:34,727] INFO:  >> [SAFE_HANDOVER] Syncing JP225 SL to 60885.64086
[2026-05-06 09:51:34,727] INFO:  >> [SAFE_HANDOVER] Syncing JP225 SL to 60885.54086
[2026-05-06 09:51:34,728] INFO:  >> [SAFE_HANDOVER] Syncing JP225 SL to 60888.24086
[2026-05-06 09:51:34,728] INFO:  >> [SAFE_HANDOVER] Syncing JP225 SL to 60886.54086
[2026-05-06 09:51:34,728] INFO:  >> [SAFE_HANDOVER] Syncing JP225 SL to 60886.54086
[2026-05-06 09:51:34,728] INFO:  >> [SAFE_HANDOVER] Syncing JP225 SL to 60884.24086
[2026-05-06 09:51:34,823] INFO: SCANNING: JP225 | PRICE: 61054.70 | BIAS: BULLISH | ER: 0.39 | VEL: 2.5
[2026-05-06 09:51:34,825] INFO:  >> [GUARD] JP225 position already active. Skipping.
[2026-05-06 09:51:34,865] INFO:  >> [HARVESTER] OMEGA is dominating. Scaling in reinforcements...
[2026-05-06 09:51:45,171] INFO:  >> [SAFE_HANDOVER] Syncing JP225 SL to 60829.54086
[2026-05-06 09:51:45,173] INFO:  >> [SAFE_HANDOVER] Syncing JP225 SL to 60825.64086
[2026-05-06 09:51:45,174] INFO:  >> [SAFE_HANDOVER] Syncing JP225 SL to 60831.14086
[2026-05-06 09:51:45,175] INFO:  >> [SAFE_HANDOVER] Syncing JP225 SL to 60833.64086
[2026-05-06 09:51:45,176] INFO:  >> [SAFE_HANDOVER] Syncing JP225 SL to 60828.64086
[2026-05-06 09:51:45,176] INFO:  >> [SAFE_HANDOVER] Syncing JP225 SL to 60828.74086
[2026-05-06 09:51:45,176] INFO:  >> [SAFE_HANDOVER] Syncing JP225 SL to 60831.84086
[2026-05-06 09:51:45,178] INFO:  >> [SAFE_HANDOVER] Syncing JP225 SL to 60846.04086
[2026-05-06 09:51:45,178] INFO:  >> [SAFE_HANDOVER] Syncing JP225 SL to 60848.64086
[2026-05-06 09:51:45,178] INFO:  >> [SAFE_HANDOVER] Syncing JP225 SL to 60855.34086
[2026-05-06 09:51:45,179] INFO:  >> [SAFE_HANDOVER] Syncing JP225 SL to 60858.24086
[2026-05-06 09:51:45,180] INFO:  >> [SAFE_HANDOVER] Syncing JP225 SL to 60855.64086
[2026-05-06 09:51:45,180] INFO:  >> [SAFE_HANDOVER] Syncing JP225 SL to 60860.34086
[2026-05-06 09:51:45,181] INFO:  >> [SAFE_HANDOVER] Syncing JP225 SL to 60861.14086
[2026-05-06 09:51:45,181] INFO:  >> [SAFE_HANDOVER] Syncing JP225 SL to 60868.84086
[2026-05-06 09:51:45,182] INFO:  >> [SAFE_HANDOVER] Syncing JP225 SL to 60875.54086
[2026-05-06 09:51:45,182] INFO:  >> [SAFE_HANDOVER] Syncing JP225 SL to 60875.44086
[2026-05-06 09:51:45,183] INFO:  >> [SAFE_HANDOVER] Syncing JP225 SL to 60869.14086
[2026-05-06 09:51:45,183] INFO:  >> [SAFE_HANDOVER] Syncing JP225 SL to 60866.74086
[2026-05-06 09:51:45,184] INFO:  >> [SAFE_HANDOVER] Syncing JP225 SL to 60883.24086
[2026-05-06 09:51:45,184] INFO:  >> [SAFE_HANDOVER] Syncing JP225 SL to 60888.74086
[2026-05-06 09:51:45,184] INFO:  >> [SAFE_HANDOVER] Syncing JP225 SL to 60888.24086
[2026-05-06 09:51:45,185] INFO:  >> [SAFE_HANDOVER] Syncing JP225 SL to 60891.34086
[2026-05-06 09:51:45,185] INFO:  >> [SAFE_HANDOVER] Syncing JP225 SL to 60893.64086
[2026-05-06 09:51:45,186] INFO:  >> [SAFE_HANDOVER] Syncing JP225 SL to 60883.24086
[2026-05-06 09:51:45,186] INFO:  >> [SAFE_HANDOVER] Syncing JP225 SL to 60879.14086
[2026-05-06 09:51:45,186] INFO:  >> [SAFE_HANDOVER] Syncing JP225 SL to 60880.64086
[2026-05-06 09:51:45,187] INFO:  >> [SAFE_HANDOVER] Syncing JP225 SL to 60880.64086
[2026-05-06 09:51:45,187] INFO:  >> [SAFE_HANDOVER] Syncing JP225 SL to 60871.24086
[2026-05-06 09:51:45,187] INFO:  >> [SAFE_HANDOVER] Syncing JP225 SL to 60878.64086
[2026-05-06 09:51:45,188] INFO:  >> [SAFE_HANDOVER] Syncing JP225 SL to 60881.54086
[2026-05-06 09:51:45,189] INFO:  >> [SAFE_HANDOVER] Syncing JP225 SL to 60876.64086
[2026-05-06 09:51:45,189] INFO:  >> [SAFE_HANDOVER] Syncing JP225 SL to 60873.04086
[2026-05-06 09:51:45,190] INFO:  >> [SAFE_HANDOVER] Syncing JP225 SL to 60875.74086
[2026-05-06 09:51:45,190] INFO:  >> [SAFE_HANDOVER] Syncing JP225 SL to 60869.14086
[2026-05-06 09:51:45,190] INFO:  >> [SAFE_HANDOVER] Syncing JP225 SL to 60875.54086
[2026-05-06 09:51:45,190] INFO:  >> [SAFE_HANDOVER] Syncing JP225 SL to 60878.54086
[2026-05-06 09:51:45,191] INFO:  >> [SAFE_HANDOVER] Syncing JP225 SL to 60875.54086
[2026-05-06 09:51:45,191] INFO:  >> [SAFE_HANDOVER] Syncing JP225 SL to 60884.34086
[2026-05-06 09:51:45,192] INFO:  >> [SAFE_HANDOVER] Syncing JP225 SL to 60886.84086
[2026-05-06 09:51:45,192] INFO:  >> [SAFE_HANDOVER] Syncing JP225 SL to 60891.14086
[2026-05-06 09:51:45,193] INFO:  >> [SAFE_HANDOVER] Syncing JP225 SL to 60891.14086
[2026-05-06 09:51:45,193] INFO:  >> [SAFE_HANDOVER] Syncing JP225 SL to 60891.14086
[2026-05-06 09:51:45,193] INFO:  >> [SAFE_HANDOVER] Syncing JP225 SL to 60884.14086
[2026-05-06 09:51:45,194] INFO:  >> [SAFE_HANDOVER] Syncing JP225 SL to 60881.74086
[2026-05-06 09:51:45,194] INFO:  >> [SAFE_HANDOVER] Syncing JP225 SL to 60885.64086
[2026-05-06 09:51:45,195] INFO:  >> [SAFE_HANDOVER] Syncing JP225 SL to 60885.54086
[2026-05-06 09:51:45,195] INFO:  >> [SAFE_HANDOVER] Syncing JP225 SL to 60888.24086
[2026-05-06 09:51:45,195] INFO:  >> [SAFE_HANDOVER] Syncing JP225 SL to 60886.54086
[2026-05-06 09:51:45,196] INFO:  >> [SAFE_HANDOVER] Syncing JP225 SL to 60886.54086
[2026-05-06 09:51:45,196] INFO:  >> [SAFE_HANDOVER] Syncing JP225 SL to 60884.24086
[2026-05-06 09:51:45,197] INFO:  >> [SAFE_HANDOVER] Syncing JP225 SL to 60881.84086
[2026-05-06 09:51:45,298] INFO: SCANNING: JP225 | PRICE: 61056.50 | BIAS: BULLISH | ER: 0.39 | VEL: 2.48
[2026-05-06 09:51:45,298] INFO:  >> [GUARD] JP225 position already active. Skipping.
[2026-05-06 09:51:45,338] INFO:  >> [HARVESTER] OMEGA is dominating. Scaling in reinforcements...
[2026-05-06 09:51:55,581] INFO:  >> [SAFE_HANDOVER] Syncing JP225 SL to 60829.54086
[2026-05-06 09:51:55,581] INFO:  >> [SAFE_HANDOVER] Syncing JP225 SL to 60825.64086
[2026-05-06 09:51:55,582] INFO:  >> [SAFE_HANDOVER] Syncing JP225 SL to 60831.14086
[2026-05-06 09:51:55,583] INFO:  >> [SAFE_HANDOVER] Syncing JP225 SL to 60833.64086
[2026-05-06 09:51:55,583] INFO:  >> [SAFE_HANDOVER] Syncing JP225 SL to 60828.64086
[2026-05-06 09:51:55,583] INFO:  >> [SAFE_HANDOVER] Syncing JP225 SL to 60828.74086
[2026-05-06 09:51:55,583] INFO:  >> [SAFE_HANDOVER] Syncing JP225 SL to 60831.84086
[2026-05-06 09:51:55,583] INFO:  >> [SAFE_HANDOVER] Syncing JP225 SL to 60846.04086
[2026-05-06 09:51:55,584] INFO:  >> [SAFE_HANDOVER] Syncing JP225 SL to 60848.64086
[2026-05-06 09:51:55,584] INFO:  >> [SAFE_HANDOVER] Syncing JP225 SL to 60855.34086
[2026-05-06 09:51:55,585] INFO:  >> [SAFE_HANDOVER] Syncing JP225 SL to 60858.24086
[2026-05-06 09:51:55,585] INFO:  >> [SAFE_HANDOVER] Syncing JP225 SL to 60855.64086
[2026-05-06 09:51:55,585] INFO:  >> [SAFE_HANDOVER] Syncing JP225 SL to 60860.34086
[2026-05-06 09:51:55,585] INFO:  >> [SAFE_HANDOVER] Syncing JP225 SL to 60861.14086
[2026-05-06 09:51:55,585] INFO:  >> [SAFE_HANDOVER] Syncing JP225 SL to 60868.84086
[2026-05-06 09:51:55,585] INFO:  >> [SAFE_HANDOVER] Syncing JP225 SL to 60875.54086
[2026-05-06 09:51:55,586] INFO:  >> [SAFE_HANDOVER] Syncing JP225 SL to 60875.44086
[2026-05-06 09:51:55,586] INFO:  >> [SAFE_HANDOVER] Syncing JP225 SL to 60869.14086
[2026-05-06 09:51:55,586] INFO:  >> [SAFE_HANDOVER] Syncing JP225 SL to 60866.74086
[2026-05-06 09:51:55,586] INFO:  >> [SAFE_HANDOVER] Syncing JP225 SL to 60883.24086
[2026-05-06 09:51:55,587] INFO:  >> [SAFE_HANDOVER] Syncing JP225 SL to 60888.74086
[2026-05-06 09:51:55,587] INFO:  >> [SAFE_HANDOVER] Syncing JP225 SL to 60888.24086
[2026-05-06 09:51:55,588] INFO:  >> [SAFE_HANDOVER] Syncing JP225 SL to 60891.34086
[2026-05-06 09:51:55,588] INFO:  >> [SAFE_HANDOVER] Syncing JP225 SL to 60893.64086
[2026-05-06 09:51:55,588] INFO:  >> [SAFE_HANDOVER] Syncing JP225 SL to 60883.24086
[2026-05-06 09:51:55,588] INFO:  >> [SAFE_HANDOVER] Syncing JP225 SL to 60879.14086
[2026-05-06 09:51:55,588] INFO:  >> [SAFE_HANDOVER] Syncing JP225 SL to 60880.64086
[2026-05-06 09:51:55,588] INFO:  >> [SAFE_HANDOVER] Syncing JP225 SL to 60880.64086
[2026-05-06 09:51:55,589] INFO:  >> [SAFE_HANDOVER] Syncing JP225 SL to 60871.24086
[2026-05-06 09:51:55,589] INFO:  >> [SAFE_HANDOVER] Syncing JP225 SL to 60878.64086
[2026-05-06 09:51:55,589] INFO:  >> [SAFE_HANDOVER] Syncing JP225 SL to 60881.54086
[2026-05-06 09:51:55,589] INFO:  >> [SAFE_HANDOVER] Syncing JP225 SL to 60876.64086
[2026-05-06 09:51:55,590] INFO:  >> [SAFE_HANDOVER] Syncing JP225 SL to 60873.04086
[2026-05-06 09:51:55,590] INFO:  >> [SAFE_HANDOVER] Syncing JP225 SL to 60875.74086
[2026-05-06 09:51:55,590] INFO:  >> [SAFE_HANDOVER] Syncing JP225 SL to 60869.14086
[2026-05-06 09:51:55,590] INFO:  >> [SAFE_HANDOVER] Syncing JP225 SL to 60875.54086
[2026-05-06 09:51:55,590] INFO:  >> [SAFE_HANDOVER] Syncing JP225 SL to 60878.54086
[2026-05-06 09:51:55,591] INFO:  >> [SAFE_HANDOVER] Syncing JP225 SL to 60875.54086
[2026-05-06 09:51:55,591] INFO:  >> [SAFE_HANDOVER] Syncing JP225 SL to 60884.34086
[2026-05-06 09:51:55,592] INFO:  >> [SAFE_HANDOVER] Syncing JP225 SL to 60886.84086
[2026-05-06 09:51:55,592] INFO:  >> [SAFE_HANDOVER] Syncing JP225 SL to 60891.14086
[2026-05-06 09:51:55,592] INFO:  >> [SAFE_HANDOVER] Syncing JP225 SL to 60891.14086
[2026-05-06 09:51:55,592] INFO:  >> [SAFE_HANDOVER] Syncing JP225 SL to 60891.14086
[2026-05-06 09:51:55,593] INFO:  >> [SAFE_HANDOVER] Syncing JP225 SL to 60884.14086
[2026-05-06 09:51:55,593] INFO:  >> [SAFE_HANDOVER] Syncing JP225 SL to 60881.74086
[2026-05-06 09:51:55,593] INFO:  >> [SAFE_HANDOVER] Syncing JP225 SL to 60885.64086
[2026-05-06 09:51:55,593] INFO:  >> [SAFE_HANDOVER] Syncing JP225 SL to 60885.54086
[2026-05-06 09:51:55,594] INFO:  >> [SAFE_HANDOVER] Syncing JP225 SL to 60888.24086
[2026-05-06 09:51:55,594] INFO:  >> [SAFE_HANDOVER] Syncing JP225 SL to 60886.54086
[2026-05-06 09:51:55,594] INFO:  >> [SAFE_HANDOVER] Syncing JP225 SL to 60886.54086
[2026-05-06 09:51:55,594] INFO:  >> [SAFE_HANDOVER] Syncing JP225 SL to 60884.24086
[2026-05-06 09:51:55,595] INFO:  >> [SAFE_HANDOVER] Syncing JP225 SL to 60881.84086
[2026-05-06 09:51:55,595] INFO:  >> [SAFE_HANDOVER] Syncing JP225 SL to 60883.64086
[2026-05-06 09:51:55,690] INFO: SCANNING: JP225 | PRICE: 61068.60 | BIAS: BULLISH | ER: 0.39 | VEL: 2.35
[2026-05-06 09:51:55,690] INFO:  >> [GUARD] JP225 position already active. Skipping.
[2026-05-06 09:51:55,730] INFO:  >> [HARVESTER] OMEGA is dominating. Scaling in reinforcements...
[2026-05-06 09:52:06,026] INFO:  >> [SAFE_HANDOVER] Syncing JP225 SL to 60829.54086
[2026-05-06 09:52:06,026] INFO:  >> [SAFE_HANDOVER] Syncing JP225 SL to 60825.64086
[2026-05-06 09:52:06,026] INFO:  >> [SAFE_HANDOVER] Syncing JP225 SL to 60831.14086
[2026-05-06 09:52:06,027] INFO:  >> [SAFE_HANDOVER] Syncing JP225 SL to 60833.64086
[2026-05-06 09:52:06,027] INFO:  >> [SAFE_HANDOVER] Syncing JP225 SL to 60828.64086
[2026-05-06 09:52:06,028] INFO:  >> [SAFE_HANDOVER] Syncing JP225 SL to 60828.74086
[2026-05-06 09:52:06,028] INFO:  >> [SAFE_HANDOVER] Syncing JP225 SL to 60831.84086
[2026-05-06 09:52:06,028] INFO:  >> [SAFE_HANDOVER] Syncing JP225 SL to 60846.04086
[2026-05-06 09:52:06,028] INFO:  >> [SAFE_HANDOVER] Syncing JP225 SL to 60848.64086
[2026-05-06 09:52:06,029] INFO:  >> [SAFE_HANDOVER] Syncing JP225 SL to 60855.34086
[2026-05-06 09:52:06,029] INFO:  >> [SAFE_HANDOVER] Syncing JP225 SL to 60858.24086
[2026-05-06 09:52:06,029] INFO:  >> [SAFE_HANDOVER] Syncing JP225 SL to 60855.64086
[2026-05-06 09:52:06,029] INFO:  >> [SAFE_HANDOVER] Syncing JP225 SL to 60860.34086
[2026-05-06 09:52:06,030] INFO:  >> [SAFE_HANDOVER] Syncing JP225 SL to 60861.14086
[2026-05-06 09:52:06,030] INFO:  >> [SAFE_HANDOVER] Syncing JP225 SL to 60868.84086
[2026-05-06 09:52:06,030] INFO:  >> [SAFE_HANDOVER] Syncing JP225 SL to 60875.54086
[2026-05-06 09:52:06,031] INFO:  >> [SAFE_HANDOVER] Syncing JP225 SL to 60875.44086
[2026-05-06 09:52:06,032] INFO:  >> [SAFE_HANDOVER] Syncing JP225 SL to 60869.14086
[2026-05-06 09:52:06,032] INFO:  >> [SAFE_HANDOVER] Syncing JP225 SL to 60866.74086
[2026-05-06 09:52:06,032] INFO:  >> [SAFE_HANDOVER] Syncing JP225 SL to 60883.24086
[2026-05-06 09:52:06,032] INFO:  >> [SAFE_HANDOVER] Syncing JP225 SL to 60888.74086
[2026-05-06 09:52:06,033] INFO:  >> [SAFE_HANDOVER] Syncing JP225 SL to 60888.24086
[2026-05-06 09:52:06,033] INFO:  >> [SAFE_HANDOVER] Syncing JP225 SL to 60891.34086
[2026-05-06 09:52:06,033] INFO:  >> [SAFE_HANDOVER] Syncing JP225 SL to 60893.64086
[2026-05-06 09:52:06,033] INFO:  >> [SAFE_HANDOVER] Syncing JP225 SL to 60883.24086
[2026-05-06 09:52:06,034] INFO:  >> [SAFE_HANDOVER] Syncing JP225 SL to 60879.14086
[2026-05-06 09:52:06,034] INFO:  >> [SAFE_HANDOVER] Syncing JP225 SL to 60880.64086
[2026-05-06 09:52:06,034] INFO:  >> [SAFE_HANDOVER] Syncing JP225 SL to 60880.64086
[2026-05-06 09:52:06,035] INFO:  >> [SAFE_HANDOVER] Syncing JP225 SL to 60871.24086
[2026-05-06 09:52:06,035] INFO:  >> [SAFE_HANDOVER] Syncing JP225 SL to 60878.64086
[2026-05-06 09:52:06,035] INFO:  >> [SAFE_HANDOVER] Syncing JP225 SL to 60881.54086
[2026-05-06 09:52:06,035] INFO:  >> [SAFE_HANDOVER] Syncing JP225 SL to 60876.64086
[2026-05-06 09:52:06,036] INFO:  >> [SAFE_HANDOVER] Syncing JP225 SL to 60873.04086
[2026-05-06 09:52:06,036] INFO:  >> [SAFE_HANDOVER] Syncing JP225 SL to 60875.74086
[2026-05-06 09:52:06,036] INFO:  >> [SAFE_HANDOVER] Syncing JP225 SL to 60869.14086
[2026-05-06 09:52:06,036] INFO:  >> [SAFE_HANDOVER] Syncing JP225 SL to 60875.54086
[2026-05-06 09:52:06,036] INFO:  >> [SAFE_HANDOVER] Syncing JP225 SL to 60878.54086
[2026-05-06 09:52:06,036] INFO:  >> [SAFE_HANDOVER] Syncing JP225 SL to 60875.54086
[2026-05-06 09:52:06,037] INFO:  >> [SAFE_HANDOVER] Syncing JP225 SL to 60884.34086
[2026-05-06 09:52:06,037] INFO:  >> [SAFE_HANDOVER] Syncing JP225 SL to 60886.84086
[2026-05-06 09:52:06,038] INFO:  >> [SAFE_HANDOVER] Syncing JP225 SL to 60891.14086
[2026-05-06 09:52:06,038] INFO:  >> [SAFE_HANDOVER] Syncing JP225 SL to 60891.14086
[2026-05-06 09:52:06,038] INFO:  >> [SAFE_HANDOVER] Syncing JP225 SL to 60891.14086
[2026-05-06 09:52:06,038] INFO:  >> [SAFE_HANDOVER] Syncing JP225 SL to 60884.14086
[2026-05-06 09:52:06,038] INFO:  >> [SAFE_HANDOVER] Syncing JP225 SL to 60881.74086
[2026-05-06 09:52:06,039] INFO:  >> [SAFE_HANDOVER] Syncing JP225 SL to 60885.64086
[2026-05-06 09:52:06,039] INFO:  >> [SAFE_HANDOVER] Syncing JP225 SL to 60885.54086
[2026-05-06 09:52:06,039] INFO:  >> [SAFE_HANDOVER] Syncing JP225 SL to 60888.24086
[2026-05-06 09:52:06,039] INFO:  >> [SAFE_HANDOVER] Syncing JP225 SL to 60886.54086
[2026-05-06 09:52:06,039] INFO:  >> [SAFE_HANDOVER] Syncing JP225 SL to 60886.54086
[2026-05-06 09:52:06,040] INFO:  >> [SAFE_HANDOVER] Syncing JP225 SL to 60884.24086
[2026-05-06 09:52:06,040] INFO:  >> [SAFE_HANDOVER] Syncing JP225 SL to 60881.84086
[2026-05-06 09:52:06,040] INFO:  >> [SAFE_HANDOVER] Syncing JP225 SL to 60883.64086
[2026-05-06 09:52:06,041] INFO:  >> [SAFE_HANDOVER] Syncing JP225 SL to 60895.74086
[2026-05-06 09:52:06,138] INFO: SCANNING: JP225 | PRICE: 61076.10 | BIAS: BULLISH | ER: 0.39 | VEL: 2.26
[2026-05-06 09:52:06,138] INFO:  >> [GUARD] JP225 position already active. Skipping.
[2026-05-06 09:52:06,179] INFO:  >> [HARVESTER] OMEGA is dominating. Scaling in reinforcements...
[2026-05-06 09:52:16,480] INFO:  >> [SAFE_HANDOVER] Syncing JP225 SL to 60829.54086
[2026-05-06 09:52:16,481] INFO:  >> [SAFE_HANDOVER] Syncing JP225 SL to 60825.64086
[2026-05-06 09:52:16,481] INFO:  >> [SAFE_HANDOVER] Syncing JP225 SL to 60831.14086
[2026-05-06 09:52:16,481] INFO:  >> [SAFE_HANDOVER] Syncing JP225 SL to 60833.64086
[2026-05-06 09:52:16,482] INFO:  >> [SAFE_HANDOVER] Syncing JP225 SL to 60828.64086
[2026-05-06 09:52:16,482] INFO:  >> [SAFE_HANDOVER] Syncing JP225 SL to 60828.74086
[2026-05-06 09:52:16,482] INFO:  >> [SAFE_HANDOVER] Syncing JP225 SL to 60831.84086
[2026-05-06 09:52:16,482] INFO:  >> [SAFE_HANDOVER] Syncing JP225 SL to 60846.04086
[2026-05-06 09:52:16,482] INFO:  >> [SAFE_HANDOVER] Syncing JP225 SL to 60848.64086
[2026-05-06 09:52:16,483] INFO:  >> [SAFE_HANDOVER] Syncing JP225 SL to 60855.34086
[2026-05-06 09:52:16,483] INFO:  >> [SAFE_HANDOVER] Syncing JP225 SL to 60858.24086
[2026-05-06 09:52:16,483] INFO:  >> [SAFE_HANDOVER] Syncing JP225 SL to 60855.64086
[2026-05-06 09:52:16,483] INFO:  >> [SAFE_HANDOVER] Syncing JP225 SL to 60860.34086
[2026-05-06 09:52:16,483] INFO:  >> [SAFE_HANDOVER] Syncing JP225 SL to 60861.14086
[2026-05-06 09:52:16,484] INFO:  >> [SAFE_HANDOVER] Syncing JP225 SL to 60868.84086
[2026-05-06 09:52:16,484] INFO:  >> [SAFE_HANDOVER] Syncing JP225 SL to 60875.54086
[2026-05-06 09:52:16,484] INFO:  >> [SAFE_HANDOVER] Syncing JP225 SL to 60875.44086
[2026-05-06 09:52:16,484] INFO:  >> [SAFE_HANDOVER] Syncing JP225 SL to 60869.14086
[2026-05-06 09:52:16,484] INFO:  >> [SAFE_HANDOVER] Syncing JP225 SL to 60866.74086
[2026-05-06 09:52:16,485] INFO:  >> [SAFE_HANDOVER] Syncing JP225 SL to 60883.24086
[2026-05-06 09:52:16,485] INFO:  >> [SAFE_HANDOVER] Syncing JP225 SL to 60888.74086
[2026-05-06 09:52:16,485] INFO:  >> [SAFE_HANDOVER] Syncing JP225 SL to 60888.24086
[2026-05-06 09:52:16,485] INFO:  >> [SAFE_HANDOVER] Syncing JP225 SL to 60891.34086
[2026-05-06 09:52:16,485] INFO:  >> [SAFE_HANDOVER] Syncing JP225 SL to 60893.64086
[2026-05-06 09:52:16,486] INFO:  >> [SAFE_HANDOVER] Syncing JP225 SL to 60883.24086
[2026-05-06 09:52:16,486] INFO:  >> [SAFE_HANDOVER] Syncing JP225 SL to 60879.14086
[2026-05-06 09:52:16,486] INFO:  >> [SAFE_HANDOVER] Syncing JP225 SL to 60880.64086
[2026-05-06 09:52:16,486] INFO:  >> [SAFE_HANDOVER] Syncing JP225 SL to 60880.64086
[2026-05-06 09:52:16,486] INFO:  >> [SAFE_HANDOVER] Syncing JP225 SL to 60871.24086
[2026-05-06 09:52:16,487] INFO:  >> [SAFE_HANDOVER] Syncing JP225 SL to 60878.64086
[2026-05-06 09:52:16,487] INFO:  >> [SAFE_HANDOVER] Syncing JP225 SL to 60881.54086
[2026-05-06 09:52:16,487] INFO:  >> [SAFE_HANDOVER] Syncing JP225 SL to 60876.64086
[2026-05-06 09:52:16,487] INFO:  >> [SAFE_HANDOVER] Syncing JP225 SL to 60873.04086
[2026-05-06 09:52:16,487] INFO:  >> [SAFE_HANDOVER] Syncing JP225 SL to 60875.74086
[2026-05-06 09:52:16,488] INFO:  >> [SAFE_HANDOVER] Syncing JP225 SL to 60869.14086
[2026-05-06 09:52:16,488] INFO:  >> [SAFE_HANDOVER] Syncing JP225 SL to 60875.54086
[2026-05-06 09:52:16,489] INFO:  >> [SAFE_HANDOVER] Syncing JP225 SL to 60878.54086
[2026-05-06 09:52:16,489] INFO:  >> [SAFE_HANDOVER] Syncing JP225 SL to 60875.54086
[2026-05-06 09:52:16,489] INFO:  >> [SAFE_HANDOVER] Syncing JP225 SL to 60884.34086
[2026-05-06 09:52:16,489] INFO:  >> [SAFE_HANDOVER] Syncing JP225 SL to 60886.84086
[2026-05-06 09:52:16,489] INFO:  >> [SAFE_HANDOVER] Syncing JP225 SL to 60891.14086
[2026-05-06 09:52:16,490] INFO:  >> [SAFE_HANDOVER] Syncing JP225 SL to 60891.14086
[2026-05-06 09:52:16,490] INFO:  >> [SAFE_HANDOVER] Syncing JP225 SL to 60891.14086
[2026-05-06 09:52:16,490] INFO:  >> [SAFE_HANDOVER] Syncing JP225 SL to 60884.14086
[2026-05-06 09:52:16,490] INFO:  >> [SAFE_HANDOVER] Syncing JP225 SL to 60881.74086
[2026-05-06 09:52:16,490] INFO:  >> [SAFE_HANDOVER] Syncing JP225 SL to 60885.64086
[2026-05-06 09:52:16,491] INFO:  >> [SAFE_HANDOVER] Syncing JP225 SL to 60885.54086
[2026-05-06 09:52:16,491] INFO:  >> [SAFE_HANDOVER] Syncing JP225 SL to 60888.24086
[2026-05-06 09:52:16,491] INFO:  >> [SAFE_HANDOVER] Syncing JP225 SL to 60886.54086
[2026-05-06 09:52:16,491] INFO:  >> [SAFE_HANDOVER] Syncing JP225 SL to 60886.54086
[2026-05-06 09:52:16,491] INFO:  >> [SAFE_HANDOVER] Syncing JP225 SL to 60884.24086
[2026-05-06 09:52:16,492] INFO:  >> [SAFE_HANDOVER] Syncing JP225 SL to 60881.84086
[2026-05-06 09:52:16,492] INFO:  >> [SAFE_HANDOVER] Syncing JP225 SL to 60883.64086
[2026-05-06 09:52:16,492] INFO:  >> [SAFE_HANDOVER] Syncing JP225 SL to 60895.74086
[2026-05-06 09:52:16,492] INFO:  >> [SAFE_HANDOVER] Syncing JP225 SL to 60903.24086
[2026-05-06 09:52:16,588] INFO: SCANNING: JP225 | PRICE: 61073.60 | BIAS: BULLISH | ER: 0.39 | VEL: 2.28
[2026-05-06 09:52:16,589] INFO:  >> [GUARD] JP225 position already active. Skipping.
[2026-05-06 09:52:16,594] INFO:  >> [HARVESTER] OMEGA is dominating. Scaling in reinforcements...
[2026-05-06 09:52:26,910] INFO:  >> [SAFE_HANDOVER] Syncing DE30 SL to 24231.93171
[2026-05-06 09:52:27,108] INFO:  >> [SAFE_HANDOVER] Syncing JP225 SL to 60935.46371
[2026-05-06 09:52:27,108] INFO:  >> [SAFE_HANDOVER] Syncing JP225 SL to 60928.46371
[2026-05-06 09:52:27,108] INFO:  >> [SAFE_HANDOVER] Syncing JP225 SL to 60926.06371
[2026-05-06 09:52:27,110] INFO:  >> [SAFE_HANDOVER] Syncing JP225 SL to 60929.96371
[2026-05-06 09:52:27,110] INFO:  >> [SAFE_HANDOVER] Syncing JP225 SL to 60929.86371
[2026-05-06 09:52:27,110] INFO:  >> [SAFE_HANDOVER] Syncing JP225 SL to 60932.56371
[2026-05-06 09:52:27,110] INFO:  >> [SAFE_HANDOVER] Syncing JP225 SL to 60930.86371
[2026-05-06 09:52:27,111] INFO:  >> [SAFE_HANDOVER] Syncing JP225 SL to 60930.86371
[2026-05-06 09:52:27,111] INFO:  >> [SAFE_HANDOVER] Syncing JP225 SL to 60928.56371
[2026-05-06 09:52:27,111] INFO:  >> [SAFE_HANDOVER] Syncing JP225 SL to 60926.16371
[2026-05-06 09:52:27,111] INFO:  >> [SAFE_HANDOVER] Syncing JP225 SL to 60927.96371
[2026-05-06 09:52:27,111] INFO:  >> [SAFE_HANDOVER] Syncing JP225 SL to 60940.06371
[2026-05-06 09:52:27,112] INFO:  >> [SAFE_HANDOVER] Syncing JP225 SL to 60947.56371
[2026-05-06 09:52:27,112] INFO:  >> [SAFE_HANDOVER] Syncing JP225 SL to 60945.06371
[2026-05-06 09:52:27,213] INFO: SCANNING: JP225 | PRICE: 61076.10 | BIAS: BULLISH | ER: 0.39 | VEL: 2.26
[2026-05-06 09:52:27,213] INFO:  >> [GUARD] JP225 position already active. Skipping.
[2026-05-06 09:52:27,216] INFO:  >> [HARVESTER] OMEGA is dominating. Scaling in reinforcements...
[2026-05-06 09:52:37,463] INFO:  >> [SAFE_HANDOVER] Syncing DE30 SL to 24231.93171
[2026-05-06 09:52:37,531] INFO:  >> [SAFE_HANDOVER] Syncing JP225 SL to 60947.56371
[2026-05-06 09:52:37,629] INFO: SCANNING: JP225 | PRICE: 61078.60 | BIAS: BULLISH | ER: 0.39 | VEL: 2.22
[2026-05-06 09:52:37,630] INFO:  >> [GUARD] JP225 position already active. Skipping.
[2026-05-06 09:52:37,632] INFO:  >> [HARVESTER] OMEGA is dominating. Scaling in reinforcements...
[2026-05-06 09:52:47,880] INFO:  >> [SAFE_HANDOVER] Syncing DE30 SL to 24231.93171
[2026-05-06 09:52:47,886] INFO:  >> [SAFE_HANDOVER] Syncing JP225 SL to 60950.06371
[2026-05-06 09:52:47,981] INFO: SCANNING: JP225 | PRICE: 61083.40 | BIAS: BULLISH | ER: 0.39 | VEL: 2.16
[2026-05-06 09:52:47,981] INFO:  >> [GUARD] JP225 position already active. Skipping.
[2026-05-06 09:52:47,985] INFO:  >> [HARVESTER] OMEGA is dominating. Scaling in reinforcements...
[2026-05-06 09:52:58,231] INFO:  >> [SAFE_HANDOVER] Syncing DE30 SL to 24231.93171
[2026-05-06 09:52:58,413] INFO: SCANNING: JP225 | PRICE: 61064.60 | BIAS: BULLISH | ER: 0.39 | VEL: 2.34
[2026-05-06 09:52:58,414] INFO:  >> [GUARD] JP225 position already active. Skipping.
[2026-05-06 09:52:58,417] INFO:  >> [HARVESTER] OMEGA is dominating. Scaling in reinforcements...
[2026-05-06 09:53:08,669] INFO:  >> [SAFE_HANDOVER] Syncing DE30 SL to 24231.90686
[2026-05-06 09:53:08,676] INFO:  >> [SAFE_HANDOVER] Syncing JP225 SL to 60936.06371
[2026-05-06 09:53:08,775] INFO: SCANNING: JP225 | PRICE: 61059.80 | BIAS: BULLISH | ER: 0.39 | VEL: 2.39
[2026-05-06 09:53:08,776] INFO:  >> [GUARD] JP225 position already active. Skipping.
[2026-05-06 09:53:08,779] INFO:  >> [HARVESTER] OMEGA is dominating. Scaling in reinforcements...
[2026-05-06 09:53:19,030] INFO:  >> [SAFE_HANDOVER] Syncing DE30 SL to 24231.90686
[2026-05-06 09:53:19,040] INFO:  >> [SAFE_HANDOVER] Syncing JP225 SL to 60931.26371
[2026-05-06 09:53:19,171] INFO: SCANNING: JP225 | PRICE: 61066.40 | BIAS: BULLISH | ER: 0.39 | VEL: 2.32
[2026-05-06 09:53:19,171] INFO:  >> [GUARD] JP225 position already active. Skipping.
[2026-05-06 09:53:19,190] INFO:  >> [HARVESTER] OMEGA is dominating. Scaling in reinforcements...
[2026-05-06 09:53:29,455] INFO:  >> [SAFE_HANDOVER] Syncing DE30 SL to 24231.90271
[2026-05-06 09:53:29,564] INFO: SCANNING: JP225 | PRICE: 61067.00 | BIAS: BULLISH | ER: 0.39 | VEL: 2.32
[2026-05-06 09:53:29,566] INFO:  >> [GUARD] JP225 position already active. Skipping.
[2026-05-06 09:53:29,576] INFO:  >> [HARVESTER] OMEGA is dominating. Scaling in reinforcements...
[2026-05-06 09:53:39,857] INFO:  >> [SAFE_HANDOVER] Syncing JP225 SL to 60938.46371
[2026-05-06 09:53:39,985] INFO: SCANNING: JP225 | PRICE: 61066.50 | BIAS: BULLISH | ER: 0.39 | VEL: 2.32
[2026-05-06 09:53:39,985] INFO:  >> [GUARD] JP225 position already active. Skipping.
[2026-05-06 09:53:40,026] INFO:  >> [HARVESTER] OMEGA is dominating. Scaling in reinforcements...
[2026-05-06 09:53:50,315] INFO:  >> [SAFE_HANDOVER] Syncing JP225 SL to 60937.96371
[2026-05-06 09:53:50,413] INFO: SCANNING: JP225 | PRICE: 61064.30 | BIAS: BULLISH | ER: 0.39 | VEL: 2.34
[2026-05-06 09:53:50,413] INFO:  >> [GUARD] JP225 position already active. Skipping.
[2026-05-06 09:53:50,455] INFO:  >> [HARVESTER] OMEGA is dominating. Scaling in reinforcements...
[2026-05-06 09:54:00,803] INFO: SCANNING: JP225 | PRICE: 61060.80 | BIAS: BULLISH | ER: 0.39 | VEL: 2.38
[2026-05-06 09:54:00,803] INFO:  >> [GUARD] JP225 position already active. Skipping.
[2026-05-06 09:54:00,806] INFO:  >> [HARVESTER] OMEGA is dominating. Scaling in reinforcements...
[2026-05-06 09:54:11,126] INFO:  >> [SAFE_HANDOVER] Syncing JP225 SL to 60932.26371
[2026-05-06 09:54:11,225] INFO: SCANNING: JP225 | PRICE: 61057.00 | BIAS: BULLISH | ER: 0.39 | VEL: 2.41
[2026-05-06 09:54:11,225] INFO:  >> [GUARD] JP225 position already active. Skipping.
[2026-05-06 09:54:11,229] INFO:  >> [HARVESTER] OMEGA is dominating. Scaling in reinforcements...
[2026-05-06 09:54:21,474] INFO:  >> [SAFE_HANDOVER] Syncing JP225 SL to 60928.46371
[2026-05-06 09:54:21,571] INFO: SCANNING: JP225 | PRICE: 61056.50 | BIAS: BULLISH | ER: 0.39 | VEL: 2.42
[2026-05-06 09:54:21,572] INFO:  >> [GUARD] JP225 position already active. Skipping.
[2026-05-06 09:54:21,582] INFO:  >> [HARVESTER] OMEGA is dominating. Scaling in reinforcements...
[2026-05-06 09:54:31,928] INFO: SCANNING: JP225 | PRICE: 61057.00 | BIAS: BULLISH | ER: 0.39 | VEL: 2.41
[2026-05-06 09:54:31,929] INFO:  >> [GUARD] JP225 position already active. Skipping.
[2026-05-06 09:54:31,933] INFO:  >> [HARVESTER] OMEGA is dominating. Scaling in reinforcements...
[2026-05-06 09:54:42,184] INFO:  >> [SAFE_HANDOVER] Syncing JP225 SL to 60928.46371
[2026-05-06 09:54:42,279] INFO: SCANNING: JP225 | PRICE: 61058.30 | BIAS: BULLISH | ER: 0.39 | VEL: 2.4
[2026-05-06 09:54:42,279] INFO:  >> [GUARD] JP225 position already active. Skipping.
[2026-05-06 09:54:42,283] INFO:  >> [HARVESTER] OMEGA is dominating. Scaling in reinforcements...
[2026-05-06 09:54:52,532] INFO:  >> [SAFE_HANDOVER] Syncing JP225 SL to 60929.76371
[2026-05-06 09:54:52,643] INFO: SCANNING: JP225 | PRICE: 61054.80 | BIAS: BULLISH | ER: 0.39 | VEL: 2.44
[2026-05-06 09:54:52,644] INFO:  >> [GUARD] JP225 position already active. Skipping.
[2026-05-06 09:54:52,662] INFO:  >> [HARVESTER] OMEGA is dominating. Scaling in reinforcements...
[2026-05-06 09:55:03,022] INFO: SCANNING: JP225 | PRICE: 61061.50 | BIAS: BULLISH | ER: 0.39 | VEL: 2.37
[2026-05-06 09:55:03,022] INFO:  >> [GUARD] JP225 position already active. Skipping.
[2026-05-06 09:55:03,025] INFO:  >> [HARVESTER] OMEGA is dominating. Scaling in reinforcements...
[2026-05-06 09:55:13,289] INFO:  >> [SAFE_HANDOVER] Syncing JP225 SL to 60932.96371
[2026-05-06 09:55:13,384] INFO: SCANNING: JP225 | PRICE: 61064.00 | BIAS: BULLISH | ER: 0.39 | VEL: 2.35
[2026-05-06 09:55:13,385] INFO:  >> [GUARD] JP225 position already active. Skipping.
[2026-05-06 09:55:13,389] INFO:  >> [HARVESTER] OMEGA is dominating. Scaling in reinforcements...
[2026-05-06 09:55:23,639] INFO:  >> [SAFE_HANDOVER] Syncing JP225 SL to 60935.46371
[2026-05-06 09:55:23,742] INFO: SCANNING: JP225 | PRICE: 61064.00 | BIAS: BULLISH | ER: 0.39 | VEL: 2.35
[2026-05-06 09:55:23,742] INFO:  >> [GUARD] JP225 position already active. Skipping.
[2026-05-06 09:55:23,776] INFO:  >> [HARVESTER] OMEGA is dominating. Scaling in reinforcements...
[2026-05-06 09:55:34,127] INFO: SCANNING: JP225 | PRICE: 61059.10 | BIAS: BULLISH | ER: 0.39 | VEL: 2.39
[2026-05-06 09:55:34,127] INFO:  >> [GUARD] JP225 position already active. Skipping.
[2026-05-06 09:55:34,132] INFO:  >> [HARVESTER] OMEGA is dominating. Scaling in reinforcements...
[2026-05-06 09:55:44,381] INFO:  >> [SAFE_HANDOVER] Syncing JP225 SL to 60930.56371
[2026-05-06 09:55:44,477] INFO: SCANNING: JP225 | PRICE: 61061.10 | BIAS: BULLISH | ER: 0.39 | VEL: 2.38
[2026-05-06 09:55:44,477] INFO:  >> [GUARD] JP225 position already active. Skipping.
[2026-05-06 09:55:44,480] INFO:  >> [HARVESTER] OMEGA is dominating. Scaling in reinforcements...
[2026-05-06 09:55:54,743] INFO:  >> [SAFE_HANDOVER] Syncing JP225 SL to 60932.56371
[2026-05-06 09:55:54,839] INFO: SCANNING: JP225 | PRICE: 61059.20 | BIAS: BULLISH | ER: 0.39 | VEL: 2.39
[2026-05-06 09:55:54,839] INFO:  >> [GUARD] JP225 position already active. Skipping.
[2026-05-06 09:55:54,844] INFO:  >> [HARVESTER] OMEGA is dominating. Scaling in reinforcements...
[2026-05-06 09:56:05,204] INFO:  >> [SAFE_HANDOVER] Syncing JP225 SL to 60930.66371
[2026-05-06 09:56:05,302] INFO: SCANNING: JP225 | PRICE: 61059.10 | BIAS: BULLISH | ER: 0.39 | VEL: 2.39
[2026-05-06 09:56:05,302] INFO:  >> [GUARD] JP225 position already active. Skipping.
[2026-05-06 09:56:05,306] INFO:  >> [HARVESTER] OMEGA is dominating. Scaling in reinforcements...
[2026-05-06 09:56:15,553] INFO:  >> [SAFE_HANDOVER] Syncing JP225 SL to 60930.56371
[2026-05-06 09:56:15,650] INFO: SCANNING: JP225 | PRICE: 61059.10 | BIAS: BULLISH | ER: 0.39 | VEL: 2.39
[2026-05-06 09:56:15,650] INFO:  >> [GUARD] JP225 position already active. Skipping.
[2026-05-06 09:56:15,654] INFO:  >> [HARVESTER] OMEGA is dominating. Scaling in reinforcements...
[2026-05-06 09:56:25,999] INFO: SCANNING: JP225 | PRICE: 61054.90 | BIAS: BULLISH | ER: 0.39 | VEL: 2.44
[2026-05-06 09:56:26,000] INFO:  >> [GUARD] JP225 position already active. Skipping.
[2026-05-06 09:56:26,003] INFO:  >> [HARVESTER] OMEGA is dominating. Scaling in reinforcements...
[2026-05-06 09:56:36,258] INFO:  >> [SAFE_HANDOVER] Syncing JP225 SL to 60926.36371
[2026-05-06 09:56:36,356] INFO: SCANNING: JP225 | PRICE: 61058.20 | BIAS: BULLISH | ER: 0.39 | VEL: 2.4
[2026-05-06 09:56:36,356] INFO:  >> [GUARD] JP225 position already active. Skipping.
[2026-05-06 09:56:36,361] INFO:  >> [HARVESTER] OMEGA is dominating. Scaling in reinforcements...
[2026-05-06 09:56:46,617] INFO:  >> [SAFE_HANDOVER] Syncing JP225 SL to 60929.66371
[2026-05-06 09:56:46,714] INFO: SCANNING: JP225 | PRICE: 61058.40 | BIAS: BULLISH | ER: 0.39 | VEL: 2.4
[2026-05-06 09:56:46,714] INFO:  >> [GUARD] JP225 position already active. Skipping.
[2026-05-06 09:56:46,718] INFO:  >> [HARVESTER] OMEGA is dominating. Scaling in reinforcements...
[2026-05-06 09:56:57,076] INFO: SCANNING: JP225 | PRICE: 61064.30 | BIAS: BULLISH | ER: 0.39 | VEL: 2.34
[2026-05-06 09:56:57,076] INFO:  >> [GUARD] JP225 position already active. Skipping.
[2026-05-06 09:56:57,082] INFO:  >> [HARVESTER] OMEGA is dominating. Scaling in reinforcements...
[2026-05-06 09:57:07,456] INFO:  >> [SAFE_HANDOVER] Syncing JP225 SL to 60935.76371
[2026-05-06 09:57:07,556] INFO: SCANNING: JP225 | PRICE: 61064.40 | BIAS: BULLISH | ER: 0.39 | VEL: 2.34
[2026-05-06 09:57:07,557] INFO:  >> [GUARD] JP225 position already active. Skipping.
[2026-05-06 09:57:07,561] INFO:  >> [HARVESTER] OMEGA is dominating. Scaling in reinforcements...
[2026-05-06 09:57:17,806] INFO:  >> [SAFE_HANDOVER] Syncing JP225 SL to 60935.86371
[2026-05-06 09:57:17,902] INFO: SCANNING: JP225 | PRICE: 61061.20 | BIAS: BULLISH | ER: 0.39 | VEL: 2.37
[2026-05-06 09:57:17,903] INFO:  >> [GUARD] JP225 position already active. Skipping.
[2026-05-06 09:57:17,907] INFO:  >> [HARVESTER] OMEGA is dominating. Scaling in reinforcements...
[2026-05-06 09:57:28,263] INFO: SCANNING: JP225 | PRICE: 61063.50 | BIAS: BULLISH | ER: 0.39 | VEL: 2.35
[2026-05-06 09:57:28,263] INFO:  >> [GUARD] JP225 position already active. Skipping.
[2026-05-06 09:57:28,267] INFO:  >> [HARVESTER] OMEGA is dominating. Scaling in reinforcements...
[2026-05-06 09:57:38,519] INFO:  >> [SAFE_HANDOVER] Syncing JP225 SL to 60934.96371
[2026-05-06 09:57:38,615] INFO: SCANNING: JP225 | PRICE: 61064.60 | BIAS: BULLISH | ER: 0.39 | VEL: 2.34
[2026-05-06 09:57:38,615] INFO:  >> [GUARD] JP225 position already active. Skipping.
[2026-05-06 09:57:38,619] INFO:  >> [HARVESTER] OMEGA is dominating. Scaling in reinforcements...
[2026-05-06 09:57:49,038] INFO:  >> [SAFE_HANDOVER] Syncing JP225 SL to 60936.06371
[2026-05-06 09:57:49,136] INFO: SCANNING: JP225 | PRICE: 61061.10 | BIAS: BULLISH | ER: 0.39 | VEL: 2.38
[2026-05-06 09:57:49,138] INFO:  >> [GUARD] JP225 position already active. Skipping.
[2026-05-06 09:57:49,141] INFO:  >> [HARVESTER] OMEGA is dominating. Scaling in reinforcements...
[2026-05-06 09:57:59,487] INFO: SCANNING: JP225 | PRICE: 61058.60 | BIAS: BULLISH | ER: 0.39 | VEL: 2.4
[2026-05-06 09:57:59,487] INFO:  >> [GUARD] JP225 position already active. Skipping.
[2026-05-06 09:57:59,492] INFO:  >> [HARVESTER] OMEGA is dominating. Scaling in reinforcements...
[2026-05-06 09:58:09,831] INFO: SCANNING: JP225 | PRICE: 61053.50 | BIAS: BULLISH | ER: 0.39 | VEL: 2.45
[2026-05-06 09:58:09,831] INFO:  >> [GUARD] JP225 position already active. Skipping.
[2026-05-06 09:58:09,835] INFO:  >> [HARVESTER] OMEGA is dominating. Scaling in reinforcements...
[2026-05-06 09:58:20,205] INFO: SCANNING: JP225 | PRICE: 61057.00 | BIAS: BULLISH | ER: 0.39 | VEL: 2.41
[2026-05-06 09:58:20,206] INFO:  >> [GUARD] JP225 position already active. Skipping.
[2026-05-06 09:58:20,212] INFO:  >> [HARVESTER] OMEGA is dominating. Scaling in reinforcements...
[2026-05-06 09:58:30,556] INFO: SCANNING: JP225 | PRICE: 61057.00 | BIAS: BULLISH | ER: 0.39 | VEL: 2.41
[2026-05-06 09:58:30,557] INFO:  >> [GUARD] JP225 position already active. Skipping.
[2026-05-06 09:58:30,563] INFO:  >> [HARVESTER] OMEGA is dominating. Scaling in reinforcements...
[2026-05-06 09:58:40,908] INFO: SCANNING: JP225 | PRICE: 61056.50 | BIAS: BULLISH | ER: 0.39 | VEL: 2.42
[2026-05-06 09:58:40,910] INFO:  >> [GUARD] JP225 position already active. Skipping.
[2026-05-06 09:58:40,913] INFO:  >> [HARVESTER] OMEGA is dominating. Scaling in reinforcements...
[2026-05-06 09:58:51,262] INFO: SCANNING: JP225 | PRICE: 61063.50 | BIAS: BULLISH | ER: 0.39 | VEL: 2.35
[2026-05-06 09:58:51,262] INFO:  >> [GUARD] JP225 position already active. Skipping.
[2026-05-06 09:58:51,266] INFO:  >> [HARVESTER] OMEGA is dominating. Scaling in reinforcements...
[2026-05-06 09:59:01,611] INFO: SCANNING: JP225 | PRICE: 61059.20 | BIAS: BULLISH | ER: 0.39 | VEL: 2.39
[2026-05-06 09:59:01,612] INFO:  >> [GUARD] JP225 position already active. Skipping.
[2026-05-06 09:59:01,671] INFO:  >> [HARVESTER] OMEGA is dominating. Scaling in reinforcements...
[2026-05-06 09:59:12,029] INFO: SCANNING: JP225 | PRICE: 61061.10 | BIAS: BULLISH | ER: 0.39 | VEL: 2.38
[2026-05-06 09:59:12,029] INFO:  >> [GUARD] JP225 position already active. Skipping.
[2026-05-06 09:59:12,077] INFO:  >> [HARVESTER] OMEGA is dominating. Scaling in reinforcements...
[2026-05-06 09:59:22,468] INFO: SCANNING: JP225 | PRICE: 61056.70 | BIAS: BULLISH | ER: 0.39 | VEL: 2.42
[2026-05-06 09:59:22,468] INFO:  >> [GUARD] JP225 position already active. Skipping.
[2026-05-06 09:59:22,476] INFO:  >> [HARVESTER] OMEGA is dominating. Scaling in reinforcements...
[2026-05-06 09:59:32,854] INFO: SCANNING: JP225 | PRICE: 61061.10 | BIAS: BULLISH | ER: 0.39 | VEL: 2.38
[2026-05-06 09:59:32,854] INFO:  >> [GUARD] JP225 position already active. Skipping.
[2026-05-06 09:59:32,898] INFO:  >> [HARVESTER] OMEGA is dominating. Scaling in reinforcements...
[2026-05-06 09:59:43,301] INFO: SCANNING: JP225 | PRICE: 61049.60 | BIAS: BULLISH | ER: 0.39 | VEL: 2.49
[2026-05-06 09:59:43,301] INFO:  >> [GUARD] JP225 position already active. Skipping.
[2026-05-06 09:59:43,341] INFO:  >> [HARVESTER] OMEGA is dominating. Scaling in reinforcements...
[2026-05-06 09:59:53,704] INFO: SCANNING: JP225 | PRICE: 61037.00 | BIAS: BULLISH | ER: 0.39 | VEL: 2.61
[2026-05-06 09:59:53,706] INFO:  >> [GUARD] JP225 position already active. Skipping.
[2026-05-06 09:59:53,762] INFO:  >> [HARVESTER] OMEGA is dominating. Scaling in reinforcements...
[2026-05-06 10:00:04,140] INFO:  >> [SAFE_HANDOVER] Syncing JP225 SL to 60882.80814
[2026-05-06 10:00:04,169] INFO:  >> [SAFE_HANDOVER] Syncing JP225 SL to 60878.90814
[2026-05-06 10:00:04,198] INFO:  >> [SAFE_HANDOVER] Syncing JP225 SL to 60884.40814
[2026-05-06 10:00:04,227] INFO:  >> [SAFE_HANDOVER] Syncing JP225 SL to 60886.90814
[2026-05-06 10:00:04,257] INFO:  >> [SAFE_HANDOVER] Syncing JP225 SL to 60881.90814
[2026-05-06 10:00:04,285] INFO:  >> [SAFE_HANDOVER] Syncing JP225 SL to 60882.00814
[2026-05-06 10:00:04,314] INFO:  >> [SAFE_HANDOVER] Syncing JP225 SL to 60885.10814
[2026-05-06 10:00:04,350] INFO:  >> [SAFE_HANDOVER] Syncing JP225 SL to 60899.30814
[2026-05-06 10:00:04,383] INFO:  >> [SAFE_HANDOVER] Syncing JP225 SL to 60901.90814
[2026-05-06 10:00:04,411] INFO:  >> [SAFE_HANDOVER] Syncing JP225 SL to 60908.60814
[2026-05-06 10:00:04,438] INFO:  >> [SAFE_HANDOVER] Syncing JP225 SL to 60911.50814
[2026-05-06 10:00:04,474] INFO:  >> [SAFE_HANDOVER] Syncing JP225 SL to 60908.90814
[2026-05-06 10:00:04,502] INFO:  >> [SAFE_HANDOVER] Syncing JP225 SL to 60913.60814
[2026-05-06 10:00:04,532] INFO:  >> [SAFE_HANDOVER] Syncing JP225 SL to 60914.40814
[2026-05-06 10:00:04,560] INFO:  >> [SAFE_HANDOVER] Syncing JP225 SL to 60922.10814
[2026-05-06 10:00:04,589] INFO:  >> [SAFE_HANDOVER] Syncing JP225 SL to 60928.80814
[2026-05-06 10:00:04,617] INFO:  >> [SAFE_HANDOVER] Syncing JP225 SL to 60928.70814
[2026-05-06 10:00:04,617] INFO:  >> [SAFE_HANDOVER] Syncing JP225 SL to 60922.40814
[2026-05-06 10:00:04,645] INFO:  >> [SAFE_HANDOVER] Syncing JP225 SL to 60920.00814
[2026-05-06 10:00:04,673] INFO:  >> [SAFE_HANDOVER] Syncing JP225 SL to 60936.50814
[2026-05-06 10:00:04,703] INFO:  >> [SAFE_HANDOVER] Syncing JP225 SL to 60942.00814
[2026-05-06 10:00:04,731] INFO:  >> [SAFE_HANDOVER] Syncing JP225 SL to 60941.50814
[2026-05-06 10:00:04,759] INFO:  >> [SAFE_HANDOVER] Syncing JP225 SL to 60944.60814
[2026-05-06 10:00:04,787] INFO:  >> [SAFE_HANDOVER] Syncing JP225 SL to 60946.90814
[2026-05-06 10:00:04,816] INFO:  >> [SAFE_HANDOVER] Syncing JP225 SL to 60936.50814
[2026-05-06 10:00:04,844] INFO:  >> [SAFE_HANDOVER] Syncing JP225 SL to 60932.40814
[2026-05-06 10:00:04,873] INFO:  >> [SAFE_HANDOVER] Syncing JP225 SL to 60933.90814
[2026-05-06 10:00:04,901] INFO:  >> [SAFE_HANDOVER] Syncing JP225 SL to 60933.90814
[2026-05-06 10:00:04,930] INFO:  >> [SAFE_HANDOVER] Syncing JP225 SL to 60924.50814
[2026-05-06 10:00:04,958] INFO:  >> [SAFE_HANDOVER] Syncing JP225 SL to 60931.90814
[2026-05-06 10:00:04,989] INFO:  >> [SAFE_HANDOVER] Syncing JP225 SL to 60934.80814
[2026-05-06 10:00:05,018] INFO:  >> [SAFE_HANDOVER] Syncing JP225 SL to 60929.90814
[2026-05-06 10:00:05,045] INFO:  >> [SAFE_HANDOVER] Syncing JP225 SL to 60926.30814
[2026-05-06 10:00:05,075] INFO:  >> [SAFE_HANDOVER] Syncing JP225 SL to 60929.00814
[2026-05-06 10:00:05,103] INFO:  >> [SAFE_HANDOVER] Syncing JP225 SL to 60922.40814
[2026-05-06 10:00:05,104] INFO:  >> [SAFE_HANDOVER] Syncing JP225 SL to 60928.80814
[2026-05-06 10:00:05,132] INFO:  >> [SAFE_HANDOVER] Syncing JP225 SL to 60931.80814
[2026-05-06 10:00:05,161] INFO:  >> [SAFE_HANDOVER] Syncing JP225 SL to 60928.80814
[2026-05-06 10:00:05,194] INFO:  >> [SAFE_HANDOVER] Syncing JP225 SL to 60937.60814
[2026-05-06 10:00:05,223] INFO:  >> [SAFE_HANDOVER] Syncing JP225 SL to 60940.10814
[2026-05-06 10:00:05,251] INFO:  >> [SAFE_HANDOVER] Syncing JP225 SL to 60944.40814
[2026-05-06 10:00:05,279] INFO:  >> [SAFE_HANDOVER] Syncing JP225 SL to 60944.40814
[2026-05-06 10:00:05,308] INFO:  >> [SAFE_HANDOVER] Syncing JP225 SL to 60944.40814
[2026-05-06 10:00:05,338] INFO:  >> [SAFE_HANDOVER] Syncing JP225 SL to 60937.40814
[2026-05-06 10:00:05,366] INFO:  >> [SAFE_HANDOVER] Syncing JP225 SL to 60935.00814
[2026-05-06 10:00:05,394] INFO:  >> [SAFE_HANDOVER] Syncing JP225 SL to 60938.90814
[2026-05-06 10:00:05,421] INFO:  >> [SAFE_HANDOVER] Syncing JP225 SL to 60938.80814
[2026-05-06 10:00:05,450] INFO:  >> [SAFE_HANDOVER] Syncing JP225 SL to 60941.50814
[2026-05-06 10:00:05,485] INFO:  >> [SAFE_HANDOVER] Syncing JP225 SL to 60939.80814
[2026-05-06 10:00:05,513] INFO:  >> [SAFE_HANDOVER] Syncing JP225 SL to 60939.80814
[2026-05-06 10:00:05,542] INFO:  >> [SAFE_HANDOVER] Syncing JP225 SL to 60937.50814
[2026-05-06 10:00:05,571] INFO:  >> [SAFE_HANDOVER] Syncing JP225 SL to 60935.10814
[2026-05-06 10:00:05,618] INFO:  >> [SAFE_HANDOVER] Syncing JP225 SL to 60936.90814
[2026-05-06 10:00:05,647] INFO:  >> [SAFE_HANDOVER] Syncing JP225 SL to 60949.00814
[2026-05-06 10:00:05,674] INFO:  >> [SAFE_HANDOVER] Syncing JP225 SL to 60956.50814
[2026-05-06 10:00:05,703] INFO:  >> [SAFE_HANDOVER] Syncing JP225 SL to 60954.00814
[2026-05-06 10:00:05,731] INFO:  >> [SAFE_HANDOVER] Syncing JP225 SL to 60956.50814
[2026-05-06 10:00:05,760] INFO:  >> [SAFE_HANDOVER] Syncing JP225 SL to 60959.00814
[2026-05-06 10:00:05,790] INFO:  >> [SAFE_HANDOVER] Syncing JP225 SL to 60963.80814
[2026-05-06 10:00:05,818] INFO:  >> [SAFE_HANDOVER] Syncing JP225 SL to 60945.00814
[2026-05-06 10:00:05,845] INFO:  >> [SAFE_HANDOVER] Syncing JP225 SL to 60940.20814
[2026-05-06 10:00:05,874] INFO:  >> [SAFE_HANDOVER] Syncing JP225 SL to 60946.80814
[2026-05-06 10:00:05,902] INFO:  >> [SAFE_HANDOVER] Syncing JP225 SL to 60947.40814
[2026-05-06 10:00:05,930] INFO:  >> [SAFE_HANDOVER] Syncing JP225 SL to 60946.90814
[2026-05-06 10:00:05,957] INFO:  >> [SAFE_HANDOVER] Syncing JP225 SL to 60944.70814
[2026-05-06 10:00:05,986] INFO:  >> [SAFE_HANDOVER] Syncing JP225 SL to 60941.20814
[2026-05-06 10:00:06,015] INFO:  >> [SAFE_HANDOVER] Syncing JP225 SL to 60937.40814
[2026-05-06 10:00:06,044] INFO:  >> [SAFE_HANDOVER] Syncing JP225 SL to 60936.90814
[2026-05-06 10:00:06,072] INFO:  >> [SAFE_HANDOVER] Syncing JP225 SL to 60937.40814
[2026-05-06 10:00:06,100] INFO:  >> [SAFE_HANDOVER] Syncing JP225 SL to 60938.70814
[2026-05-06 10:00:06,129] INFO:  >> [SAFE_HANDOVER] Syncing JP225 SL to 60935.20814
[2026-05-06 10:00:06,159] INFO:  >> [SAFE_HANDOVER] Syncing JP225 SL to 60941.90814
[2026-05-06 10:00:06,187] INFO:  >> [SAFE_HANDOVER] Syncing JP225 SL to 60944.40814
[2026-05-06 10:00:06,221] INFO:  >> [SAFE_HANDOVER] Syncing JP225 SL to 60944.40814
[2026-05-06 10:00:06,250] INFO:  >> [SAFE_HANDOVER] Syncing JP225 SL to 60939.50814
[2026-05-06 10:00:06,278] INFO:  >> [SAFE_HANDOVER] Syncing JP225 SL to 60941.50814
[2026-05-06 10:00:06,306] INFO:  >> [SAFE_HANDOVER] Syncing JP225 SL to 60939.60814
[2026-05-06 10:00:06,337] INFO:  >> [SAFE_HANDOVER] Syncing JP225 SL to 60939.50814
[2026-05-06 10:00:06,373] INFO:  >> [SAFE_HANDOVER] Syncing JP225 SL to 60939.50814
[2026-05-06 10:00:06,402] INFO:  >> [SAFE_HANDOVER] Syncing JP225 SL to 60935.30814
[2026-05-06 10:00:06,432] INFO:  >> [SAFE_HANDOVER] Syncing JP225 SL to 60938.60814
[2026-05-06 10:00:06,461] INFO:  >> [SAFE_HANDOVER] Syncing JP225 SL to 60938.80814
[2026-05-06 10:00:06,489] INFO:  >> [SAFE_HANDOVER] Syncing JP225 SL to 60944.70814
[2026-05-06 10:00:06,522] INFO:  >> [SAFE_HANDOVER] Syncing JP225 SL to 60944.80814
[2026-05-06 10:00:06,551] INFO:  >> [SAFE_HANDOVER] Syncing JP225 SL to 60941.60814
[2026-05-06 10:00:06,578] INFO:  >> [SAFE_HANDOVER] Syncing JP225 SL to 60943.90814
[2026-05-06 10:00:06,607] INFO:  >> [SAFE_HANDOVER] Syncing JP225 SL to 60945.00814
[2026-05-06 10:00:06,635] INFO:  >> [SAFE_HANDOVER] Syncing JP225 SL to 60941.50814
[2026-05-06 10:00:06,664] INFO:  >> [SAFE_HANDOVER] Syncing JP225 SL to 60939.00814
[2026-05-06 10:00:06,695] INFO:  >> [SAFE_HANDOVER] Syncing JP225 SL to 60933.90814
[2026-05-06 10:00:06,695] INFO:  >> [SAFE_HANDOVER] Syncing JP225 SL to 60937.40814
[2026-05-06 10:00:06,695] INFO:  >> [SAFE_HANDOVER] Syncing JP225 SL to 60937.40814
[2026-05-06 10:00:06,695] INFO:  >> [SAFE_HANDOVER] Syncing JP225 SL to 60936.90814
[2026-05-06 10:00:06,697] INFO:  >> [SAFE_HANDOVER] Syncing JP225 SL to 60943.90814
[2026-05-06 10:00:06,697] INFO:  >> [SAFE_HANDOVER] Syncing JP225 SL to 60939.60814
[2026-05-06 10:00:06,697] INFO:  >> [SAFE_HANDOVER] Syncing JP225 SL to 60941.50814
[2026-05-06 10:00:06,697] INFO:  >> [SAFE_HANDOVER] Syncing JP225 SL to 60937.10814
[2026-05-06 10:00:06,697] INFO:  >> [SAFE_HANDOVER] Syncing JP225 SL to 60941.50814
[2026-05-06 10:00:06,698] INFO:  >> [SAFE_HANDOVER] Syncing JP225 SL to 60930.00814
[2026-05-06 10:00:06,698] INFO:  >> [SAFE_HANDOVER] Syncing JP225 SL to 60917.40814
[2026-05-06 10:00:06,797] INFO: SCANNING: JP225 | PRICE: 61045.90 | BIAS: BULLISH | ER: 0.35 | VEL: 1.63
[2026-05-06 10:00:06,798] INFO:  >> [GUARD] JP225 position already active. Skipping.
[2026-05-06 10:00:06,839] INFO:  >> [HARVESTER] OMEGA is dominating. Scaling in reinforcements...
[2026-05-06 10:00:17,312] INFO:  >> [SAFE_HANDOVER] Syncing JP225 SL to 60924.311
[2026-05-06 10:00:17,439] INFO: SCANNING: JP225 | PRICE: 61058.40 | BIAS: BULLISH | ER: 0.35 | VEL: 1.47
[2026-05-06 10:00:17,439] INFO:  >> [GUARD] JP225 position already active. Skipping.
[2026-05-06 10:00:17,442] INFO:  >> [HARVESTER] OMEGA is dominating. Scaling in reinforcements...
[2026-05-06 10:00:27,765] INFO:  >> [SAFE_HANDOVER] Syncing JP225 SL to 60924.311
[2026-05-06 10:00:27,765] INFO:  >> [SAFE_HANDOVER] Syncing JP225 SL to 60938.311
[2026-05-06 10:00:27,861] INFO: SCANNING: JP225 | PRICE: 61056.40 | BIAS: BULLISH | ER: 0.35 | VEL: 1.49
[2026-05-06 10:00:27,861] INFO:  >> [GUARD] JP225 position already active. Skipping.
[2026-05-06 10:00:27,927] INFO:  >> [HARVESTER] OMEGA is dominating. Scaling in reinforcements...
[2026-05-06 10:00:38,231] INFO:  >> [SAFE_HANDOVER] Syncing JP225 SL to 60924.311
[2026-05-06 10:00:38,231] INFO:  >> [SAFE_HANDOVER] Syncing JP225 SL to 60938.311
[2026-05-06 10:00:38,231] INFO:  >> [SAFE_HANDOVER] Syncing JP225 SL to 60936.311
[2026-05-06 10:00:38,327] INFO: SCANNING: JP225 | PRICE: 61057.00 | BIAS: BULLISH | ER: 0.35 | VEL: 1.48
[2026-05-06 10:00:38,327] INFO:  >> [GUARD] JP225 position already active. Skipping.
[2026-05-06 10:00:38,333] INFO:  >> [HARVESTER] OMEGA is dominating. Scaling in reinforcements...
[2026-05-06 10:00:48,728] INFO: SCANNING: JP225 | PRICE: 61061.10 | BIAS: BULLISH | ER: 0.35 | VEL: 1.43
[2026-05-06 10:00:48,728] INFO:  >> [GUARD] JP225 position already active. Skipping.
[2026-05-06 10:00:48,738] INFO:  >> [HARVESTER] OMEGA is dominating. Scaling in reinforcements...
[2026-05-06 10:00:59,129] INFO: SCANNING: JP225 | PRICE: 61053.80 | BIAS: BULLISH | ER: 0.35 | VEL: 1.51
[2026-05-06 10:00:59,130] INFO:  >> [GUARD] JP225 position already active. Skipping.
[2026-05-06 10:00:59,170] INFO:  >> [HARVESTER] OMEGA is dominating. Scaling in reinforcements...
[2026-05-06 10:01:09,544] INFO: SCANNING: JP225 | PRICE: 61051.10 | BIAS: BULLISH | ER: 0.35 | VEL: 1.53
[2026-05-06 10:01:09,544] INFO:  >> [GUARD] JP225 position already active. Skipping.
[2026-05-06 10:01:09,601] INFO:  >> [HARVESTER] OMEGA is dominating. Scaling in reinforcements...
[2026-05-06 10:01:19,950] INFO: SCANNING: JP225 | PRICE: 61054.60 | BIAS: BULLISH | ER: 0.35 | VEL: 1.5
[2026-05-06 10:01:19,950] INFO:  >> [GUARD] JP225 position already active. Skipping.
[2026-05-06 10:01:20,019] INFO:  >> [HARVESTER] OMEGA is dominating. Scaling in reinforcements...
[2026-05-06 10:01:30,527] INFO: SCANNING: JP225 | PRICE: 61059.00 | BIAS: BULLISH | ER: 0.35 | VEL: 1.45
[2026-05-06 10:01:30,527] INFO:  >> [GUARD] JP225 position already active. Skipping.
[2026-05-06 10:01:30,531] INFO:  >> [HARVESTER] OMEGA is dominating. Scaling in reinforcements...
[2026-05-06 10:01:40,891] INFO: SCANNING: JP225 | PRICE: 61059.90 | BIAS: BULLISH | ER: 0.35 | VEL: 1.44
[2026-05-06 10:01:40,891] INFO:  >> [GUARD] JP225 position already active. Skipping.
[2026-05-06 10:01:40,895] INFO:  >> [HARVESTER] OMEGA is dominating. Scaling in reinforcements...
[2026-05-06 10:01:51,143] INFO:  >> [SAFE_HANDOVER] Syncing JP225 SL to 60939.608
[2026-05-06 10:01:51,238] INFO: SCANNING: JP225 | PRICE: 61062.00 | BIAS: BULLISH | ER: 0.35 | VEL: 1.42
[2026-05-06 10:01:51,238] INFO:  >> [GUARD] JP225 position already active. Skipping.
[2026-05-06 10:01:51,242] INFO:  >> [HARVESTER] OMEGA is dominating. Scaling in reinforcements...
[2026-05-06 10:02:01,507] INFO:  >> [SAFE_HANDOVER] Syncing JP225 SL to 60939.608
[2026-05-06 10:02:01,508] INFO:  >> [SAFE_HANDOVER] Syncing JP225 SL to 60941.708
[2026-05-06 10:02:01,604] INFO: SCANNING: JP225 | PRICE: 61059.50 | BIAS: BULLISH | ER: 0.35 | VEL: 1.44
[2026-05-06 10:02:01,606] INFO:  >> [GUARD] JP225 position already active. Skipping.
[2026-05-06 10:02:01,609] INFO:  >> [HARVESTER] OMEGA is dominating. Scaling in reinforcements...
[2026-05-06 10:02:11,858] INFO:  >> [SAFE_HANDOVER] Syncing JP225 SL to 60939.10443
[2026-05-06 10:02:11,955] INFO: SCANNING: JP225 | PRICE: 61060.20 | BIAS: BULLISH | ER: 0.35 | VEL: 1.43
[2026-05-06 10:02:11,956] INFO:  >> [GUARD] JP225 position already active. Skipping.
[2026-05-06 10:02:12,025] INFO:  >> [HARVESTER] OMEGA is dominating. Scaling in reinforcements...
[2026-05-06 10:02:22,280] INFO:  >> [SAFE_HANDOVER] Syncing JP225 SL to 60939.10443
[2026-05-06 10:02:22,280] INFO:  >> [SAFE_HANDOVER] Syncing JP225 SL to 60939.80443
[2026-05-06 10:02:22,379] INFO: SCANNING: JP225 | PRICE: 61056.90 | BIAS: BULLISH | ER: 0.35 | VEL: 1.46
[2026-05-06 10:02:22,379] INFO:  >> [GUARD] JP225 position already active. Skipping.
[2026-05-06 10:02:22,417] INFO:  >> [HARVESTER] OMEGA is dominating. Scaling in reinforcements...
[2026-05-06 10:02:32,708] INFO:  >> [SAFE_HANDOVER] Syncing DE30 SL to 24247.72586
[2026-05-06 10:02:32,736] INFO:  >> [SAFE_HANDOVER] Syncing XAUUSD SL to 4626.63637
[2026-05-06 10:02:32,794] INFO:  >> [SAFE_HANDOVER] Syncing JP225 SL to 60923.52014
[2026-05-06 10:02:32,822] INFO:  >> [SAFE_HANDOVER] Syncing JP225 SL to 60919.62014
[2026-05-06 10:02:32,851] INFO:  >> [SAFE_HANDOVER] Syncing JP225 SL to 60925.12014
[2026-05-06 10:02:32,878] INFO:  >> [SAFE_HANDOVER] Syncing JP225 SL to 60927.62014
[2026-05-06 10:02:32,906] INFO:  >> [SAFE_HANDOVER] Syncing JP225 SL to 60922.62014
[2026-05-06 10:02:32,935] INFO:  >> [SAFE_HANDOVER] Syncing JP225 SL to 60922.72014
[2026-05-06 10:02:32,963] INFO:  >> [SAFE_HANDOVER] Syncing JP225 SL to 60925.82014
[2026-05-06 10:02:32,990] INFO:  >> [SAFE_HANDOVER] Syncing JP225 SL to 60940.02014
[2026-05-06 10:02:33,020] INFO:  >> [SAFE_HANDOVER] Syncing JP225 SL to 60942.62014
[2026-05-06 10:02:33,050] INFO:  >> [SAFE_HANDOVER] Syncing JP225 SL to 60949.32014
[2026-05-06 10:02:33,078] INFO:  >> [SAFE_HANDOVER] Syncing JP225 SL to 60952.22014
[2026-05-06 10:02:33,116] INFO:  >> [SAFE_HANDOVER] Syncing JP225 SL to 60949.62014
[2026-05-06 10:02:33,144] INFO:  >> [SAFE_HANDOVER] Syncing JP225 SL to 60954.32014
[2026-05-06 10:02:33,172] INFO:  >> [SAFE_HANDOVER] Syncing JP225 SL to 60955.12014
[2026-05-06 10:02:33,201] INFO:  >> [SAFE_HANDOVER] Syncing JP225 SL to 60962.82014
[2026-05-06 10:02:33,237] INFO:  >> [SAFE_HANDOVER] Syncing JP225 SL to 60969.52014
[2026-05-06 10:02:33,265] INFO:  >> [SAFE_HANDOVER] Syncing JP225 SL to 60969.42014
[2026-05-06 10:02:33,293] INFO:  >> [SAFE_HANDOVER] Syncing JP225 SL to 60963.12014
[2026-05-06 10:02:33,321] INFO:  >> [SAFE_HANDOVER] Syncing JP225 SL to 60960.72014
[2026-05-06 10:02:33,349] INFO:  >> [SAFE_HANDOVER] Syncing JP225 SL to 60977.22014
[2026-05-06 10:02:33,377] INFO:  >> [SAFE_HANDOVER] Syncing JP225 SL to 60982.72014
[2026-05-06 10:02:33,404] INFO:  >> [SAFE_HANDOVER] Syncing JP225 SL to 60982.22014
[2026-05-06 10:02:33,434] INFO:  >> [SAFE_HANDOVER] Syncing JP225 SL to 60985.32014
[2026-05-06 10:02:33,463] INFO:  >> [SAFE_HANDOVER] Syncing JP225 SL to 60987.62014
[2026-05-06 10:02:33,491] INFO:  >> [SAFE_HANDOVER] Syncing JP225 SL to 60977.22014
[2026-05-06 10:02:33,530] INFO:  >> [SAFE_HANDOVER] Syncing JP225 SL to 60973.12014
[2026-05-06 10:02:33,562] INFO:  >> [SAFE_HANDOVER] Syncing JP225 SL to 60974.62014
[2026-05-06 10:02:33,589] INFO:  >> [SAFE_HANDOVER] Syncing JP225 SL to 60974.62014
[2026-05-06 10:02:33,617] INFO:  >> [SAFE_HANDOVER] Syncing JP225 SL to 60965.22014
[2026-05-06 10:02:33,647] INFO:  >> [SAFE_HANDOVER] Syncing JP225 SL to 60972.62014
[2026-05-06 10:02:33,675] INFO:  >> [SAFE_HANDOVER] Syncing JP225 SL to 60975.52014
[2026-05-06 10:02:33,703] INFO:  >> [SAFE_HANDOVER] Syncing JP225 SL to 60970.62014
[2026-05-06 10:02:33,730] INFO:  >> [SAFE_HANDOVER] Syncing JP225 SL to 60967.02014
[2026-05-06 10:02:33,758] INFO:  >> [SAFE_HANDOVER] Syncing JP225 SL to 60969.72014
[2026-05-06 10:02:33,787] INFO:  >> [SAFE_HANDOVER] Syncing JP225 SL to 60963.12014
[2026-05-06 10:02:33,816] INFO:  >> [SAFE_HANDOVER] Syncing JP225 SL to 60969.52014
[2026-05-06 10:02:33,843] INFO:  >> [SAFE_HANDOVER] Syncing JP225 SL to 60972.52014
[2026-05-06 10:02:33,871] INFO:  >> [SAFE_HANDOVER] Syncing JP225 SL to 60969.52014
[2026-05-06 10:02:33,902] INFO:  >> [SAFE_HANDOVER] Syncing JP225 SL to 60978.32014
[2026-05-06 10:02:33,929] INFO:  >> [SAFE_HANDOVER] Syncing JP225 SL to 60980.82014
[2026-05-06 10:02:33,958] INFO:  >> [SAFE_HANDOVER] Syncing JP225 SL to 60985.12014
[2026-05-06 10:02:33,987] INFO:  >> [SAFE_HANDOVER] Syncing JP225 SL to 60985.12014
[2026-05-06 10:02:34,018] INFO:  >> [SAFE_HANDOVER] Syncing JP225 SL to 60985.12014
[2026-05-06 10:02:34,045] INFO:  >> [SAFE_HANDOVER] Syncing JP225 SL to 60978.12014
[2026-05-06 10:02:34,074] INFO:  >> [SAFE_HANDOVER] Syncing JP225 SL to 60975.72014
[2026-05-06 10:02:34,104] INFO:  >> [SAFE_HANDOVER] Syncing JP225 SL to 60979.62014
[2026-05-06 10:02:34,132] INFO:  >> [SAFE_HANDOVER] Syncing JP225 SL to 60979.52014
[2026-05-06 10:02:34,160] INFO:  >> [SAFE_HANDOVER] Syncing JP225 SL to 60982.22014
[2026-05-06 10:02:34,189] INFO:  >> [SAFE_HANDOVER] Syncing JP225 SL to 60980.52014
[2026-05-06 10:02:34,217] INFO:  >> [SAFE_HANDOVER] Syncing JP225 SL to 60980.52014
[2026-05-06 10:02:34,250] INFO:  >> [SAFE_HANDOVER] Syncing JP225 SL to 60978.22014
[2026-05-06 10:02:34,278] INFO:  >> [SAFE_HANDOVER] Syncing JP225 SL to 60975.82014
[2026-05-06 10:02:34,306] INFO:  >> [SAFE_HANDOVER] Syncing JP225 SL to 60977.62014
[2026-05-06 10:02:34,335] INFO:  >> [SAFE_HANDOVER] Syncing JP225 SL to 60989.72014
[2026-05-06 10:02:34,364] INFO:  >> [SAFE_HANDOVER] Syncing JP225 SL to 60997.22014
[2026-05-06 10:02:34,393] INFO:  >> [SAFE_HANDOVER] Syncing JP225 SL to 60994.72014
[2026-05-06 10:02:34,421] INFO:  >> [SAFE_HANDOVER] Syncing JP225 SL to 60997.22014
[2026-05-06 10:02:34,454] INFO:  >> [SAFE_HANDOVER] Syncing JP225 SL to 60999.72014
[2026-05-06 10:02:34,485] INFO:  >> [SAFE_HANDOVER] Syncing JP225 SL to 61004.52014
[2026-05-06 10:02:34,513] INFO:  >> [SAFE_HANDOVER] Syncing JP225 SL to 60985.72014
[2026-05-06 10:02:34,541] INFO:  >> [SAFE_HANDOVER] Syncing JP225 SL to 60980.92014
[2026-05-06 10:02:34,571] INFO:  >> [SAFE_HANDOVER] Syncing JP225 SL to 60987.52014
[2026-05-06 10:02:34,599] INFO:  >> [SAFE_HANDOVER] Syncing JP225 SL to 60988.12014
[2026-05-06 10:02:34,627] INFO:  >> [SAFE_HANDOVER] Syncing JP225 SL to 60987.62014
[2026-05-06 10:02:34,654] INFO:  >> [SAFE_HANDOVER] Syncing JP225 SL to 60985.42014
[2026-05-06 10:02:34,683] INFO:  >> [SAFE_HANDOVER] Syncing JP225 SL to 60981.92014
[2026-05-06 10:02:34,711] INFO:  >> [SAFE_HANDOVER] Syncing JP225 SL to 60978.12014
[2026-05-06 10:02:34,738] INFO:  >> [SAFE_HANDOVER] Syncing JP225 SL to 60977.62014
[2026-05-06 10:02:34,767] INFO:  >> [SAFE_HANDOVER] Syncing JP225 SL to 60978.12014
[2026-05-06 10:02:34,795] INFO:  >> [SAFE_HANDOVER] Syncing JP225 SL to 60979.42014
[2026-05-06 10:02:34,823] INFO:  >> [SAFE_HANDOVER] Syncing JP225 SL to 60975.92014
[2026-05-06 10:02:34,853] INFO:  >> [SAFE_HANDOVER] Syncing JP225 SL to 60982.62014
[2026-05-06 10:02:34,883] INFO:  >> [SAFE_HANDOVER] Syncing JP225 SL to 60985.12014
[2026-05-06 10:02:34,911] INFO:  >> [SAFE_HANDOVER] Syncing JP225 SL to 60985.12014
[2026-05-06 10:02:34,938] INFO:  >> [SAFE_HANDOVER] Syncing JP225 SL to 60980.22014
[2026-05-06 10:02:34,967] INFO:  >> [SAFE_HANDOVER] Syncing JP225 SL to 60982.22014
[2026-05-06 10:02:34,999] INFO:  >> [SAFE_HANDOVER] Syncing JP225 SL to 60980.32014
[2026-05-06 10:02:35,027] INFO:  >> [SAFE_HANDOVER] Syncing JP225 SL to 60980.22014
[2026-05-06 10:02:35,055] INFO:  >> [SAFE_HANDOVER] Syncing JP225 SL to 60980.22014
[2026-05-06 10:02:35,083] INFO:  >> [SAFE_HANDOVER] Syncing JP225 SL to 60976.02014
[2026-05-06 10:02:35,111] INFO:  >> [SAFE_HANDOVER] Syncing JP225 SL to 60979.32014
[2026-05-06 10:02:35,139] INFO:  >> [SAFE_HANDOVER] Syncing JP225 SL to 60979.52014
[2026-05-06 10:02:35,167] INFO:  >> [SAFE_HANDOVER] Syncing JP225 SL to 60985.42014
[2026-05-06 10:02:35,195] INFO:  >> [SAFE_HANDOVER] Syncing JP225 SL to 60985.52014
[2026-05-06 10:02:35,226] INFO:  >> [SAFE_HANDOVER] Syncing JP225 SL to 60982.32014
[2026-05-06 10:02:35,267] INFO:  >> [SAFE_HANDOVER] Syncing JP225 SL to 60984.62014
[2026-05-06 10:02:35,296] INFO:  >> [SAFE_HANDOVER] Syncing JP225 SL to 60985.72014
[2026-05-06 10:02:35,328] INFO:  >> [SAFE_HANDOVER] Syncing JP225 SL to 60982.22014
[2026-05-06 10:02:35,356] INFO:  >> [SAFE_HANDOVER] Syncing JP225 SL to 60979.72014
[2026-05-06 10:02:35,357] INFO:  >> [SAFE_HANDOVER] Syncing JP225 SL to 60974.62014
[2026-05-06 10:02:35,384] INFO:  >> [SAFE_HANDOVER] Syncing JP225 SL to 60978.12014
[2026-05-06 10:02:35,415] INFO:  >> [SAFE_HANDOVER] Syncing JP225 SL to 60978.12014
[2026-05-06 10:02:35,443] INFO:  >> [SAFE_HANDOVER] Syncing JP225 SL to 60977.62014
[2026-05-06 10:02:35,472] INFO:  >> [SAFE_HANDOVER] Syncing JP225 SL to 60984.62014
[2026-05-06 10:02:35,500] INFO:  >> [SAFE_HANDOVER] Syncing JP225 SL to 60980.32014
[2026-05-06 10:02:35,529] INFO:  >> [SAFE_HANDOVER] Syncing JP225 SL to 60982.22014
[2026-05-06 10:02:35,556] INFO:  >> [SAFE_HANDOVER] Syncing JP225 SL to 60977.82014
[2026-05-06 10:02:35,585] INFO:  >> [SAFE_HANDOVER] Syncing JP225 SL to 60982.22014
[2026-05-06 10:02:35,616] INFO:  >> [SAFE_HANDOVER] Syncing JP225 SL to 60970.72014
[2026-05-06 10:02:35,644] INFO:  >> [SAFE_HANDOVER] Syncing JP225 SL to 60958.12014
[2026-05-06 10:02:35,684] INFO:  >> [SAFE_HANDOVER] Syncing JP225 SL to 60965.52014
[2026-05-06 10:02:35,719] INFO:  >> [SAFE_HANDOVER] Syncing JP225 SL to 60979.52014
[2026-05-06 10:02:35,719] INFO:  >> [SAFE_HANDOVER] Syncing JP225 SL to 60977.52014
[2026-05-06 10:02:35,720] INFO:  >> [SAFE_HANDOVER] Syncing JP225 SL to 60978.12014
[2026-05-06 10:02:35,720] INFO:  >> [SAFE_HANDOVER] Syncing JP225 SL to 60982.22014
[2026-05-06 10:02:35,720] INFO:  >> [SAFE_HANDOVER] Syncing JP225 SL to 60974.92014
[2026-05-06 10:02:35,721] INFO:  >> [SAFE_HANDOVER] Syncing JP225 SL to 60970.62014
[2026-05-06 10:02:35,721] INFO:  >> [SAFE_HANDOVER] Syncing JP225 SL to 60975.72014
[2026-05-06 10:02:35,722] INFO:  >> [SAFE_HANDOVER] Syncing JP225 SL to 60980.12014
[2026-05-06 10:02:35,722] INFO:  >> [SAFE_HANDOVER] Syncing JP225 SL to 60981.02014
[2026-05-06 10:02:35,722] INFO:  >> [SAFE_HANDOVER] Syncing JP225 SL to 60983.12014
[2026-05-06 10:02:35,723] INFO:  >> [SAFE_HANDOVER] Syncing JP225 SL to 60980.62014
[2026-05-06 10:02:35,723] INFO:  >> [SAFE_HANDOVER] Syncing JP225 SL to 60981.32014
[2026-05-06 10:02:35,723] INFO:  >> [SAFE_HANDOVER] Syncing JP225 SL to 60978.02014
[2026-05-06 10:02:35,821] INFO: SCANNING: JP225 | PRICE: 61062.00 | BIAS: BULLISH | ER: 0.35 | VEL: 1.41
[2026-05-06 10:02:35,822] INFO:  >> [GUARD] JP225 position already active. Skipping.
[2026-05-06 10:02:35,825] INFO:  >> [HARVESTER] OMEGA is dominating. Scaling in reinforcements...
 !!! [MT5_RETRY_0] Order failed: AutoTrading disabled by server (Code: 10026)
[2026-05-06 10:02:35,826] ERROR:  !!! [MT5_RETRY_0] Order failed: AutoTrading disabled by server (Code: 10026)
 !!! [MT5_RETRY_1] Order failed: AutoTrading disabled by server (Code: 10026)
[2026-05-06 10:02:35,826] ERROR:  !!! [MT5_RETRY_1] Order failed: AutoTrading disabled by server (Code: 10026)
 !!! [MT5_RETRY_2] Order failed: AutoTrading disabled by server (Code: 10026)
[2026-05-06 10:02:35,826] ERROR:  !!! [MT5_RETRY_2] Order failed: AutoTrading disabled by server (Code: 10026)
[2026-05-06 10:02:46,086] INFO:  >> [SAFE_HANDOVER] Syncing DE30 SL to 24247.72586
[2026-05-06 10:02:46,087] INFO:  >> [SAFE_HANDOVER] Syncing XAUUSD SL to 4626.63637
[2026-05-06 10:02:46,195] INFO: SCANNING: JP225 | PRICE: 61062.00 | BIAS: BULLISH | ER: 0.35 | VEL: 1.39
[2026-05-06 10:02:46,195] INFO:  >> [GUARD] JP225 position already active. Skipping.
[2026-05-06 10:02:46,239] INFO:  >> [HARVESTER] OMEGA is dominating. Scaling in reinforcements...
 !!! [MT5_RETRY_0] Order failed: AutoTrading disabled by server (Code: 10026)
[2026-05-06 10:02:46,239] ERROR:  !!! [MT5_RETRY_0] Order failed: AutoTrading disabled by server (Code: 10026)
 !!! [MT5_RETRY_1] Order failed: AutoTrading disabled by server (Code: 10026)
[2026-05-06 10:02:46,240] ERROR:  !!! [MT5_RETRY_1] Order failed: AutoTrading disabled by server (Code: 10026)
 !!! [MT5_RETRY_2] Order failed: AutoTrading disabled by server (Code: 10026)
[2026-05-06 10:02:46,240] ERROR:  !!! [MT5_RETRY_2] Order failed: AutoTrading disabled by server (Code: 10026)
[2026-05-06 10:02:56,474] INFO:  >> [SAFE_HANDOVER] Syncing DE30 SL to 24247.72586
[2026-05-06 10:02:56,589] INFO: SCANNING: JP225 | PRICE: 61071.10 | BIAS: BULLISH | ER: 0.35 | VEL: 1.3
[2026-05-06 10:02:56,590] INFO:  >> [GUARD] JP225 position already active. Skipping.
[2026-05-06 10:02:56,605] INFO:  >> [HARVESTER] OMEGA is dominating. Scaling in reinforcements...
 !!! [MT5_RETRY_0] Order failed: AutoTrading disabled by server (Code: 10026)
[2026-05-06 10:02:56,606] ERROR:  !!! [MT5_RETRY_0] Order failed: AutoTrading disabled by server (Code: 10026)
 !!! [MT5_RETRY_1] Order failed: AutoTrading disabled by server (Code: 10026)
[2026-05-06 10:02:56,606] ERROR:  !!! [MT5_RETRY_1] Order failed: AutoTrading disabled by server (Code: 10026)
 !!! [MT5_RETRY_2] Order failed: AutoTrading disabled by server (Code: 10026)
[2026-05-06 10:02:56,606] ERROR:  !!! [MT5_RETRY_2] Order failed: AutoTrading disabled by server (Code: 10026)
[2026-05-06 10:03:07,120] INFO: SCANNING: JP225 | PRICE: 61074.80 | BIAS: BULLISH | ER: 0.35 | VEL: 1.25
[2026-05-06 10:03:07,120] INFO:  >> [GUARD] JP225 position already active. Skipping.
[2026-05-06 10:03:07,124] INFO:  >> [HARVESTER] OMEGA is dominating. Scaling in reinforcements...
 !!! [MT5_RETRY_0] Order failed: AutoTrading disabled by server (Code: 10026)
[2026-05-06 10:03:07,125] ERROR:  !!! [MT5_RETRY_0] Order failed: AutoTrading disabled by server (Code: 10026)
 !!! [MT5_RETRY_1] Order failed: AutoTrading disabled by server (Code: 10026)
[2026-05-06 10:03:07,125] ERROR:  !!! [MT5_RETRY_1] Order failed: AutoTrading disabled by server (Code: 10026)
 !!! [MT5_RETRY_2] Order failed: AutoTrading disabled by server (Code: 10026)
[2026-05-06 10:03:07,125] ERROR:  !!! [MT5_RETRY_2] Order failed: AutoTrading disabled by server (Code: 10026)
[2026-05-06 10:03:17,443] INFO: SCANNING: JP225 | PRICE: 61078.20 | BIAS: BULLISH | ER: 0.35 | VEL: 1.22
[2026-05-06 10:03:17,443] INFO:  >> [GUARD] JP225 position already active. Skipping.
[2026-05-06 10:03:17,447] INFO:  >> [HARVESTER] OMEGA is dominating. Scaling in reinforcements...
 !!! [MT5_RETRY_0] Order failed: AutoTrading disabled by server (Code: 10026)
[2026-05-06 10:03:17,447] ERROR:  !!! [MT5_RETRY_0] Order failed: AutoTrading disabled by server (Code: 10026)
 !!! [MT5_RETRY_1] Order failed: AutoTrading disabled by server (Code: 10026)
[2026-05-06 10:03:17,447] ERROR:  !!! [MT5_RETRY_1] Order failed: AutoTrading disabled by server (Code: 10026)
 !!! [MT5_RETRY_2] Order failed: AutoTrading disabled by server (Code: 10026)
[2026-05-06 10:03:17,447] ERROR:  !!! [MT5_RETRY_2] Order failed: AutoTrading disabled by server (Code: 10026)
[2026-05-06 10:03:27,769] INFO: SCANNING: JP225 | PRICE: 61073.50 | BIAS: BULLISH | ER: 0.35 | VEL: 1.26
[2026-05-06 10:03:27,769] INFO:  >> [GUARD] JP225 position already active. Skipping.
[2026-05-06 10:03:27,772] INFO:  >> [HARVESTER] OMEGA is dominating. Scaling in reinforcements...
 !!! [MT5_RETRY_0] Order failed: AutoTrading disabled by server (Code: 10026)
[2026-05-06 10:03:27,773] ERROR:  !!! [MT5_RETRY_0] Order failed: AutoTrading disabled by server (Code: 10026)
 !!! [MT5_RETRY_1] Order failed: AutoTrading disabled by server (Code: 10026)
[2026-05-06 10:03:27,773] ERROR:  !!! [MT5_RETRY_1] Order failed: AutoTrading disabled by server (Code: 10026)
 !!! [MT5_RETRY_2] Order failed: AutoTrading disabled by server (Code: 10026)
[2026-05-06 10:03:27,773] ERROR:  !!! [MT5_RETRY_2] Order failed: AutoTrading disabled by server (Code: 10026)
[2026-05-06 10:03:38,106] INFO: SCANNING: JP225 | PRICE: 61063.60 | BIAS: BULLISH | ER: 0.35 | VEL: 1.36
[2026-05-06 10:03:38,106] INFO:  >> [GUARD] JP225 position already active. Skipping.
[2026-05-06 10:03:38,110] INFO:  >> [HARVESTER] OMEGA is dominating. Scaling in reinforcements...
 !!! [MT5_RETRY_0] Order failed: AutoTrading disabled by server (Code: 10026)
[2026-05-06 10:03:38,110] ERROR:  !!! [MT5_RETRY_0] Order failed: AutoTrading disabled by server (Code: 10026)
 !!! [MT5_RETRY_1] Order failed: AutoTrading disabled by server (Code: 10026)
[2026-05-06 10:03:38,110] ERROR:  !!! [MT5_RETRY_1] Order failed: AutoTrading disabled by server (Code: 10026)
 !!! [MT5_RETRY_2] Order failed: AutoTrading disabled by server (Code: 10026)
[2026-05-06 10:03:38,111] ERROR:  !!! [MT5_RETRY_2] Order failed: AutoTrading disabled by server (Code: 10026)
[2026-05-06 10:03:48,456] INFO: SCANNING: JP225 | PRICE: 61064.60 | BIAS: BULLISH | ER: 0.35 | VEL: 1.35
[2026-05-06 10:03:48,456] INFO:  >> [GUARD] JP225 position already active. Skipping.
[2026-05-06 10:03:48,495] INFO:  >> [HARVESTER] OMEGA is dominating. Scaling in reinforcements...
 !!! [MT5_RETRY_0] Order failed: AutoTrading disabled by server (Code: 10026)
[2026-05-06 10:03:48,495] ERROR:  !!! [MT5_RETRY_0] Order failed: AutoTrading disabled by server (Code: 10026)
 !!! [MT5_RETRY_1] Order failed: AutoTrading disabled by server (Code: 10026)
[2026-05-06 10:03:48,495] ERROR:  !!! [MT5_RETRY_1] Order failed: AutoTrading disabled by server (Code: 10026)
 !!! [MT5_RETRY_2] Order failed: AutoTrading disabled by server (Code: 10026)
[2026-05-06 10:03:48,496] ERROR:  !!! [MT5_RETRY_2] Order failed: AutoTrading disabled by server (Code: 10026)
[2026-05-06 10:03:58,848] INFO: SCANNING: JP225 | PRICE: 61064.60 | BIAS: BULLISH | ER: 0.35 | VEL: 1.35
[2026-05-06 10:03:58,849] INFO:  >> [GUARD] JP225 position already active. Skipping.
[2026-05-06 10:03:58,853] INFO:  >> [HARVESTER] OMEGA is dominating. Scaling in reinforcements...
 !!! [MT5_RETRY_0] Order failed: AutoTrading disabled by server (Code: 10026)
[2026-05-06 10:03:58,854] ERROR:  !!! [MT5_RETRY_0] Order failed: AutoTrading disabled by server (Code: 10026)
 !!! [MT5_RETRY_1] Order failed: AutoTrading disabled by server (Code: 10026)
[2026-05-06 10:03:58,854] ERROR:  !!! [MT5_RETRY_1] Order failed: AutoTrading disabled by server (Code: 10026)
 !!! [MT5_RETRY_2] Order failed: AutoTrading disabled by server (Code: 10026)
[2026-05-06 10:03:58,854] ERROR:  !!! [MT5_RETRY_2] Order failed: AutoTrading disabled by server (Code: 10026)
[2026-05-06 10:04:09,370] INFO: SCANNING: JP225 | PRICE: 61059.20 | BIAS: BULLISH | ER: 0.35 | VEL: 1.41
[2026-05-06 10:04:09,370] INFO:  >> [GUARD] JP225 position already active. Skipping.
[2026-05-06 10:04:09,373] INFO:  >> [HARVESTER] OMEGA is dominating. Scaling in reinforcements...
 !!! [MT5_RETRY_0] Order failed: AutoTrading disabled by server (Code: 10026)
[2026-05-06 10:04:09,374] ERROR:  !!! [MT5_RETRY_0] Order failed: AutoTrading disabled by server (Code: 10026)
 !!! [MT5_RETRY_1] Order failed: AutoTrading disabled by server (Code: 10026)
[2026-05-06 10:04:09,374] ERROR:  !!! [MT5_RETRY_1] Order failed: AutoTrading disabled by server (Code: 10026)
 !!! [MT5_RETRY_2] Order failed: AutoTrading disabled by server (Code: 10026)
[2026-05-06 10:04:09,375] ERROR:  !!! [MT5_RETRY_2] Order failed: AutoTrading disabled by server (Code: 10026)
[2026-05-06 10:04:19,687] INFO: SCANNING: JP225 | PRICE: 61056.10 | BIAS: BULLISH | ER: 0.35 | VEL: 1.44
[2026-05-06 10:04:19,688] INFO:  >> [GUARD] JP225 position already active. Skipping.
[2026-05-06 10:04:19,691] INFO:  >> [HARVESTER] OMEGA is dominating. Scaling in reinforcements...
 !!! [MT5_RETRY_0] Order failed: AutoTrading disabled by server (Code: 10026)
[2026-05-06 10:04:19,692] ERROR:  !!! [MT5_RETRY_0] Order failed: AutoTrading disabled by server (Code: 10026)
 !!! [MT5_RETRY_1] Order failed: AutoTrading disabled by server (Code: 10026)
[2026-05-06 10:04:19,692] ERROR:  !!! [MT5_RETRY_1] Order failed: AutoTrading disabled by server (Code: 10026)
 !!! [MT5_RETRY_2] Order failed: AutoTrading disabled by server (Code: 10026)
[2026-05-06 10:04:19,692] ERROR:  !!! [MT5_RETRY_2] Order failed: AutoTrading disabled by server (Code: 10026)
[2026-05-06 10:04:30,020] INFO: SCANNING: JP225 | PRICE: 61051.10 | BIAS: BULLISH | ER: 0.35 | VEL: 1.49
[2026-05-06 10:04:30,021] INFO:  >> [GUARD] JP225 position already active. Skipping.
[2026-05-06 10:04:30,024] INFO:  >> [HARVESTER] OMEGA is dominating. Scaling in reinforcements...
 !!! [MT5_RETRY_0] Order failed: AutoTrading disabled by server (Code: 10026)
[2026-05-06 10:04:30,025] ERROR:  !!! [MT5_RETRY_0] Order failed: AutoTrading disabled by server (Code: 10026)
 !!! [MT5_RETRY_1] Order failed: AutoTrading disabled by server (Code: 10026)
[2026-05-06 10:04:30,025] ERROR:  !!! [MT5_RETRY_1] Order failed: AutoTrading disabled by server (Code: 10026)
 !!! [MT5_RETRY_2] Order failed: AutoTrading disabled by server (Code: 10026)
[2026-05-06 10:04:30,026] ERROR:  !!! [MT5_RETRY_2] Order failed: AutoTrading disabled by server (Code: 10026)
[2026-05-06 10:04:40,355] INFO: SCANNING: JP225 | PRICE: 61044.60 | BIAS: BULLISH | ER: 0.35 | VEL: 1.55
[2026-05-06 10:04:40,356] INFO:  >> [GUARD] JP225 position already active. Skipping.
[2026-05-06 10:04:40,360] INFO:  >> [HARVESTER] OMEGA is dominating. Scaling in reinforcements...
 !!! [MT5_RETRY_0] Order failed: AutoTrading disabled by server (Code: 10026)
[2026-05-06 10:04:40,360] ERROR:  !!! [MT5_RETRY_0] Order failed: AutoTrading disabled by server (Code: 10026)
 !!! [MT5_RETRY_1] Order failed: AutoTrading disabled by server (Code: 10026)
[2026-05-06 10:04:40,360] ERROR:  !!! [MT5_RETRY_1] Order failed: AutoTrading disabled by server (Code: 10026)
 !!! [MT5_RETRY_2] Order failed: AutoTrading disabled by server (Code: 10026)
[2026-05-06 10:04:40,361] ERROR:  !!! [MT5_RETRY_2] Order failed: AutoTrading disabled by server (Code: 10026)
[2026-05-06 10:04:50,690] INFO: SCANNING: JP225 | PRICE: 61048.30 | BIAS: BULLISH | ER: 0.35 | VEL: 1.51
[2026-05-06 10:04:50,690] INFO:  >> [GUARD] JP225 position already active. Skipping.
[2026-05-06 10:04:50,723] INFO:  >> [HARVESTER] OMEGA is dominating. Scaling in reinforcements...
 !!! [MT5_RETRY_0] Order failed: AutoTrading disabled by server (Code: 10026)
[2026-05-06 10:04:50,723] ERROR:  !!! [MT5_RETRY_0] Order failed: AutoTrading disabled by server (Code: 10026)
 !!! [MT5_RETRY_1] Order failed: AutoTrading disabled by server (Code: 10026)
[2026-05-06 10:04:50,724] ERROR:  !!! [MT5_RETRY_1] Order failed: AutoTrading disabled by server (Code: 10026)
 !!! [MT5_RETRY_2] Order failed: AutoTrading disabled by server (Code: 10026)
[2026-05-06 10:04:50,724] ERROR:  !!! [MT5_RETRY_2] Order failed: AutoTrading disabled by server (Code: 10026)
[2026-05-06 10:05:02,566] INFO: SCANNING: JP225 | PRICE: 61049.40 | BIAS: BULLISH | ER: 0.35 | VEL: 1.5
[2026-05-06 10:05:02,567] INFO:  >> [GUARD] JP225 position already active. Skipping.
[2026-05-06 10:05:02,606] INFO:  >> [HARVESTER] OMEGA is dominating. Scaling in reinforcements...
 !!! [MT5_RETRY_0] Order failed: AutoTrading disabled by server (Code: 10026)
[2026-05-06 10:05:02,607] ERROR:  !!! [MT5_RETRY_0] Order failed: AutoTrading disabled by server (Code: 10026)
 !!! [MT5_RETRY_1] Order failed: AutoTrading disabled by server (Code: 10026)
[2026-05-06 10:05:02,607] ERROR:  !!! [MT5_RETRY_1] Order failed: AutoTrading disabled by server (Code: 10026)
 !!! [MT5_RETRY_2] Order failed: AutoTrading disabled by server (Code: 10026)
[2026-05-06 10:05:02,607] ERROR:  !!! [MT5_RETRY_2] Order failed: AutoTrading disabled by server (Code: 10026)
[2026-05-06 10:05:12,959] INFO: SCANNING: JP225 | PRICE: 61056.10 | BIAS: BULLISH | ER: 0.35 | VEL: 1.43
[2026-05-06 10:05:12,960] INFO:  >> [GUARD] JP225 position already active. Skipping.
[2026-05-06 10:05:13,006] INFO:  >> [HARVESTER] OMEGA is dominating. Scaling in reinforcements...
 !!! [MT5_RETRY_0] Order failed: AutoTrading disabled by server (Code: 10026)
[2026-05-06 10:05:13,007] ERROR:  !!! [MT5_RETRY_0] Order failed: AutoTrading disabled by server (Code: 10026)
 !!! [MT5_RETRY_1] Order failed: AutoTrading disabled by server (Code: 10026)
[2026-05-06 10:05:13,007] ERROR:  !!! [MT5_RETRY_1] Order failed: AutoTrading disabled by server (Code: 10026)
 !!! [MT5_RETRY_2] Order failed: AutoTrading disabled by server (Code: 10026)
[2026-05-06 10:05:13,007] ERROR:  !!! [MT5_RETRY_2] Order failed: AutoTrading disabled by server (Code: 10026)
[2026-05-06 10:05:23,367] INFO: SCANNING: JP225 | PRICE: 61064.90 | BIAS: BULLISH | ER: 0.35 | VEL: 1.34
[2026-05-06 10:05:23,367] INFO:  >> [GUARD] JP225 position already active. Skipping.
[2026-05-06 10:05:23,373] INFO:  >> [HARVESTER] OMEGA is dominating. Scaling in reinforcements...
 !!! [MT5_RETRY_0] Order failed: AutoTrading disabled by server (Code: 10026)
[2026-05-06 10:05:23,373] ERROR:  !!! [MT5_RETRY_0] Order failed: AutoTrading disabled by server (Code: 10026)
 !!! [MT5_RETRY_1] Order failed: AutoTrading disabled by server (Code: 10026)
[2026-05-06 10:05:23,373] ERROR:  !!! [MT5_RETRY_1] Order failed: AutoTrading disabled by server (Code: 10026)
 !!! [MT5_RETRY_2] Order failed: AutoTrading disabled by server (Code: 10026)
[2026-05-06 10:05:23,373] ERROR:  !!! [MT5_RETRY_2] Order failed: AutoTrading disabled by server (Code: 10026)
[2026-05-06 10:05:33,686] INFO: SCANNING: JP225 | PRICE: 61054.60 | BIAS: BULLISH | ER: 0.35 | VEL: 1.45
[2026-05-06 10:05:33,687] INFO:  >> [GUARD] JP225 position already active. Skipping.
[2026-05-06 10:05:33,733] INFO:  >> [HARVESTER] OMEGA is dominating. Scaling in reinforcements...
 !!! [MT5_RETRY_0] Order failed: AutoTrading disabled by server (Code: 10026)
[2026-05-06 10:05:33,733] ERROR:  !!! [MT5_RETRY_0] Order failed: AutoTrading disabled by server (Code: 10026)
 !!! [MT5_RETRY_1] Order failed: AutoTrading disabled by server (Code: 10026)
[2026-05-06 10:05:33,734] ERROR:  !!! [MT5_RETRY_1] Order failed: AutoTrading disabled by server (Code: 10026)
 !!! [MT5_RETRY_2] Order failed: AutoTrading disabled by server (Code: 10026)
[2026-05-06 10:05:33,734] ERROR:  !!! [MT5_RETRY_2] Order failed: AutoTrading disabled by server (Code: 10026)
[2026-05-06 10:05:44,056] INFO: SCANNING: JP225 | PRICE: 61056.90 | BIAS: BULLISH | ER: 0.35 | VEL: 1.42
[2026-05-06 10:05:44,056] INFO:  >> [GUARD] JP225 position already active. Skipping.
[2026-05-06 10:05:44,063] INFO:  >> [HARVESTER] OMEGA is dominating. Scaling in reinforcements...
 !!! [MT5_RETRY_0] Order failed: AutoTrading disabled by server (Code: 10026)
[2026-05-06 10:05:44,063] ERROR:  !!! [MT5_RETRY_0] Order failed: AutoTrading disabled by server (Code: 10026)
 !!! [MT5_RETRY_1] Order failed: AutoTrading disabled by server (Code: 10026)
[2026-05-06 10:05:44,063] ERROR:  !!! [MT5_RETRY_1] Order failed: AutoTrading disabled by server (Code: 10026)
 !!! [MT5_RETRY_2] Order failed: AutoTrading disabled by server (Code: 10026)
[2026-05-06 10:05:44,063] ERROR:  !!! [MT5_RETRY_2] Order failed: AutoTrading disabled by server (Code: 10026)
[2026-05-06 10:05:54,393] INFO: SCANNING: JP225 | PRICE: 61059.10 | BIAS: BULLISH | ER: 0.35 | VEL: 1.4
[2026-05-06 10:05:54,394] INFO:  >> [GUARD] JP225 position already active. Skipping.
[2026-05-06 10:05:54,435] INFO:  >> [HARVESTER] OMEGA is dominating. Scaling in reinforcements...
 !!! [MT5_RETRY_0] Order failed: AutoTrading disabled by server (Code: 10026)
[2026-05-06 10:05:54,436] ERROR:  !!! [MT5_RETRY_0] Order failed: AutoTrading disabled by server (Code: 10026)
 !!! [MT5_RETRY_1] Order failed: AutoTrading disabled by server (Code: 10026)
[2026-05-06 10:05:54,437] ERROR:  !!! [MT5_RETRY_1] Order failed: AutoTrading disabled by server (Code: 10026)
 !!! [MT5_RETRY_2] Order failed: AutoTrading disabled by server (Code: 10026)
[2026-05-06 10:05:54,437] ERROR:  !!! [MT5_RETRY_2] Order failed: AutoTrading disabled by server (Code: 10026)
[2026-05-06 10:06:04,764] INFO: SCANNING: JP225 | PRICE: 61054.70 | BIAS: BULLISH | ER: 0.35 | VEL: 1.45
[2026-05-06 10:06:04,764] INFO:  >> [GUARD] JP225 position already active. Skipping.
[2026-05-06 10:06:04,780] INFO:  >> [HARVESTER] OMEGA is dominating. Scaling in reinforcements...
 !!! [MT5_RETRY_0] Order failed: AutoTrading disabled by server (Code: 10026)
[2026-05-06 10:06:04,781] ERROR:  !!! [MT5_RETRY_0] Order failed: AutoTrading disabled by server (Code: 10026)
 !!! [MT5_RETRY_1] Order failed: AutoTrading disabled by server (Code: 10026)
[2026-05-06 10:06:04,781] ERROR:  !!! [MT5_RETRY_1] Order failed: AutoTrading disabled by server (Code: 10026)
 !!! [MT5_RETRY_2] Order failed: AutoTrading disabled by server (Code: 10026)
[2026-05-06 10:06:04,781] ERROR:  !!! [MT5_RETRY_2] Order failed: AutoTrading disabled by server (Code: 10026)
[2026-05-06 10:06:15,137] INFO: SCANNING: JP225 | PRICE: 61066.40 | BIAS: BULLISH | ER: 0.34 | VEL: 1.33
[2026-05-06 10:06:15,137] INFO:  >> [GUARD] JP225 position already active. Skipping.
[2026-05-06 10:06:15,144] INFO:  >> [HARVESTER] OMEGA is dominating. Scaling in reinforcements...
 !!! [MT5_RETRY_0] Order failed: AutoTrading disabled by server (Code: 10026)
[2026-05-06 10:06:15,144] ERROR:  !!! [MT5_RETRY_0] Order failed: AutoTrading disabled by server (Code: 10026)
 !!! [MT5_RETRY_1] Order failed: AutoTrading disabled by server (Code: 10026)
[2026-05-06 10:06:15,145] ERROR:  !!! [MT5_RETRY_1] Order failed: AutoTrading disabled by server (Code: 10026)
 !!! [MT5_RETRY_2] Order failed: AutoTrading disabled by server (Code: 10026)
[2026-05-06 10:06:15,145] ERROR:  !!! [MT5_RETRY_2] Order failed: AutoTrading disabled by server (Code: 10026)
[2026-05-06 10:06:25,544] INFO: SCANNING: JP225 | PRICE: 61066.50 | BIAS: BULLISH | ER: 0.34 | VEL: 1.33
[2026-05-06 10:06:25,547] INFO:  >> [GUARD] JP225 position already active. Skipping.
[2026-05-06 10:06:25,553] INFO:  >> [HARVESTER] OMEGA is dominating. Scaling in reinforcements...
 !!! [MT5_RETRY_0] Order failed: AutoTrading disabled by server (Code: 10026)
[2026-05-06 10:06:25,554] ERROR:  !!! [MT5_RETRY_0] Order failed: AutoTrading disabled by server (Code: 10026)
 !!! [MT5_RETRY_1] Order failed: AutoTrading disabled by server (Code: 10026)
[2026-05-06 10:06:25,554] ERROR:  !!! [MT5_RETRY_1] Order failed: AutoTrading disabled by server (Code: 10026)
 !!! [MT5_RETRY_2] Order failed: AutoTrading disabled by server (Code: 10026)
[2026-05-06 10:06:25,554] ERROR:  !!! [MT5_RETRY_2] Order failed: AutoTrading disabled by server (Code: 10026)
[2026-05-06 10:06:35,870] INFO: SCANNING: JP225 | PRICE: 61062.90 | BIAS: BULLISH | ER: 0.35 | VEL: 1.36
[2026-05-06 10:06:35,870] INFO:  >> [GUARD] JP225 position already active. Skipping.
[2026-05-06 10:06:35,876] INFO:  >> [HARVESTER] OMEGA is dominating. Scaling in reinforcements...
 !!! [MT5_RETRY_0] Order failed: AutoTrading disabled by server (Code: 10026)
[2026-05-06 10:06:35,877] ERROR:  !!! [MT5_RETRY_0] Order failed: AutoTrading disabled by server (Code: 10026)
 !!! [MT5_RETRY_1] Order failed: AutoTrading disabled by server (Code: 10026)
[2026-05-06 10:06:35,877] ERROR:  !!! [MT5_RETRY_1] Order failed: AutoTrading disabled by server (Code: 10026)
 !!! [MT5_RETRY_2] Order failed: AutoTrading disabled by server (Code: 10026)
[2026-05-06 10:06:35,877] ERROR:  !!! [MT5_RETRY_2] Order failed: AutoTrading disabled by server (Code: 10026)
[2026-05-06 10:06:46,196] INFO: SCANNING: JP225 | PRICE: 61060.30 | BIAS: BULLISH | ER: 0.35 | VEL: 1.39
[2026-05-06 10:06:46,196] INFO:  >> [GUARD] JP225 position already active. Skipping.
[2026-05-06 10:06:46,236] INFO:  >> [HARVESTER] OMEGA is dominating. Scaling in reinforcements...
 !!! [MT5_RETRY_0] Order failed: AutoTrading disabled by server (Code: 10026)
[2026-05-06 10:06:46,237] ERROR:  !!! [MT5_RETRY_0] Order failed: AutoTrading disabled by server (Code: 10026)
 !!! [MT5_RETRY_1] Order failed: AutoTrading disabled by server (Code: 10026)
[2026-05-06 10:06:46,237] ERROR:  !!! [MT5_RETRY_1] Order failed: AutoTrading disabled by server (Code: 10026)
 !!! [MT5_RETRY_2] Order failed: AutoTrading disabled by server (Code: 10026)
[2026-05-06 10:06:46,238] ERROR:  !!! [MT5_RETRY_2] Order failed: AutoTrading disabled by server (Code: 10026)
[2026-05-06 10:06:56,612] INFO: SCANNING: JP225 | PRICE: 61064.30 | BIAS: BULLISH | ER: 0.35 | VEL: 1.35
[2026-05-06 10:06:56,612] INFO:  >> [GUARD] JP225 position already active. Skipping.
[2026-05-06 10:06:56,652] INFO:  >> [HARVESTER] OMEGA is dominating. Scaling in reinforcements...
 !!! [MT5_RETRY_0] Order failed: AutoTrading disabled by server (Code: 10026)
[2026-05-06 10:06:56,652] ERROR:  !!! [MT5_RETRY_0] Order failed: AutoTrading disabled by server (Code: 10026)
 !!! [MT5_RETRY_1] Order failed: AutoTrading disabled by server (Code: 10026)
[2026-05-06 10:06:56,654] ERROR:  !!! [MT5_RETRY_1] Order failed: AutoTrading disabled by server (Code: 10026)
 !!! [MT5_RETRY_2] Order failed: AutoTrading disabled by server (Code: 10026)
[2026-05-06 10:06:56,654] ERROR:  !!! [MT5_RETRY_2] Order failed: AutoTrading disabled by server (Code: 10026)
[2026-05-06 10:07:07,030] INFO: SCANNING: JP225 | PRICE: 61063.70 | BIAS: BULLISH | ER: 0.35 | VEL: 1.36
[2026-05-06 10:07:07,030] INFO:  >> [GUARD] JP225 position already active. Skipping.
[2026-05-06 10:07:07,072] INFO:  >> [HARVESTER] OMEGA is dominating. Scaling in reinforcements...
 !!! [MT5_RETRY_0] Order failed: AutoTrading disabled by server (Code: 10026)
[2026-05-06 10:07:07,072] ERROR:  !!! [MT5_RETRY_0] Order failed: AutoTrading disabled by server (Code: 10026)
 !!! [MT5_RETRY_1] Order failed: AutoTrading disabled by server (Code: 10026)
[2026-05-06 10:07:07,072] ERROR:  !!! [MT5_RETRY_1] Order failed: AutoTrading disabled by server (Code: 10026)
 !!! [MT5_RETRY_2] Order failed: AutoTrading disabled by server (Code: 10026)
[2026-05-06 10:07:07,074] ERROR:  !!! [MT5_RETRY_2] Order failed: AutoTrading disabled by server (Code: 10026)
[2026-05-06 10:07:17,456] INFO: SCANNING: JP225 | PRICE: 61064.00 | BIAS: BULLISH | ER: 0.35 | VEL: 1.35
[2026-05-06 10:07:17,458] INFO:  >> [GUARD] JP225 position already active. Skipping.
[2026-05-06 10:07:17,497] INFO:  >> [HARVESTER] OMEGA is dominating. Scaling in reinforcements...
 !!! [MT5_RETRY_0] Order failed: AutoTrading disabled by server (Code: 10026)
[2026-05-06 10:07:17,498] ERROR:  !!! [MT5_RETRY_0] Order failed: AutoTrading disabled by server (Code: 10026)
 !!! [MT5_RETRY_1] Order failed: AutoTrading disabled by server (Code: 10026)
[2026-05-06 10:07:17,498] ERROR:  !!! [MT5_RETRY_1] Order failed: AutoTrading disabled by server (Code: 10026)
 !!! [MT5_RETRY_2] Order failed: AutoTrading disabled by server (Code: 10026)
[2026-05-06 10:07:17,499] ERROR:  !!! [MT5_RETRY_2] Order failed: AutoTrading disabled by server (Code: 10026)
[2026-05-06 10:07:27,819] INFO: SCANNING: JP225 | PRICE: 61064.00 | BIAS: BULLISH | ER: 0.35 | VEL: 1.35
[2026-05-06 10:07:27,819] INFO:  >> [GUARD] JP225 position already active. Skipping.
[2026-05-06 10:07:27,823] INFO:  >> [HARVESTER] OMEGA is dominating. Scaling in reinforcements...
 !!! [MT5_RETRY_0] Order failed: AutoTrading disabled by server (Code: 10026)
[2026-05-06 10:07:27,824] ERROR:  !!! [MT5_RETRY_0] Order failed: AutoTrading disabled by server (Code: 10026)
 !!! [MT5_RETRY_1] Order failed: AutoTrading disabled by server (Code: 10026)
[2026-05-06 10:07:27,824] ERROR:  !!! [MT5_RETRY_1] Order failed: AutoTrading disabled by server (Code: 10026)
 !!! [MT5_RETRY_2] Order failed: AutoTrading disabled by server (Code: 10026)
[2026-05-06 10:07:27,824] ERROR:  !!! [MT5_RETRY_2] Order failed: AutoTrading disabled by server (Code: 10026)
[2026-05-06 10:07:38,150] INFO: SCANNING: JP225 | PRICE: 61059.50 | BIAS: BULLISH | ER: 0.35 | VEL: 1.4
[2026-05-06 10:07:38,150] INFO:  >> [GUARD] JP225 position already active. Skipping.
[2026-05-06 10:07:38,191] INFO:  >> [HARVESTER] OMEGA is dominating. Scaling in reinforcements...
 !!! [MT5_RETRY_0] Order failed: AutoTrading disabled by server (Code: 10026)
[2026-05-06 10:07:38,192] ERROR:  !!! [MT5_RETRY_0] Order failed: AutoTrading disabled by server (Code: 10026)
 !!! [MT5_RETRY_1] Order failed: AutoTrading disabled by server (Code: 10026)
[2026-05-06 10:07:38,192] ERROR:  !!! [MT5_RETRY_1] Order failed: AutoTrading disabled by server (Code: 10026)
 !!! [MT5_RETRY_2] Order failed: AutoTrading disabled by server (Code: 10026)
[2026-05-06 10:07:38,193] ERROR:  !!! [MT5_RETRY_2] Order failed: AutoTrading disabled by server (Code: 10026)
[2026-05-06 10:07:48,517] INFO: SCANNING: JP225 | PRICE: 61059.40 | BIAS: BULLISH | ER: 0.35 | VEL: 1.4
[2026-05-06 10:07:48,518] INFO:  >> [GUARD] JP225 position already active. Skipping.
[2026-05-06 10:07:48,524] INFO:  >> [HARVESTER] OMEGA is dominating. Scaling in reinforcements...
 !!! [MT5_RETRY_0] Order failed: AutoTrading disabled by server (Code: 10026)
[2026-05-06 10:07:48,525] ERROR:  !!! [MT5_RETRY_0] Order failed: AutoTrading disabled by server (Code: 10026)
 !!! [MT5_RETRY_1] Order failed: AutoTrading disabled by server (Code: 10026)
[2026-05-06 10:07:48,525] ERROR:  !!! [MT5_RETRY_1] Order failed: AutoTrading disabled by server (Code: 10026)
 !!! [MT5_RETRY_2] Order failed: AutoTrading disabled by server (Code: 10026)
[2026-05-06 10:07:48,525] ERROR:  !!! [MT5_RETRY_2] Order failed: AutoTrading disabled by server (Code: 10026)
[2026-05-06 10:07:58,843] INFO: SCANNING: JP225 | PRICE: 61057.00 | BIAS: BULLISH | ER: 0.35 | VEL: 1.42
[2026-05-06 10:07:58,844] INFO:  >> [GUARD] JP225 position already active. Skipping.
[2026-05-06 10:07:58,849] INFO:  >> [HARVESTER] OMEGA is dominating. Scaling in reinforcements...
 !!! [MT5_RETRY_0] Order failed: AutoTrading disabled by server (Code: 10026)
[2026-05-06 10:07:58,849] ERROR:  !!! [MT5_RETRY_0] Order failed: AutoTrading disabled by server (Code: 10026)
 !!! [MT5_RETRY_1] Order failed: AutoTrading disabled by server (Code: 10026)
[2026-05-06 10:07:58,849] ERROR:  !!! [MT5_RETRY_1] Order failed: AutoTrading disabled by server (Code: 10026)
 !!! [MT5_RETRY_2] Order failed: AutoTrading disabled by server (Code: 10026)
[2026-05-06 10:07:58,849] ERROR:  !!! [MT5_RETRY_2] Order failed: AutoTrading disabled by server (Code: 10026)
[2026-05-06 10:08:09,220] INFO: SCANNING: JP225 | PRICE: 61053.40 | BIAS: BULLISH | ER: 0.35 | VEL: 1.46
[2026-05-06 10:08:09,221] INFO:  >> [GUARD] JP225 position already active. Skipping.
[2026-05-06 10:08:09,226] INFO:  >> [HARVESTER] OMEGA is dominating. Scaling in reinforcements...
 !!! [MT5_RETRY_0] Order failed: AutoTrading disabled by server (Code: 10026)
[2026-05-06 10:08:09,226] ERROR:  !!! [MT5_RETRY_0] Order failed: AutoTrading disabled by server (Code: 10026)
 !!! [MT5_RETRY_1] Order failed: AutoTrading disabled by server (Code: 10026)
[2026-05-06 10:08:09,227] ERROR:  !!! [MT5_RETRY_1] Order failed: AutoTrading disabled by server (Code: 10026)
 !!! [MT5_RETRY_2] Order failed: AutoTrading disabled by server (Code: 10026)
[2026-05-06 10:08:09,227] ERROR:  !!! [MT5_RETRY_2] Order failed: AutoTrading disabled by server (Code: 10026)
[2026-05-06 10:08:19,602] INFO: SCANNING: JP225 | PRICE: 61068.70 | BIAS: BULLISH | ER: 0.34 | VEL: 1.31
[2026-05-06 10:08:19,602] INFO:  >> [GUARD] JP225 position already active. Skipping.
[2026-05-06 10:08:19,643] INFO:  >> [HARVESTER] OMEGA is dominating. Scaling in reinforcements...
 !!! [MT5_RETRY_0] Order failed: AutoTrading disabled by server (Code: 10026)
[2026-05-06 10:08:19,643] ERROR:  !!! [MT5_RETRY_0] Order failed: AutoTrading disabled by server (Code: 10026)
 !!! [MT5_RETRY_1] Order failed: AutoTrading disabled by server (Code: 10026)
[2026-05-06 10:08:19,643] ERROR:  !!! [MT5_RETRY_1] Order failed: AutoTrading disabled by server (Code: 10026)
 !!! [MT5_RETRY_2] Order failed: AutoTrading disabled by server (Code: 10026)
[2026-05-06 10:08:19,644] ERROR:  !!! [MT5_RETRY_2] Order failed: AutoTrading disabled by server (Code: 10026)
[2026-05-06 10:08:30,014] INFO: SCANNING: JP225 | PRICE: 61066.50 | BIAS: BULLISH | ER: 0.34 | VEL: 1.33
[2026-05-06 10:08:30,014] INFO:  >> [GUARD] JP225 position already active. Skipping.
[2026-05-06 10:08:30,021] INFO:  >> [HARVESTER] OMEGA is dominating. Scaling in reinforcements...
 !!! [MT5_RETRY_0] Order failed: AutoTrading disabled by server (Code: 10026)
[2026-05-06 10:08:30,021] ERROR:  !!! [MT5_RETRY_0] Order failed: AutoTrading disabled by server (Code: 10026)
 !!! [MT5_RETRY_1] Order failed: AutoTrading disabled by server (Code: 10026)
[2026-05-06 10:08:30,022] ERROR:  !!! [MT5_RETRY_1] Order failed: AutoTrading disabled by server (Code: 10026)
 !!! [MT5_RETRY_2] Order failed: AutoTrading disabled by server (Code: 10026)
[2026-05-06 10:08:30,022] ERROR:  !!! [MT5_RETRY_2] Order failed: AutoTrading disabled by server (Code: 10026)
[2026-05-06 10:08:40,351] INFO: SCANNING: JP225 | PRICE: 61062.20 | BIAS: BULLISH | ER: 0.35 | VEL: 1.37
[2026-05-06 10:08:40,352] INFO:  >> [GUARD] JP225 position already active. Skipping.
[2026-05-06 10:08:40,393] INFO:  >> [HARVESTER] OMEGA is dominating. Scaling in reinforcements...
 !!! [MT5_RETRY_0] Order failed: AutoTrading disabled by server (Code: 10026)
[2026-05-06 10:08:40,393] ERROR:  !!! [MT5_RETRY_0] Order failed: AutoTrading disabled by server (Code: 10026)
 !!! [MT5_RETRY_1] Order failed: AutoTrading disabled by server (Code: 10026)
[2026-05-06 10:08:40,393] ERROR:  !!! [MT5_RETRY_1] Order failed: AutoTrading disabled by server (Code: 10026)
 !!! [MT5_RETRY_2] Order failed: AutoTrading disabled by server (Code: 10026)
[2026-05-06 10:08:40,393] ERROR:  !!! [MT5_RETRY_2] Order failed: AutoTrading disabled by server (Code: 10026)
[2026-05-06 10:08:50,715] INFO: SCANNING: JP225 | PRICE: 61058.60 | BIAS: BULLISH | ER: 0.35 | VEL: 1.41
[2026-05-06 10:08:50,717] INFO:  >> [GUARD] JP225 position already active. Skipping.
[2026-05-06 10:08:50,723] INFO:  >> [HARVESTER] OMEGA is dominating. Scaling in reinforcements...
 !!! [MT5_RETRY_0] Order failed: AutoTrading disabled by server (Code: 10026)
[2026-05-06 10:08:50,724] ERROR:  !!! [MT5_RETRY_0] Order failed: AutoTrading disabled by server (Code: 10026)
 !!! [MT5_RETRY_1] Order failed: AutoTrading disabled by server (Code: 10026)
[2026-05-06 10:08:50,725] ERROR:  !!! [MT5_RETRY_1] Order failed: AutoTrading disabled by server (Code: 10026)
 !!! [MT5_RETRY_2] Order failed: AutoTrading disabled by server (Code: 10026)
[2026-05-06 10:08:50,725] ERROR:  !!! [MT5_RETRY_2] Order failed: AutoTrading disabled by server (Code: 10026)
[2026-05-06 10:09:01,063] INFO: SCANNING: JP225 | PRICE: 61066.40 | BIAS: BULLISH | ER: 0.34 | VEL: 1.33
[2026-05-06 10:09:01,064] INFO:  >> [GUARD] JP225 position already active. Skipping.
[2026-05-06 10:09:01,072] INFO:  >> [HARVESTER] OMEGA is dominating. Scaling in reinforcements...
 !!! [MT5_RETRY_0] Order failed: AutoTrading disabled by server (Code: 10026)
[2026-05-06 10:09:01,072] ERROR:  !!! [MT5_RETRY_0] Order failed: AutoTrading disabled by server (Code: 10026)
 !!! [MT5_RETRY_1] Order failed: AutoTrading disabled by server (Code: 10026)
[2026-05-06 10:09:01,072] ERROR:  !!! [MT5_RETRY_1] Order failed: AutoTrading disabled by server (Code: 10026)
 !!! [MT5_RETRY_2] Order failed: AutoTrading disabled by server (Code: 10026)
[2026-05-06 10:09:01,073] ERROR:  !!! [MT5_RETRY_2] Order failed: AutoTrading disabled by server (Code: 10026)
[2026-05-06 10:09:11,387] INFO: SCANNING: JP225 | PRICE: 61068.10 | BIAS: BULLISH | ER: 0.34 | VEL: 1.31
[2026-05-06 10:09:11,387] INFO:  >> [GUARD] JP225 position already active. Skipping.
[2026-05-06 10:09:11,393] INFO:  >> [HARVESTER] OMEGA is dominating. Scaling in reinforcements...
 !!! [MT5_RETRY_0] Order failed: AutoTrading disabled by server (Code: 10026)
[2026-05-06 10:09:11,393] ERROR:  !!! [MT5_RETRY_0] Order failed: AutoTrading disabled by server (Code: 10026)
 !!! [MT5_RETRY_1] Order failed: AutoTrading disabled by server (Code: 10026)
[2026-05-06 10:09:11,394] ERROR:  !!! [MT5_RETRY_1] Order failed: AutoTrading disabled by server (Code: 10026)
 !!! [MT5_RETRY_2] Order failed: AutoTrading disabled by server (Code: 10026)
[2026-05-06 10:09:11,394] ERROR:  !!! [MT5_RETRY_2] Order failed: AutoTrading disabled by server (Code: 10026)
[2026-05-06 10:09:21,708] INFO: SCANNING: JP225 | PRICE: 61068.10 | BIAS: BULLISH | ER: 0.34 | VEL: 1.31
[2026-05-06 10:09:21,708] INFO:  >> [GUARD] JP225 position already active. Skipping.
[2026-05-06 10:09:21,714] INFO:  >> [HARVESTER] OMEGA is dominating. Scaling in reinforcements...
 !!! [MT5_RETRY_0] Order failed: AutoTrading disabled by server (Code: 10026)
[2026-05-06 10:09:21,715] ERROR:  !!! [MT5_RETRY_0] Order failed: AutoTrading disabled by server (Code: 10026)
 !!! [MT5_RETRY_1] Order failed: AutoTrading disabled by server (Code: 10026)
[2026-05-06 10:09:21,715] ERROR:  !!! [MT5_RETRY_1] Order failed: AutoTrading disabled by server (Code: 10026)
 !!! [MT5_RETRY_2] Order failed: AutoTrading disabled by server (Code: 10026)
[2026-05-06 10:09:21,715] ERROR:  !!! [MT5_RETRY_2] Order failed: AutoTrading disabled by server (Code: 10026)
[2026-05-06 10:09:32,075] INFO: SCANNING: JP225 | PRICE: 61064.90 | BIAS: BULLISH | ER: 0.35 | VEL: 1.34
[2026-05-06 10:09:32,076] INFO:  >> [GUARD] JP225 position already active. Skipping.
[2026-05-06 10:09:32,081] INFO:  >> [HARVESTER] OMEGA is dominating. Scaling in reinforcements...
 !!! [MT5_RETRY_0] Order failed: AutoTrading disabled by server (Code: 10026)
[2026-05-06 10:09:32,082] ERROR:  !!! [MT5_RETRY_0] Order failed: AutoTrading disabled by server (Code: 10026)
 !!! [MT5_RETRY_1] Order failed: AutoTrading disabled by server (Code: 10026)
[2026-05-06 10:09:32,082] ERROR:  !!! [MT5_RETRY_1] Order failed: AutoTrading disabled by server (Code: 10026)
 !!! [MT5_RETRY_2] Order failed: AutoTrading disabled by server (Code: 10026)
[2026-05-06 10:09:32,082] ERROR:  !!! [MT5_RETRY_2] Order failed: AutoTrading disabled by server (Code: 10026)
[2026-05-06 10:09:42,415] INFO: SCANNING: JP225 | PRICE: 61063.40 | BIAS: BULLISH | ER: 0.35 | VEL: 1.36
[2026-05-06 10:09:42,415] INFO:  >> [GUARD] JP225 position already active. Skipping.
[2026-05-06 10:09:42,420] INFO:  >> [HARVESTER] OMEGA is dominating. Scaling in reinforcements...
 !!! [MT5_RETRY_0] Order failed: AutoTrading disabled by server (Code: 10026)
[2026-05-06 10:09:42,420] ERROR:  !!! [MT5_RETRY_0] Order failed: AutoTrading disabled by server (Code: 10026)
 !!! [MT5_RETRY_1] Order failed: AutoTrading disabled by server (Code: 10026)
[2026-05-06 10:09:42,420] ERROR:  !!! [MT5_RETRY_1] Order failed: AutoTrading disabled by server (Code: 10026)
 !!! [MT5_RETRY_2] Order failed: AutoTrading disabled by server (Code: 10026)
[2026-05-06 10:09:42,421] ERROR:  !!! [MT5_RETRY_2] Order failed: AutoTrading disabled by server (Code: 10026)
[2026-05-06 10:09:52,778] INFO: SCANNING: JP225 | PRICE: 61069.00 | BIAS: BULLISH | ER: 0.34 | VEL: 1.3
[2026-05-06 10:09:52,779] INFO:  >> [GUARD] JP225 position already active. Skipping.
[2026-05-06 10:09:52,788] INFO:  >> [HARVESTER] OMEGA is dominating. Scaling in reinforcements...
 !!! [MT5_RETRY_0] Order failed: AutoTrading disabled by server (Code: 10026)
[2026-05-06 10:09:52,789] ERROR:  !!! [MT5_RETRY_0] Order failed: AutoTrading disabled by server (Code: 10026)
 !!! [MT5_RETRY_1] Order failed: AutoTrading disabled by server (Code: 10026)
[2026-05-06 10:09:52,789] ERROR:  !!! [MT5_RETRY_1] Order failed: AutoTrading disabled by server (Code: 10026)
 !!! [MT5_RETRY_2] Order failed: AutoTrading disabled by server (Code: 10026)
[2026-05-06 10:09:52,790] ERROR:  !!! [MT5_RETRY_2] Order failed: AutoTrading disabled by server (Code: 10026)
[2026-05-06 10:10:03,156] INFO: SCANNING: JP225 | PRICE: 61069.00 | BIAS: BULLISH | ER: 0.34 | VEL: 1.3
[2026-05-06 10:10:03,157] INFO:  >> [GUARD] JP225 position already active. Skipping.
[2026-05-06 10:10:03,164] INFO:  >> [HARVESTER] OMEGA is dominating. Scaling in reinforcements...
 !!! [MT5_RETRY_0] Order failed: AutoTrading disabled by server (Code: 10026)
[2026-05-06 10:10:03,165] ERROR:  !!! [MT5_RETRY_0] Order failed: AutoTrading disabled by server (Code: 10026)
 !!! [MT5_RETRY_1] Order failed: AutoTrading disabled by server (Code: 10026)
[2026-05-06 10:10:03,165] ERROR:  !!! [MT5_RETRY_1] Order failed: AutoTrading disabled by server (Code: 10026)
 !!! [MT5_RETRY_2] Order failed: AutoTrading disabled by server (Code: 10026)
[2026-05-06 10:10:03,165] ERROR:  !!! [MT5_RETRY_2] Order failed: AutoTrading disabled by server (Code: 10026)
[2026-05-06 10:10:13,493] INFO: SCANNING: JP225 | PRICE: 61069.00 | BIAS: BULLISH | ER: 0.34 | VEL: 1.3
[2026-05-06 10:10:13,493] INFO:  >> [GUARD] JP225 position already active. Skipping.
[2026-05-06 10:10:13,532] INFO:  >> [HARVESTER] OMEGA is dominating. Scaling in reinforcements...
 !!! [MT5_RETRY_0] Order failed: AutoTrading disabled by server (Code: 10026)
[2026-05-06 10:10:13,534] ERROR:  !!! [MT5_RETRY_0] Order failed: AutoTrading disabled by server (Code: 10026)
 !!! [MT5_RETRY_1] Order failed: AutoTrading disabled by server (Code: 10026)
[2026-05-06 10:10:13,534] ERROR:  !!! [MT5_RETRY_1] Order failed: AutoTrading disabled by server (Code: 10026)
 !!! [MT5_RETRY_2] Order failed: AutoTrading disabled by server (Code: 10026)
[2026-05-06 10:10:13,534] ERROR:  !!! [MT5_RETRY_2] Order failed: AutoTrading disabled by server (Code: 10026)
[2026-05-06 10:10:23,893] INFO: SCANNING: JP225 | PRICE: 61083.90 | BIAS: BULLISH | ER: 0.35 | VEL: 1.14
[2026-05-06 10:10:23,893] INFO:  >> [GUARD] JP225 position already active. Skipping.
[2026-05-06 10:10:23,938] INFO:  >> [HARVESTER] OMEGA is dominating. Scaling in reinforcements...
 !!! [MT5_RETRY_0] Order failed: AutoTrading disabled by server (Code: 10026)
[2026-05-06 10:10:23,939] ERROR:  !!! [MT5_RETRY_0] Order failed: AutoTrading disabled by server (Code: 10026)
 !!! [MT5_RETRY_1] Order failed: AutoTrading disabled by server (Code: 10026)
[2026-05-06 10:10:23,939] ERROR:  !!! [MT5_RETRY_1] Order failed: AutoTrading disabled by server (Code: 10026)
 !!! [MT5_RETRY_2] Order failed: AutoTrading disabled by server (Code: 10026)
[2026-05-06 10:10:23,940] ERROR:  !!! [MT5_RETRY_2] Order failed: AutoTrading disabled by server (Code: 10026)
[2026-05-06 10:10:34,256] INFO: SCANNING: JP225 | PRICE: 61076.70 | BIAS: BULLISH | ER: 0.35 | VEL: 1.21
[2026-05-06 10:10:34,256] INFO:  >> [GUARD] JP225 position already active. Skipping.
[2026-05-06 10:10:34,261] INFO:  >> [HARVESTER] OMEGA is dominating. Scaling in reinforcements...
 !!! [MT5_RETRY_0] Order failed: AutoTrading disabled by server (Code: 10026)
[2026-05-06 10:10:34,261] ERROR:  !!! [MT5_RETRY_0] Order failed: AutoTrading disabled by server (Code: 10026)
 !!! [MT5_RETRY_1] Order failed: AutoTrading disabled by server (Code: 10026)
[2026-05-06 10:10:34,261] ERROR:  !!! [MT5_RETRY_1] Order failed: AutoTrading disabled by server (Code: 10026)
 !!! [MT5_RETRY_2] Order failed: AutoTrading disabled by server (Code: 10026)
[2026-05-06 10:10:34,261] ERROR:  !!! [MT5_RETRY_2] Order failed: AutoTrading disabled by server (Code: 10026)
[2026-05-06 10:10:44,646] INFO: SCANNING: JP225 | PRICE: 61083.40 | BIAS: BULLISH | ER: 0.35 | VEL: 1.15
[2026-05-06 10:10:44,646] INFO:  >> [GUARD] JP225 position already active. Skipping.
[2026-05-06 10:10:44,688] INFO:  >> [HARVESTER] OMEGA is dominating. Scaling in reinforcements...
 !!! [MT5_RETRY_0] Order failed: AutoTrading disabled by server (Code: 10026)
[2026-05-06 10:10:44,690] ERROR:  !!! [MT5_RETRY_0] Order failed: AutoTrading disabled by server (Code: 10026)
 !!! [MT5_RETRY_1] Order failed: AutoTrading disabled by server (Code: 10026)
[2026-05-06 10:10:44,690] ERROR:  !!! [MT5_RETRY_1] Order failed: AutoTrading disabled by server (Code: 10026)
 !!! [MT5_RETRY_2] Order failed: AutoTrading disabled by server (Code: 10026)
[2026-05-06 10:10:44,691] ERROR:  !!! [MT5_RETRY_2] Order failed: AutoTrading disabled by server (Code: 10026)
[2026-05-06 10:10:55,009] INFO: SCANNING: JP225 | PRICE: 61078.50 | BIAS: BULLISH | ER: 0.35 | VEL: 1.19
[2026-05-06 10:10:55,010] INFO:  >> [GUARD] JP225 position already active. Skipping.
[2026-05-06 10:10:55,066] INFO:  >> [HARVESTER] OMEGA is dominating. Scaling in reinforcements...
 !!! [MT5_RETRY_0] Order failed: AutoTrading disabled by server (Code: 10026)
[2026-05-06 10:10:55,067] ERROR:  !!! [MT5_RETRY_0] Order failed: AutoTrading disabled by server (Code: 10026)
 !!! [MT5_RETRY_1] Order failed: AutoTrading disabled by server (Code: 10026)
[2026-05-06 10:10:55,067] ERROR:  !!! [MT5_RETRY_1] Order failed: AutoTrading disabled by server (Code: 10026)
 !!! [MT5_RETRY_2] Order failed: AutoTrading disabled by server (Code: 10026)
[2026-05-06 10:10:55,068] ERROR:  !!! [MT5_RETRY_2] Order failed: AutoTrading disabled by server (Code: 10026)
[2026-05-06 10:11:05,385] INFO: SCANNING: JP225 | PRICE: 61081.10 | BIAS: BULLISH | ER: 0.35 | VEL: 1.16
[2026-05-06 10:11:05,385] INFO:  >> [GUARD] JP225 position already active. Skipping.
[2026-05-06 10:11:05,389] INFO:  >> [HARVESTER] OMEGA is dominating. Scaling in reinforcements...
 !!! [MT5_RETRY_0] Order failed: AutoTrading disabled by server (Code: 10026)
[2026-05-06 10:11:05,389] ERROR:  !!! [MT5_RETRY_0] Order failed: AutoTrading disabled by server (Code: 10026)
 !!! [MT5_RETRY_1] Order failed: AutoTrading disabled by server (Code: 10026)
[2026-05-06 10:11:05,389] ERROR:  !!! [MT5_RETRY_1] Order failed: AutoTrading disabled by server (Code: 10026)
 !!! [MT5_RETRY_2] Order failed: AutoTrading disabled by server (Code: 10026)
[2026-05-06 10:11:05,390] ERROR:  !!! [MT5_RETRY_2] Order failed: AutoTrading disabled by server (Code: 10026)
[2026-05-06 10:11:15,713] INFO: SCANNING: JP225 | PRICE: 61079.60 | BIAS: BULLISH | ER: 0.35 | VEL: 1.18
[2026-05-06 10:11:15,713] INFO:  >> [GUARD] JP225 position already active. Skipping.
[2026-05-06 10:11:15,718] INFO:  >> [HARVESTER] OMEGA is dominating. Scaling in reinforcements...
 !!! [MT5_RETRY_0] Order failed: AutoTrading disabled by server (Code: 10026)
[2026-05-06 10:11:15,718] ERROR:  !!! [MT5_RETRY_0] Order failed: AutoTrading disabled by server (Code: 10026)
 !!! [MT5_RETRY_1] Order failed: AutoTrading disabled by server (Code: 10026)
[2026-05-06 10:11:15,719] ERROR:  !!! [MT5_RETRY_1] Order failed: AutoTrading disabled by server (Code: 10026)
 !!! [MT5_RETRY_2] Order failed: AutoTrading disabled by server (Code: 10026)
[2026-05-06 10:11:15,719] ERROR:  !!! [MT5_RETRY_2] Order failed: AutoTrading disabled by server (Code: 10026)
[2026-05-06 10:11:26,097] INFO: SCANNING: JP225 | PRICE: 61078.50 | BIAS: BULLISH | ER: 0.35 | VEL: 1.19
[2026-05-06 10:11:26,097] INFO:  >> [GUARD] JP225 position already active. Skipping.
[2026-05-06 10:11:26,140] INFO:  >> [HARVESTER] OMEGA is dominating. Scaling in reinforcements...
 !!! [MT5_RETRY_0] Order failed: AutoTrading disabled by server (Code: 10026)
[2026-05-06 10:11:26,141] ERROR:  !!! [MT5_RETRY_0] Order failed: AutoTrading disabled by server (Code: 10026)
 !!! [MT5_RETRY_1] Order failed: AutoTrading disabled by server (Code: 10026)
[2026-05-06 10:11:26,141] ERROR:  !!! [MT5_RETRY_1] Order failed: AutoTrading disabled by server (Code: 10026)
 !!! [MT5_RETRY_2] Order failed: AutoTrading disabled by server (Code: 10026)
[2026-05-06 10:11:26,141] ERROR:  !!! [MT5_RETRY_2] Order failed: AutoTrading disabled by server (Code: 10026)
[2026-05-06 10:11:36,512] INFO: SCANNING: JP225 | PRICE: 61078.50 | BIAS: BULLISH | ER: 0.35 | VEL: 1.19
[2026-05-06 10:11:36,512] INFO:  >> [GUARD] JP225 position already active. Skipping.
[2026-05-06 10:11:36,533] INFO:  >> [HARVESTER] OMEGA is dominating. Scaling in reinforcements...
 !!! [MT5_RETRY_0] Order failed: AutoTrading disabled by server (Code: 10026)
[2026-05-06 10:11:36,535] ERROR:  !!! [MT5_RETRY_0] Order failed: AutoTrading disabled by server (Code: 10026)
 !!! [MT5_RETRY_1] Order failed: AutoTrading disabled by server (Code: 10026)
[2026-05-06 10:11:36,535] ERROR:  !!! [MT5_RETRY_1] Order failed: AutoTrading disabled by server (Code: 10026)
 !!! [MT5_RETRY_2] Order failed: AutoTrading disabled by server (Code: 10026)
[2026-05-06 10:11:36,535] ERROR:  !!! [MT5_RETRY_2] Order failed: AutoTrading disabled by server (Code: 10026)
[2026-05-06 10:11:46,854] INFO: SCANNING: JP225 | PRICE: 61079.90 | BIAS: BULLISH | ER: 0.35 | VEL: 1.17
[2026-05-06 10:11:46,854] INFO:  >> [GUARD] JP225 position already active. Skipping.
[2026-05-06 10:11:46,868] INFO:  >> [HARVESTER] OMEGA is dominating. Scaling in reinforcements...
 !!! [MT5_RETRY_0] Order failed: AutoTrading disabled by server (Code: 10026)
[2026-05-06 10:11:46,868] ERROR:  !!! [MT5_RETRY_0] Order failed: AutoTrading disabled by server (Code: 10026)
 !!! [MT5_RETRY_1] Order failed: AutoTrading disabled by server (Code: 10026)
[2026-05-06 10:11:46,869] ERROR:  !!! [MT5_RETRY_1] Order failed: AutoTrading disabled by server (Code: 10026)
 !!! [MT5_RETRY_2] Order failed: AutoTrading disabled by server (Code: 10026)
[2026-05-06 10:11:46,869] ERROR:  !!! [MT5_RETRY_2] Order failed: AutoTrading disabled by server (Code: 10026)
[2026-05-06 10:11:57,240] INFO: SCANNING: JP225 | PRICE: 61078.90 | BIAS: BULLISH | ER: 0.35 | VEL: 1.18
[2026-05-06 10:11:57,240] INFO:  >> [GUARD] JP225 position already active. Skipping.
[2026-05-06 10:11:57,280] INFO:  >> [HARVESTER] OMEGA is dominating. Scaling in reinforcements...
 !!! [MT5_RETRY_0] Order failed: AutoTrading disabled by server (Code: 10026)
[2026-05-06 10:11:57,280] ERROR:  !!! [MT5_RETRY_0] Order failed: AutoTrading disabled by server (Code: 10026)
 !!! [MT5_RETRY_1] Order failed: AutoTrading disabled by server (Code: 10026)
[2026-05-06 10:11:57,280] ERROR:  !!! [MT5_RETRY_1] Order failed: AutoTrading disabled by server (Code: 10026)
 !!! [MT5_RETRY_2] Order failed: AutoTrading disabled by server (Code: 10026)
[2026-05-06 10:11:57,280] ERROR:  !!! [MT5_RETRY_2] Order failed: AutoTrading disabled by server (Code: 10026)
[2026-05-06 10:12:07,633] INFO: SCANNING: JP225 | PRICE: 61074.20 | BIAS: BULLISH | ER: 0.35 | VEL: 1.23
[2026-05-06 10:12:07,633] INFO:  >> [GUARD] JP225 position already active. Skipping.
[2026-05-06 10:12:07,684] INFO:  >> [HARVESTER] OMEGA is dominating. Scaling in reinforcements...
 !!! [MT5_RETRY_0] Order failed: AutoTrading disabled by server (Code: 10026)
[2026-05-06 10:12:07,684] ERROR:  !!! [MT5_RETRY_0] Order failed: AutoTrading disabled by server (Code: 10026)
 !!! [MT5_RETRY_1] Order failed: AutoTrading disabled by server (Code: 10026)
[2026-05-06 10:12:07,686] ERROR:  !!! [MT5_RETRY_1] Order failed: AutoTrading disabled by server (Code: 10026)
 !!! [MT5_RETRY_2] Order failed: AutoTrading disabled by server (Code: 10026)
[2026-05-06 10:12:07,686] ERROR:  !!! [MT5_RETRY_2] Order failed: AutoTrading disabled by server (Code: 10026)
[2026-05-06 10:12:18,064] INFO: SCANNING: JP225 | PRICE: 61074.20 | BIAS: BULLISH | ER: 0.35 | VEL: 1.23
[2026-05-06 10:12:18,064] INFO:  >> [GUARD] JP225 position already active. Skipping.
[2026-05-06 10:12:18,106] INFO:  >> [HARVESTER] OMEGA is dominating. Scaling in reinforcements...
 !!! [MT5_RETRY_0] Order failed: AutoTrading disabled by server (Code: 10026)
[2026-05-06 10:12:18,106] ERROR:  !!! [MT5_RETRY_0] Order failed: AutoTrading disabled by server (Code: 10026)
 !!! [MT5_RETRY_1] Order failed: AutoTrading disabled by server (Code: 10026)
[2026-05-06 10:12:18,106] ERROR:  !!! [MT5_RETRY_1] Order failed: AutoTrading disabled by server (Code: 10026)
 !!! [MT5_RETRY_2] Order failed: AutoTrading disabled by server (Code: 10026)
[2026-05-06 10:12:18,106] ERROR:  !!! [MT5_RETRY_2] Order failed: AutoTrading disabled by server (Code: 10026)
[2026-05-06 10:12:28,425] INFO: SCANNING: JP225 | PRICE: 61074.20 | BIAS: BULLISH | ER: 0.35 | VEL: 1.23
[2026-05-06 10:12:28,425] INFO:  >> [GUARD] JP225 position already active. Skipping.
[2026-05-06 10:12:28,465] INFO:  >> [HARVESTER] OMEGA is dominating. Scaling in reinforcements...
 !!! [MT5_RETRY_0] Order failed: AutoTrading disabled by server (Code: 10026)
[2026-05-06 10:12:28,465] ERROR:  !!! [MT5_RETRY_0] Order failed: AutoTrading disabled by server (Code: 10026)
 !!! [MT5_RETRY_1] Order failed: AutoTrading disabled by server (Code: 10026)
[2026-05-06 10:12:28,466] ERROR:  !!! [MT5_RETRY_1] Order failed: AutoTrading disabled by server (Code: 10026)
 !!! [MT5_RETRY_2] Order failed: AutoTrading disabled by server (Code: 10026)
[2026-05-06 10:12:28,466] ERROR:  !!! [MT5_RETRY_2] Order failed: AutoTrading disabled by server (Code: 10026)
[2026-05-06 10:12:38,782] INFO: SCANNING: JP225 | PRICE: 61078.50 | BIAS: BULLISH | ER: 0.35 | VEL: 1.19
[2026-05-06 10:12:38,782] INFO:  >> [GUARD] JP225 position already active. Skipping.
[2026-05-06 10:12:38,786] INFO:  >> [HARVESTER] OMEGA is dominating. Scaling in reinforcements...
 !!! [MT5_RETRY_0] Order failed: AutoTrading disabled by server (Code: 10026)
[2026-05-06 10:12:38,787] ERROR:  !!! [MT5_RETRY_0] Order failed: AutoTrading disabled by server (Code: 10026)
 !!! [MT5_RETRY_1] Order failed: AutoTrading disabled by server (Code: 10026)
[2026-05-06 10:12:38,788] ERROR:  !!! [MT5_RETRY_1] Order failed: AutoTrading disabled by server (Code: 10026)
 !!! [MT5_RETRY_2] Order failed: AutoTrading disabled by server (Code: 10026)
[2026-05-06 10:12:38,789] ERROR:  !!! [MT5_RETRY_2] Order failed: AutoTrading disabled by server (Code: 10026)
[2026-05-06 10:12:49,121] INFO: SCANNING: JP225 | PRICE: 61088.80 | BIAS: BULLISH | ER: 0.36 | VEL: 1.09
[2026-05-06 10:12:49,121] INFO:  >> [GUARD] JP225 position already active. Skipping.
[2026-05-06 10:12:49,129] INFO:  >> [HARVESTER] OMEGA is dominating. Scaling in reinforcements...
 !!! [MT5_RETRY_0] Order failed: AutoTrading disabled by server (Code: 10026)
[2026-05-06 10:12:49,130] ERROR:  !!! [MT5_RETRY_0] Order failed: AutoTrading disabled by server (Code: 10026)
 !!! [MT5_RETRY_1] Order failed: AutoTrading disabled by server (Code: 10026)
[2026-05-06 10:12:49,130] ERROR:  !!! [MT5_RETRY_1] Order failed: AutoTrading disabled by server (Code: 10026)
 !!! [MT5_RETRY_2] Order failed: AutoTrading disabled by server (Code: 10026)
[2026-05-06 10:12:49,130] ERROR:  !!! [MT5_RETRY_2] Order failed: AutoTrading disabled by server (Code: 10026)
[2026-05-06 10:12:59,492] INFO: SCANNING: JP225 | PRICE: 61094.40 | BIAS: BULLISH | ER: 0.36 | VEL: 1.02
[2026-05-06 10:12:59,493] INFO:  >> [GUARD] JP225 position already active. Skipping.
[2026-05-06 10:12:59,532] INFO:  >> [HARVESTER] OMEGA is dominating. Scaling in reinforcements...
 !!! [MT5_RETRY_0] Order failed: AutoTrading disabled by server (Code: 10026)
[2026-05-06 10:12:59,533] ERROR:  !!! [MT5_RETRY_0] Order failed: AutoTrading disabled by server (Code: 10026)
 !!! [MT5_RETRY_1] Order failed: AutoTrading disabled by server (Code: 10026)
[2026-05-06 10:12:59,533] ERROR:  !!! [MT5_RETRY_1] Order failed: AutoTrading disabled by server (Code: 10026)
 !!! [MT5_RETRY_2] Order failed: AutoTrading disabled by server (Code: 10026)
[2026-05-06 10:12:59,533] ERROR:  !!! [MT5_RETRY_2] Order failed: AutoTrading disabled by server (Code: 10026)
[2026-05-06 10:13:09,903] INFO:  >> [HARVESTER] OMEGA is dominating. Scaling in reinforcements...
[2026-05-06 10:13:20,235] INFO:  >> [HARVESTER] OMEGA is dominating. Scaling in reinforcements...
[2026-05-06 10:13:30,646] INFO:  >> [HARVESTER] OMEGA is dominating. Scaling in reinforcements...
[2026-05-06 10:13:40,993] INFO:  >> [HARVESTER] OMEGA is dominating. Scaling in reinforcements...
[2026-05-06 10:13:51,363] INFO:  >> [HARVESTER] OMEGA is dominating. Scaling in reinforcements...
[2026-05-06 10:14:01,730] INFO:  >> [HARVESTER] OMEGA is dominating. Scaling in reinforcements...
[2026-05-06 10:14:12,091] INFO:  >> [HARVESTER] OMEGA is dominating. Scaling in reinforcements...
[2026-05-06 10:14:22,431] INFO:  >> [HARVESTER] OMEGA is dominating. Scaling in reinforcements...
[2026-05-06 10:14:32,753] INFO:  >> [HARVESTER] OMEGA is dominating. Scaling in reinforcements...
[2026-05-06 10:14:43,073] INFO:  >> [HARVESTER] OMEGA is dominating. Scaling in reinforcements...
[2026-05-06 10:14:53,394] INFO:  >> [HARVESTER] OMEGA is dominating. Scaling in reinforcements...
[2026-05-06 10:15:03,726] INFO:  >> [HARVESTER] OMEGA is dominating. Scaling in reinforcements...
[2026-05-06 10:15:14,061] INFO:  >> [HARVESTER] OMEGA is dominating. Scaling in reinforcements...
[2026-05-06 10:15:24,385] INFO:  >> [HARVESTER] OMEGA is dominating. Scaling in reinforcements...
[2026-05-06 10:15:34,723] INFO:  >> [HARVESTER] OMEGA is dominating. Scaling in reinforcements...
[2026-05-06 10:15:45,044] INFO:  >> [HARVESTER] OMEGA is dominating. Scaling in reinforcements...
[2026-05-06 10:15:55,362] INFO:  >> [HARVESTER] OMEGA is dominating. Scaling in reinforcements...
[2026-05-06 10:16:05,785] INFO:  >> [HARVESTER] OMEGA is dominating. Scaling in reinforcements...
[2026-05-06 10:16:16,166] INFO:  >> [HARVESTER] OMEGA is dominating. Scaling in reinforcements...
[2026-05-06 10:16:26,546] INFO:  >> [HARVESTER] OMEGA is dominating. Scaling in reinforcements...
[2026-05-06 10:16:36,868] INFO:  >> [HARVESTER] OMEGA is dominating. Scaling in reinforcements...
[2026-05-06 10:16:47,261] INFO:  >> [HARVESTER] OMEGA is dominating. Scaling in reinforcements...
[2026-05-06 10:16:57,628] INFO:  >> [HARVESTER] OMEGA is dominating. Scaling in reinforcements...
[2026-05-06 10:17:07,955] INFO:  >> [HARVESTER] OMEGA is dominating. Scaling in reinforcements...
[2026-05-06 10:17:18,316] INFO:  >> [HARVESTER] OMEGA is dominating. Scaling in reinforcements...
[2026-05-06 10:17:28,642] INFO:  >> [HARVESTER] OMEGA is dominating. Scaling in reinforcements...
[2026-05-06 10:17:38,997] INFO:  >> [HARVESTER] OMEGA is dominating. Scaling in reinforcements...
[2026-05-06 10:17:49,370] INFO:  >> [HARVESTER] OMEGA is dominating. Scaling in reinforcements...
[2026-05-06 10:17:59,770] INFO:  >> [HARVESTER] OMEGA is dominating. Scaling in reinforcements...
[2026-05-06 10:18:10,089] INFO:  >> [HARVESTER] OMEGA is dominating. Scaling in reinforcements...
[2026-05-06 10:18:20,423] INFO:  >> [HARVESTER] OMEGA is dominating. Scaling in reinforcements...
[2026-05-06 10:18:30,819] INFO:  >> [HARVESTER] OMEGA is dominating. Scaling in reinforcements...
[2026-05-06 10:18:41,145] INFO:  >> [HARVESTER] OMEGA is dominating. Scaling in reinforcements...
[2026-05-06 10:18:51,466] INFO:  >> [HARVESTER] OMEGA is dominating. Scaling in reinforcements...
[2026-05-06 10:19:01,831] INFO:  >> [HARVESTER] OMEGA is dominating. Scaling in reinforcements...
[2026-05-06 10:19:12,172] INFO:  >> [HARVESTER] OMEGA is dominating. Scaling in reinforcements...
[2026-05-06 10:19:22,533] INFO:  >> [HARVESTER] OMEGA is dominating. Scaling in reinforcements...
[2026-05-06 10:19:32,851] INFO:  >> [HARVESTER] OMEGA is dominating. Scaling in reinforcements...
[2026-05-06 10:19:43,187] INFO:  >> [HARVESTER] OMEGA is dominating. Scaling in reinforcements...
[2026-05-06 10:19:53,540] INFO:  >> [HARVESTER] OMEGA is dominating. Scaling in reinforcements...
[2026-05-06 10:20:03,854] INFO:  >> [HARVESTER] OMEGA is dominating. Scaling in reinforcements...
[2026-05-06 10:20:14,179] INFO:  >> [HARVESTER] OMEGA is dominating. Scaling in reinforcements...
[2026-05-06 10:20:24,538] INFO:  >> [HARVESTER] OMEGA is dominating. Scaling in reinforcements...
[2026-05-06 10:20:34,874] INFO:  >> [HARVESTER] OMEGA is dominating. Scaling in reinforcements...
[2026-05-06 10:20:45,295] INFO:  >> [HARVESTER] OMEGA is dominating. Scaling in reinforcements...
[2026-05-06 10:20:55,702] INFO:  >> [HARVESTER] OMEGA is dominating. Scaling in reinforcements...
[2026-05-06 10:21:06,035] INFO:  >> [HARVESTER] OMEGA is dominating. Scaling in reinforcements...
[2026-05-06 10:21:16,426] INFO:  >> [HARVESTER] OMEGA is dominating. Scaling in reinforcements...
[2026-05-06 10:21:26,746] INFO:  >> [HARVESTER] OMEGA is dominating. Scaling in reinforcements...
[2026-05-06 10:21:37,104] INFO:  >> [HARVESTER] OMEGA is dominating. Scaling in reinforcements...
[2026-05-06 10:21:47,468] INFO:  >> [HARVESTER] OMEGA is dominating. Scaling in reinforcements...
[2026-05-06 10:21:57,867] INFO:  >> [HARVESTER] OMEGA is dominating. Scaling in reinforcements...
[2026-05-06 10:22:08,195] INFO:  >> [HARVESTER] OMEGA is dominating. Scaling in reinforcements...
[2026-05-06 10:22:18,567] INFO:  >> [HARVESTER] OMEGA is dominating. Scaling in reinforcements...
[2026-05-06 10:22:28,931] INFO:  >> [HARVESTER] OMEGA is dominating. Scaling in reinforcements...
[2026-05-06 10:22:39,309] INFO:  >> [HARVESTER] OMEGA is dominating. Scaling in reinforcements...
[2026-05-06 10:22:49,701] INFO:  >> [HARVESTER] OMEGA is dominating. Scaling in reinforcements...
[2026-05-06 10:23:00,058] INFO:  >> [HARVESTER] OMEGA is dominating. Scaling in reinforcements...
[2026-05-06 10:23:10,469] INFO:  >> [HARVESTER] OMEGA is dominating. Scaling in reinforcements...
[2026-05-06 10:23:20,798] INFO:  >> [HARVESTER] OMEGA is dominating. Scaling in reinforcements...
[2026-05-06 10:23:31,165] INFO:  >> [HARVESTER] OMEGA is dominating. Scaling in reinforcements...
[2026-05-06 10:23:41,515] INFO:  >> [HARVESTER] OMEGA is dominating. Scaling in reinforcements...
[2026-05-06 10:23:51,911] INFO:  >> [HARVESTER] OMEGA is dominating. Scaling in reinforcements...
[2026-05-06 10:24:02,243] INFO:  >> [HARVESTER] OMEGA is dominating. Scaling in reinforcements...
[2026-05-06 10:24:12,631] INFO:  >> [HARVESTER] OMEGA is dominating. Scaling in reinforcements...
[2026-05-06 10:24:22,995] INFO:  >> [HARVESTER] OMEGA is dominating. Scaling in reinforcements...
[2026-05-06 10:24:33,396] INFO:  >> [HARVESTER] OMEGA is dominating. Scaling in reinforcements...
[2026-05-06 10:24:43,719] INFO:  >> [HARVESTER] OMEGA is dominating. Scaling in reinforcements...
[2026-05-06 10:24:54,054] INFO:  >> [HARVESTER] OMEGA is dominating. Scaling in reinforcements...
[2026-05-06 10:25:04,478] INFO:  >> [HARVESTER] OMEGA is dominating. Scaling in reinforcements...
[2026-05-06 10:25:14,856] INFO:  >> [HARVESTER] OMEGA is dominating. Scaling in reinforcements...
[2026-05-06 10:25:25,172] INFO:  >> [HARVESTER] OMEGA is dominating. Scaling in reinforcements...
[2026-05-06 10:25:35,521] INFO:  >> [HARVESTER] OMEGA is dominating. Scaling in reinforcements...
[2026-05-06 10:25:45,841] INFO:  >> [HARVESTER] OMEGA is dominating. Scaling in reinforcements...
[2026-05-06 10:25:56,165] INFO:  >> [HARVESTER] OMEGA is dominating. Scaling in reinforcements...
[2026-05-06 10:26:06,522] INFO:  >> [HARVESTER] OMEGA is dominating. Scaling in reinforcements...
[2026-05-06 10:26:16,916] INFO:  >> [HARVESTER] OMEGA is dominating. Scaling in reinforcements...
[2026-05-06 10:26:27,244] INFO:  >> [HARVESTER] OMEGA is dominating. Scaling in reinforcements...
[2026-05-06 10:26:37,576] INFO:  >> [HARVESTER] OMEGA is dominating. Scaling in reinforcements...
[2026-05-06 10:26:47,916] INFO:  >> [HARVESTER] OMEGA is dominating. Scaling in reinforcements...
[2026-05-06 10:26:58,279] INFO:  >> [HARVESTER] OMEGA is dominating. Scaling in reinforcements...
[2026-05-06 10:27:08,639] INFO:  >> [HARVESTER] OMEGA is dominating. Scaling in reinforcements...
[2026-05-06 10:27:19,040] INFO:  >> [HARVESTER] OMEGA is dominating. Scaling in reinforcements...
[2026-05-06 10:27:29,454] INFO:  >> [HARVESTER] OMEGA is dominating. Scaling in reinforcements...
[2026-05-06 10:27:39,799] INFO:  >> [HARVESTER] OMEGA is dominating. Scaling in reinforcements...
[2026-05-06 10:27:50,165] INFO:  >> [HARVESTER] OMEGA is dominating. Scaling in reinforcements...
[2026-05-06 10:28:00,519] INFO:  >> [HARVESTER] OMEGA is dominating. Scaling in reinforcements...
[2026-05-06 10:28:10,921] INFO:  >> [HARVESTER] OMEGA is dominating. Scaling in reinforcements...
[2026-05-06 10:28:21,306] INFO:  >> [HARVESTER] OMEGA is dominating. Scaling in reinforcements...
[2026-05-06 10:28:31,710] INFO:  >> [HARVESTER] OMEGA is dominating. Scaling in reinforcements...
[2026-05-06 10:28:42,097] INFO:  >> [HARVESTER] OMEGA is dominating. Scaling in reinforcements...
[2026-05-06 10:28:52,491] INFO:  >> [HARVESTER] OMEGA is dominating. Scaling in reinforcements...
[2026-05-06 10:29:02,886] INFO:  >> [HARVESTER] OMEGA is dominating. Scaling in reinforcements...
[2026-05-06 10:29:13,247] INFO:  >> [HARVESTER] OMEGA is dominating. Scaling in reinforcements...
[2026-05-06 10:29:23,611] INFO:  >> [HARVESTER] OMEGA is dominating. Scaling in reinforcements...
[2026-05-06 10:29:33,931] INFO:  >> [HARVESTER] OMEGA is dominating. Scaling in reinforcements...
[2026-05-06 10:29:44,290] INFO:  >> [HARVESTER] OMEGA is dominating. Scaling in reinforcements...
[2026-05-06 10:29:54,641] INFO:  >> [HARVESTER] OMEGA is dominating. Scaling in reinforcements...
[2026-05-06 10:30:04,960] INFO:  >> [HARVESTER] OMEGA is dominating. Scaling in reinforcements...
[2026-05-06 10:30:15,342] INFO:  >> [HARVESTER] OMEGA is dominating. Scaling in reinforcements...
[2026-05-06 10:30:25,713] INFO:  >> [HARVESTER] OMEGA is dominating. Scaling in reinforcements...
[2026-05-06 10:30:36,065] INFO:  >> [HARVESTER] OMEGA is dominating. Scaling in reinforcements...
[2026-05-06 10:30:46,405] INFO:  >> [HARVESTER] OMEGA is dominating. Scaling in reinforcements...
[2026-05-06 10:30:56,735] INFO:  >> [HARVESTER] OMEGA is dominating. Scaling in reinforcements...
[2026-05-06 10:31:07,061] INFO:  >> [HARVESTER] OMEGA is dominating. Scaling in reinforcements...
[2026-05-06 10:31:17,381] INFO:  >> [HARVESTER] OMEGA is dominating. Scaling in reinforcements...
[2026-05-06 10:31:27,706] INFO:  >> [HARVESTER] OMEGA is dominating. Scaling in reinforcements...
[2026-05-06 10:31:38,033] INFO:  >> [HARVESTER] OMEGA is dominating. Scaling in reinforcements...
[2026-05-06 10:31:48,351] INFO:  >> [HARVESTER] OMEGA is dominating. Scaling in reinforcements...
[2026-05-06 10:31:58,683] INFO:  >> [HARVESTER] OMEGA is dominating. Scaling in reinforcements...
[2026-05-06 10:32:08,998] INFO:  >> [HARVESTER] OMEGA is dominating. Scaling in reinforcements...
[2026-05-06 10:32:19,337] INFO:  >> [HARVESTER] OMEGA is dominating. Scaling in reinforcements...
[2026-05-06 10:32:29,665] INFO:  >> [HARVESTER] OMEGA is dominating. Scaling in reinforcements...
[2026-05-06 10:32:39,989] INFO:  >> [HARVESTER] OMEGA is dominating. Scaling in reinforcements...
[2026-05-06 10:32:50,314] INFO:  >> [HARVESTER] OMEGA is dominating. Scaling in reinforcements...
[2026-05-06 10:33:00,643] INFO:  >> [HARVESTER] OMEGA is dominating. Scaling in reinforcements...
[2026-05-06 10:33:10,972] INFO:  >> [HARVESTER] OMEGA is dominating. Scaling in reinforcements...
[2026-05-06 10:33:21,298] INFO:  >> [HARVESTER] OMEGA is dominating. Scaling in reinforcements...
[2026-05-06 10:33:31,631] INFO:  >> [HARVESTER] OMEGA is dominating. Scaling in reinforcements...
[2026-05-06 10:33:41,948] INFO:  >> [HARVESTER] OMEGA is dominating. Scaling in reinforcements...
[2026-05-06 11:49:35,411] INFO: --- IRON CORE ENGINE v3.0 ACTIVE ---
[2026-05-06 11:49:41,544] INFO: SCANNING: JP225 | PRICE: 60971.10 | BIAS: BEARISH | ER: 0.43 | VEL: 1.7
[2026-05-06 11:49:41,545] INFO:  >> [GUARD] JP225 position already active. Skipping.
[2026-05-06 11:49:41,545] INFO:  >> [HARVESTER] OMEGA is dominating. Scaling in reinforcements...
[2026-05-06 11:49:41,545] ERROR:  !! [HARVESTER_ERR] cannot access local variable 'lot' where it is not associated with a value
[2026-05-06 11:49:51,924] INFO: SCANNING: JP225 | PRICE: 61006.20 | BIAS: BULLISH | ER: 0.43 | VEL: 1.37
[2026-05-06 11:49:51,926] INFO:  >> [GUARD] JP225 position already active. Skipping.
[2026-05-06 11:49:51,931] INFO:  >> [HARVESTER] OMEGA is dominating. Scaling in reinforcements...
[2026-05-06 11:49:51,931] ERROR:  !! [HARVESTER_ERR] cannot access local variable 'lot' where it is not associated with a value
[2026-05-06 11:50:02,237] INFO: SCANNING: JP225 | PRICE: 60986.20 | BIAS: BEARISH | ER: 0.43 | VEL: 1.56
[2026-05-06 11:50:02,238] INFO:  >> [GUARD] JP225 position already active. Skipping.
[2026-05-06 11:50:02,299] INFO:  >> [HARVESTER] OMEGA is dominating. Scaling in reinforcements...
[2026-05-06 11:50:02,299] ERROR:  !! [HARVESTER_ERR] cannot access local variable 'lot' where it is not associated with a value
[2026-05-06 11:50:12,608] INFO: SCANNING: JP225 | PRICE: 60975.90 | BIAS: BEARISH | ER: 0.43 | VEL: 1.65
[2026-05-06 11:50:12,608] INFO:  >> [GUARD] JP225 position already active. Skipping.
[2026-05-06 11:50:12,613] INFO:  >> [HARVESTER] OMEGA is dominating. Scaling in reinforcements...
[2026-05-06 11:50:12,614] ERROR:  !! [HARVESTER_ERR] cannot access local variable 'lot' where it is not associated with a value
[2026-05-06 11:50:24,280] INFO: --- IRON CORE ENGINE v3.0 ACTIVE ---
[2026-05-06 11:50:29,720] INFO: SCANNING: JP225 | PRICE: 60981.10 | BIAS: BEARISH | ER: 0.43 | VEL: 1.6
[2026-05-06 11:50:29,920] INFO:  >> [GUARD] JP225 position already active.
[2026-05-06 11:50:29,920] INFO:  >> [HARVESTER] JP225 is dominating. Scaling in reinforcements...
[2026-05-06 11:50:40,228] INFO: SCANNING: JP225 | PRICE: 60988.80 | BIAS: BEARISH | ER: 0.43 | VEL: 1.53
[2026-05-06 11:50:40,423] INFO:  >> [GUARD] JP225 position already active.
[2026-05-06 11:50:40,423] INFO:  >> [HARVESTER] JP225 is dominating. Scaling in reinforcements...
[2026-05-06 11:50:50,778] INFO: SCANNING: JP225 | PRICE: 60987.10 | BIAS: BEARISH | ER: 0.43 | VEL: 1.55
[2026-05-06 11:50:50,971] INFO:  >> [GUARD] JP225 position already active.
[2026-05-06 11:50:50,971] INFO:  >> [HARVESTER] JP225 is dominating. Scaling in reinforcements...
[2026-05-06 11:51:01,343] INFO: SCANNING: JP225 | PRICE: 60995.80 | BIAS: BEARISH | ER: 0.43 | VEL: 1.47
[2026-05-06 11:51:01,534] INFO:  >> [GUARD] JP225 position already active.
[2026-05-06 11:51:01,535] INFO:  >> [HARVESTER] JP225 is dominating. Scaling in reinforcements...
[2026-05-06 11:51:11,853] INFO: SCANNING: JP225 | PRICE: 60987.10 | BIAS: BEARISH | ER: 0.43 | VEL: 1.55
[2026-05-06 11:51:12,046] INFO:  >> [GUARD] JP225 position already active.
[2026-05-06 11:51:12,046] INFO:  >> [HARVESTER] JP225 is dominating. Scaling in reinforcements...
[2026-05-06 11:51:22,441] INFO: SCANNING: JP225 | PRICE: 60982.00 | BIAS: BEARISH | ER: 0.43 | VEL: 1.57
[2026-05-06 11:51:22,642] INFO:  >> [GUARD] JP225 position already active.
[2026-05-06 11:51:22,643] INFO:  >> [HARVESTER] JP225 is dominating. Scaling in reinforcements...
[2026-05-06 11:51:32,958] INFO: SCANNING: JP225 | PRICE: 60972.00 | BIAS: BEARISH | ER: 0.43 | VEL: 1.66
[2026-05-06 11:51:33,148] INFO:  >> [GUARD] JP225 position already active.
[2026-05-06 11:51:33,148] INFO:  >> [HARVESTER] JP225 is dominating. Scaling in reinforcements...
[2026-05-06 11:51:43,460] INFO: SCANNING: JP225 | PRICE: 60971.80 | BIAS: BEARISH | ER: 0.43 | VEL: 1.66
[2026-05-06 11:51:43,653] INFO:  >> [GUARD] JP225 position already active.
[2026-05-06 11:51:43,653] INFO:  >> [HARVESTER] JP225 is dominating. Scaling in reinforcements...
[2026-05-06 11:51:53,967] INFO: SCANNING: JP225 | PRICE: 60986.20 | BIAS: BEARISH | ER: 0.43 | VEL: 1.53
[2026-05-06 11:51:54,162] INFO:  >> [GUARD] JP225 position already active.
[2026-05-06 11:51:54,162] INFO:  >> [HARVESTER] JP225 is dominating. Scaling in reinforcements...
[2026-05-06 11:52:04,503] INFO: SCANNING: JP225 | PRICE: 60989.60 | BIAS: BEARISH | ER: 0.43 | VEL: 1.5
[2026-05-06 11:52:04,697] INFO:  >> [GUARD] JP225 position already active.
[2026-05-06 11:52:04,698] INFO:  >> [HARVESTER] JP225 is dominating. Scaling in reinforcements...
[2026-05-06 11:52:15,061] INFO: SCANNING: JP225 | PRICE: 60997.10 | BIAS: BULLISH | ER: 0.43 | VEL: 1.43
[2026-05-06 11:52:15,256] INFO:  >> [GUARD] JP225 position already active.
[2026-05-06 11:52:15,256] INFO:  >> [HARVESTER] JP225 is dominating. Scaling in reinforcements...
[2026-05-06 11:52:25,607] INFO: SCANNING: JP225 | PRICE: 60996.60 | BIAS: BULLISH | ER: 0.43 | VEL: 1.43
[2026-05-06 11:52:25,801] INFO:  >> [GUARD] JP225 position already active.
[2026-05-06 11:52:25,802] INFO:  >> [HARVESTER] JP225 is dominating. Scaling in reinforcements...
[2026-05-06 11:52:36,130] INFO: SCANNING: JP225 | PRICE: 61011.00 | BIAS: BULLISH | ER: 0.43 | VEL: 1.3
[2026-05-06 11:52:36,321] INFO:  >> [GUARD] JP225 position already active.
[2026-05-06 11:52:36,322] INFO:  >> [HARVESTER] JP225 is dominating. Scaling in reinforcements...
[2026-05-06 11:52:41,823] INFO: --- IRON CORE ENGINE v3.0 ACTIVE ---
[2026-05-06 11:52:47,343] INFO:  >> [SAFE_HANDOVER] Syncing AUDUSD SL to 0.72391
[2026-05-06 11:52:47,438] INFO: SCANNING: JP225 | PRICE: 61001.40 | BIAS: BULLISH | ER: 0.43 | VEL: 1.39
[2026-05-06 11:52:47,633] INFO:  >> [GUARD] JP225 position already active.
[2026-05-06 11:52:47,633] INFO:  >> [HARVESTER] JP225 is dominating. Scaling in reinforcements...
[2026-05-06 11:52:57,952] INFO: SCANNING: JP225 | PRICE: 60987.00 | BIAS: BEARISH | ER: 0.43 | VEL: 1.52
[2026-05-06 11:52:58,143] INFO:  >> [GUARD] JP225 position already active.
[2026-05-06 11:52:58,143] INFO:  >> [HARVESTER] JP225 is dominating. Scaling in reinforcements...
[2026-05-06 11:53:08,488] INFO: SCANNING: JP225 | PRICE: 60983.80 | BIAS: BEARISH | ER: 0.43 | VEL: 1.55
[2026-05-06 11:53:08,682] INFO:  >> [GUARD] JP225 position already active.
[2026-05-06 11:53:08,682] INFO:  >> [HARVESTER] JP225 is dominating. Scaling in reinforcements...
[2026-05-06 11:53:19,007] INFO: SCANNING: JP225 | PRICE: 60994.50 | BIAS: BEARISH | ER: 0.43 | VEL: 1.45
[2026-05-06 11:53:19,200] INFO:  >> [GUARD] JP225 position already active.
[2026-05-06 11:53:19,200] INFO:  >> [HARVESTER] JP225 is dominating. Scaling in reinforcements...
[2026-05-06 11:53:29,561] INFO: SCANNING: JP225 | PRICE: 60992.00 | BIAS: BEARISH | ER: 0.43 | VEL: 1.48
[2026-05-06 11:53:29,751] INFO:  >> [GUARD] JP225 position already active.
[2026-05-06 11:53:29,753] INFO:  >> [HARVESTER] JP225 is dominating. Scaling in reinforcements...
[2026-05-06 11:53:40,060] INFO: SCANNING: JP225 | PRICE: 60991.10 | BIAS: BEARISH | ER: 0.43 | VEL: 1.48
[2026-05-06 11:53:40,254] INFO:  >> [GUARD] JP225 position already active.
[2026-05-06 11:53:40,254] INFO:  >> [HARVESTER] JP225 is dominating. Scaling in reinforcements...
[2026-05-06 11:53:50,561] INFO: SCANNING: JP225 | PRICE: 60992.10 | BIAS: BEARISH | ER: 0.43 | VEL: 1.47
[2026-05-06 11:53:50,757] INFO:  >> [GUARD] JP225 position already active.
[2026-05-06 11:53:50,757] INFO:  >> [HARVESTER] JP225 is dominating. Scaling in reinforcements...
[2026-05-06 11:54:01,081] INFO: SCANNING: JP225 | PRICE: 60996.20 | BIAS: BULLISH | ER: 0.43 | VEL: 1.44
[2026-05-06 11:54:01,271] INFO:  >> [GUARD] JP225 position already active.
[2026-05-06 11:54:01,272] INFO:  >> [HARVESTER] JP225 is dominating. Scaling in reinforcements...
[2026-05-06 11:54:11,580] INFO: SCANNING: JP225 | PRICE: 60997.00 | BIAS: BULLISH | ER: 0.43 | VEL: 1.43
[2026-05-06 11:54:11,771] INFO:  >> [GUARD] JP225 position already active.
[2026-05-06 11:54:11,773] INFO:  >> [HARVESTER] JP225 is dominating. Scaling in reinforcements...
[2026-05-06 11:54:22,096] INFO: SCANNING: JP225 | PRICE: 61006.80 | BIAS: BULLISH | ER: 0.43 | VEL: 1.34
[2026-05-06 11:54:22,288] INFO:  >> [GUARD] JP225 position already active.
[2026-05-06 11:54:22,288] INFO:  >> [HARVESTER] JP225 is dominating. Scaling in reinforcements...
[2026-05-06 11:54:32,595] INFO: SCANNING: JP225 | PRICE: 61007.10 | BIAS: BULLISH | ER: 0.43 | VEL: 1.34
[2026-05-06 11:54:32,785] INFO:  >> [GUARD] JP225 position already active.
[2026-05-06 11:54:32,785] INFO:  >> [HARVESTER] JP225 is dominating. Scaling in reinforcements...
[2026-05-06 11:54:43,128] INFO: SCANNING: JP225 | PRICE: 61001.90 | BIAS: BULLISH | ER: 0.43 | VEL: 1.39
[2026-05-06 11:54:43,321] INFO:  >> [GUARD] JP225 position already active.
[2026-05-06 11:54:43,321] INFO:  >> [HARVESTER] JP225 is dominating. Scaling in reinforcements...
[2026-05-06 11:54:53,673] INFO: SCANNING: JP225 | PRICE: 61009.60 | BIAS: BULLISH | ER: 0.43 | VEL: 1.31
[2026-05-06 11:54:53,864] INFO:  >> [GUARD] JP225 position already active.
[2026-05-06 11:54:53,864] INFO:  >> [HARVESTER] JP225 is dominating. Scaling in reinforcements...
[2026-05-06 11:55:04,198] INFO: SCANNING: JP225 | PRICE: 61006.20 | BIAS: BULLISH | ER: 0.43 | VEL: 1.35
[2026-05-06 11:55:04,391] INFO:  >> [GUARD] JP225 position already active.
[2026-05-06 11:55:04,391] INFO:  >> [HARVESTER] JP225 is dominating. Scaling in reinforcements...
[2026-05-06 11:55:14,745] INFO: SCANNING: JP225 | PRICE: 61016.20 | BIAS: BULLISH | ER: 0.43 | VEL: 1.25
[2026-05-06 11:55:14,944] INFO:  >> [GUARD] JP225 position already active.
[2026-05-06 11:55:14,944] INFO:  >> [HARVESTER] JP225 is dominating. Scaling in reinforcements...
[2026-05-06 11:55:25,256] INFO: SCANNING: JP225 | PRICE: 61021.00 | BIAS: BULLISH | ER: 0.43 | VEL: 1.21
[2026-05-06 11:55:25,449] INFO:  >> [GUARD] JP225 position already active.
[2026-05-06 11:55:25,449] INFO:  >> [HARVESTER] JP225 is dominating. Scaling in reinforcements...
[2026-05-06 11:55:35,793] INFO: SCANNING: JP225 | PRICE: 61016.30 | BIAS: BULLISH | ER: 0.43 | VEL: 1.25
[2026-05-06 11:55:35,990] INFO:  >> [GUARD] JP225 position already active.
[2026-05-06 11:55:35,990] INFO:  >> [HARVESTER] JP225 is dominating. Scaling in reinforcements...
[2026-05-06 11:55:46,346] INFO: SCANNING: JP225 | PRICE: 61017.00 | BIAS: BULLISH | ER: 0.43 | VEL: 1.25
[2026-05-06 11:55:46,540] INFO:  >> [GUARD] JP225 position already active.
[2026-05-06 11:55:46,540] INFO:  >> [HARVESTER] JP225 is dominating. Scaling in reinforcements...
[2026-05-06 11:55:56,918] INFO: SCANNING: JP225 | PRICE: 61021.40 | BIAS: BULLISH | ER: 0.43 | VEL: 1.21
[2026-05-06 11:55:57,110] INFO:  >> [GUARD] JP225 position already active.
[2026-05-06 11:55:57,110] INFO:  >> [HARVESTER] JP225 is dominating. Scaling in reinforcements...
[2026-05-06 11:56:07,435] INFO: SCANNING: JP225 | PRICE: 61044.60 | BIAS: BULLISH | ER: 0.42 | VEL: 1.0
[2026-05-06 11:56:07,629] INFO:  >> [GUARD] JP225 position already active.
[2026-05-06 11:56:07,630] INFO:  >> [HARVESTER] JP225 is dominating. Scaling in reinforcements...
[2026-05-06 11:56:17,980] INFO: SCANNING: JP225 | PRICE: 61026.80 | BIAS: BULLISH | ER: 0.43 | VEL: 1.16
[2026-05-06 11:56:18,172] INFO:  >> [GUARD] JP225 position already active.
[2026-05-06 11:56:18,173] INFO:  >> [HARVESTER] JP225 is dominating. Scaling in reinforcements...
[2026-05-06 11:56:28,521] INFO: SCANNING: JP225 | PRICE: 61031.20 | BIAS: BULLISH | ER: 0.43 | VEL: 1.12
[2026-05-06 11:56:28,720] INFO:  >> [GUARD] JP225 position already active.
[2026-05-06 11:56:28,720] INFO:  >> [HARVESTER] JP225 is dominating. Scaling in reinforcements...
[2026-05-06 11:56:39,061] INFO: SCANNING: JP225 | PRICE: 61031.20 | BIAS: BULLISH | ER: 0.43 | VEL: 1.12
[2026-05-06 11:56:39,254] INFO:  >> [GUARD] JP225 position already active.
[2026-05-06 11:56:39,254] INFO:  >> [HARVESTER] JP225 is dominating. Scaling in reinforcements...
[2026-05-06 11:56:49,566] INFO: SCANNING: JP225 | PRICE: 61028.80 | BIAS: BULLISH | ER: 0.43 | VEL: 1.14
[2026-05-06 11:56:49,775] INFO:  >> [GUARD] JP225 position already active.
[2026-05-06 11:56:49,775] INFO:  >> [HARVESTER] JP225 is dominating. Scaling in reinforcements...
[2026-05-06 11:57:00,083] INFO: SCANNING: JP225 | PRICE: 61046.00 | BIAS: BULLISH | ER: 0.42 | VEL: 0.98
[2026-05-06 11:57:00,277] INFO:  >> [GUARD] JP225 position already active.
[2026-05-06 11:57:00,277] INFO:  >> [HARVESTER] JP225 is dominating. Scaling in reinforcements...
[2026-05-06 11:57:10,588] INFO: SCANNING: JP225 | PRICE: 61064.60 | BIAS: BULLISH | ER: 0.42 | VEL: 0.81
[2026-05-06 11:57:10,784] INFO:  >> [GUARD] JP225 position already active.
[2026-05-06 11:57:10,784] INFO:  >> [HARVESTER] JP225 is dominating. Scaling in reinforcements...
[2026-05-06 11:57:21,096] INFO: SCANNING: JP225 | PRICE: 61076.20 | BIAS: BULLISH | ER: 0.41 | VEL: 0.7
[2026-05-06 11:57:21,290] INFO:  >> [GUARD] JP225 position already active.
[2026-05-06 11:57:21,290] INFO:  >> [HARVESTER] JP225 is dominating. Scaling in reinforcements...
[2026-05-06 11:57:31,613] INFO: SCANNING: JP225 | PRICE: 61084.50 | BIAS: BULLISH | ER: 0.41 | VEL: 0.61
[2026-05-06 11:57:31,803] INFO:  >> [GUARD] JP225 position already active.
[2026-05-06 11:57:31,803] INFO:  >> [HARVESTER] JP225 is dominating. Scaling in reinforcements...
[2026-05-06 11:57:42,142] INFO: SCANNING: JP225 | PRICE: 61088.00 | BIAS: BULLISH | ER: 0.41 | VEL: 0.58
[2026-05-06 11:57:42,336] INFO:  >> [GUARD] JP225 position already active.
[2026-05-06 11:57:42,336] INFO:  >> [HARVESTER] JP225 is dominating. Scaling in reinforcements...
[2026-05-06 11:57:52,646] INFO: SCANNING: JP225 | PRICE: 61098.20 | BIAS: BULLISH | ER: 0.41 | VEL: 0.48
[2026-05-06 11:57:52,848] INFO:  >> [GUARD] JP225 position already active.
[2026-05-06 11:57:52,848] INFO:  >> [HARVESTER] JP225 is dominating. Scaling in reinforcements...
[2026-05-06 11:58:03,206] INFO: SCANNING: JP225 | PRICE: 61106.20 | BIAS: BULLISH | ER: 0.41 | VEL: 0.41
[2026-05-06 11:58:03,399] INFO:  >> [GUARD] JP225 position already active.
[2026-05-06 11:58:03,400] INFO:  >> [HARVESTER] JP225 is dominating. Scaling in reinforcements...
[2026-05-06 11:58:13,718] INFO: SCANNING: JP225 | PRICE: 61112.00 | BIAS: BULLISH | ER: 0.41 | VEL: 0.35
[2026-05-06 11:58:13,919] INFO:  >> [GUARD] JP225 position already active.
[2026-05-06 11:58:13,919] INFO:  >> [HARVESTER] JP225 is dominating. Scaling in reinforcements...
[2026-05-06 11:58:24,264] INFO: SCANNING: JP225 | PRICE: 61093.40 | BIAS: BULLISH | ER: 0.41 | VEL: 0.51
[2026-05-06 11:58:24,462] INFO:  >> [GUARD] JP225 position already active.
[2026-05-06 11:58:24,462] INFO:  >> [HARVESTER] JP225 is dominating. Scaling in reinforcements...
[2026-05-06 11:58:34,770] INFO: SCANNING: JP225 | PRICE: 61104.80 | BIAS: BULLISH | ER: 0.41 | VEL: 0.41
[2026-05-06 11:58:34,965] INFO:  >> [GUARD] JP225 position already active.
[2026-05-06 11:58:34,965] INFO:  >> [HARVESTER] JP225 is dominating. Scaling in reinforcements...
[2026-05-06 11:58:45,311] INFO: SCANNING: JP225 | PRICE: 61098.70 | BIAS: BULLISH | ER: 0.41 | VEL: 0.46
[2026-05-06 11:58:45,511] INFO:  >> [GUARD] JP225 position already active.
[2026-05-06 11:58:45,511] INFO:  >> [HARVESTER] JP225 is dominating. Scaling in reinforcements...
[2026-05-06 11:58:55,817] INFO: SCANNING: JP225 | PRICE: 61076.90 | BIAS: BULLISH | ER: 0.41 | VEL: 0.65
[2026-05-06 11:58:56,008] INFO:  >> [GUARD] JP225 position already active.
[2026-05-06 11:58:56,008] INFO:  >> [HARVESTER] JP225 is dominating. Scaling in reinforcements...
[2026-05-06 11:59:06,348] INFO: SCANNING: JP225 | PRICE: 61071.60 | BIAS: BULLISH | ER: 0.42 | VEL: 0.69
[2026-05-06 11:59:06,538] INFO:  >> [GUARD] JP225 position already active.
[2026-05-06 11:59:06,538] INFO:  >> [HARVESTER] JP225 is dominating. Scaling in reinforcements...
[2026-05-06 11:59:16,848] INFO: SCANNING: JP225 | PRICE: 61074.80 | BIAS: BULLISH | ER: 0.41 | VEL: 0.66
[2026-05-06 11:59:17,039] INFO:  >> [GUARD] JP225 position already active.
[2026-05-06 11:59:17,039] INFO:  >> [HARVESTER] JP225 is dominating. Scaling in reinforcements...
[2026-05-06 11:59:27,386] INFO: SCANNING: JP225 | PRICE: 61073.70 | BIAS: BULLISH | ER: 0.41 | VEL: 0.67
[2026-05-06 11:59:27,577] INFO:  >> [GUARD] JP225 position already active.
[2026-05-06 11:59:27,577] INFO:  >> [HARVESTER] JP225 is dominating. Scaling in reinforcements...
[2026-05-06 11:59:37,883] INFO: SCANNING: JP225 | PRICE: 61084.80 | BIAS: BULLISH | ER: 0.41 | VEL: 0.58
[2026-05-06 11:59:38,090] INFO:  >> [GUARD] JP225 position already active.
[2026-05-06 11:59:38,090] INFO:  >> [HARVESTER] JP225 is dominating. Scaling in reinforcements...
[2026-05-06 11:59:48,431] INFO: SCANNING: JP225 | PRICE: 61084.20 | BIAS: BULLISH | ER: 0.41 | VEL: 0.58
[2026-05-06 11:59:48,624] INFO:  >> [GUARD] JP225 position already active.
[2026-05-06 11:59:48,624] INFO:  >> [HARVESTER] JP225 is dominating. Scaling in reinforcements...
[2026-05-06 11:59:58,944] INFO: SCANNING: JP225 | PRICE: 61086.50 | BIAS: BULLISH | ER: 0.41 | VEL: 0.57
[2026-05-06 11:59:59,135] INFO:  >> [GUARD] JP225 position already active.
[2026-05-06 11:59:59,135] INFO:  >> [HARVESTER] JP225 is dominating. Scaling in reinforcements...
[2026-05-06 12:00:09,478] INFO: SCANNING: JP225 | PRICE: 61093.80 | BIAS: BULLISH | ER: 0.39 | VEL: 0.74
[2026-05-06 12:00:09,677] INFO:  >> [GUARD] JP225 position already active.
[2026-05-06 12:00:09,677] INFO:  >> [HARVESTER] JP225 is dominating. Scaling in reinforcements...
[2026-05-06 12:00:20,005] INFO: SCANNING: JP225 | PRICE: 61087.10 | BIAS: BULLISH | ER: 0.4 | VEL: 0.8
[2026-05-06 12:00:20,197] INFO:  >> [GUARD] JP225 position already active.
[2026-05-06 12:00:20,197] INFO:  >> [HARVESTER] JP225 is dominating. Scaling in reinforcements...
[2026-05-06 12:00:30,506] INFO: SCANNING: JP225 | PRICE: 61081.80 | BIAS: BULLISH | ER: 0.4 | VEL: 0.85
[2026-05-06 12:00:30,701] INFO:  >> [GUARD] JP225 position already active.
[2026-05-06 12:00:30,702] INFO:  >> [HARVESTER] JP225 is dominating. Scaling in reinforcements...
[2026-05-06 12:00:41,012] INFO: SCANNING: JP225 | PRICE: 61070.20 | BIAS: BULLISH | ER: 0.4 | VEL: 0.96
[2026-05-06 12:00:41,205] INFO:  >> [GUARD] JP225 position already active.
[2026-05-06 12:00:41,205] INFO:  >> [HARVESTER] JP225 is dominating. Scaling in reinforcements...
[2026-05-06 12:00:51,549] INFO: SCANNING: JP225 | PRICE: 61062.00 | BIAS: BULLISH | ER: 0.39 | VEL: 1.02
[2026-05-06 12:00:51,743] INFO:  >> [GUARD] JP225 position already active.
[2026-05-06 12:00:51,744] INFO:  >> [HARVESTER] JP225 is dominating. Scaling in reinforcements...
[2026-05-06 12:01:02,050] INFO: SCANNING: JP225 | PRICE: 61051.80 | BIAS: BULLISH | ER: 0.39 | VEL: 1.09
[2026-05-06 12:01:02,241] INFO:  >> [GUARD] JP225 position already active.
[2026-05-06 12:01:02,241] INFO:  >> [HARVESTER] JP225 is dominating. Scaling in reinforcements...
[2026-05-06 12:01:12,588] INFO: SCANNING: JP225 | PRICE: 61071.20 | BIAS: BULLISH | ER: 0.4 | VEL: 0.92
[2026-05-06 12:01:12,781] INFO:  >> [GUARD] JP225 position already active.
[2026-05-06 12:01:12,782] INFO:  >> [HARVESTER] JP225 is dominating. Scaling in reinforcements...
[2026-05-06 12:01:23,091] INFO: SCANNING: JP225 | PRICE: 61066.30 | BIAS: BULLISH | ER: 0.39 | VEL: 0.96
[2026-05-06 12:01:23,285] INFO:  >> [GUARD] JP225 position already active.
[2026-05-06 12:01:23,285] INFO:  >> [HARVESTER] JP225 is dominating. Scaling in reinforcements...
[2026-05-06 12:01:33,626] INFO: SCANNING: JP225 | PRICE: 61061.90 | BIAS: BULLISH | ER: 0.39 | VEL: 1.0
[2026-05-06 12:01:33,824] INFO:  >> [GUARD] JP225 position already active.
[2026-05-06 12:01:33,825] INFO:  >> [HARVESTER] JP225 is dominating. Scaling in reinforcements...
[2026-05-06 12:01:44,132] INFO: SCANNING: JP225 | PRICE: 61061.80 | BIAS: BULLISH | ER: 0.39 | VEL: 1.0
[2026-05-06 12:01:44,325] INFO:  >> [GUARD] JP225 position already active.
[2026-05-06 12:01:44,325] INFO:  >> [HARVESTER] JP225 is dominating. Scaling in reinforcements...
[2026-05-06 12:01:54,673] INFO: SCANNING: JP225 | PRICE: 61052.10 | BIAS: BULLISH | ER: 0.39 | VEL: 1.09
[2026-05-06 12:01:54,869] INFO:  >> [GUARD] JP225 position already active.
[2026-05-06 12:01:54,869] INFO:  >> [HARVESTER] JP225 is dominating. Scaling in reinforcements...
[2026-05-06 12:02:05,192] INFO: SCANNING: JP225 | PRICE: 61041.20 | BIAS: BULLISH | ER: 0.39 | VEL: 1.17
[2026-05-06 12:02:05,383] INFO:  >> [GUARD] JP225 position already active.
[2026-05-06 12:02:05,384] INFO:  >> [HARVESTER] JP225 is dominating. Scaling in reinforcements...
[2026-05-06 12:02:15,688] INFO: SCANNING: JP225 | PRICE: 61038.50 | BIAS: BULLISH | ER: 0.39 | VEL: 1.18
[2026-05-06 12:02:15,893] INFO:  >> [GUARD] JP225 position already active.
[2026-05-06 12:02:15,893] INFO:  >> [HARVESTER] JP225 is dominating. Scaling in reinforcements...
[2026-05-06 12:02:26,147] INFO:  >> [SAFE_HANDOVER] Syncing AUDUSD SL to 0.72412
[2026-05-06 12:02:26,176] INFO:  >> [SAFE_HANDOVER] Syncing AUDUSD SL to 0.72415
[2026-05-06 12:02:26,205] INFO:  >> [SAFE_HANDOVER] Syncing AUDUSD SL to 0.72415
[2026-05-06 12:02:26,239] INFO:  >> [SAFE_HANDOVER] Syncing AUDUSD SL to 0.72417
[2026-05-06 12:02:26,272] INFO:  >> [SAFE_HANDOVER] Syncing AUDUSD SL to 0.72416
[2026-05-06 12:02:26,300] INFO:  >> [SAFE_HANDOVER] Syncing AUDUSD SL to 0.72418
[2026-05-06 12:02:26,327] INFO:  >> [SAFE_HANDOVER] Syncing AUDUSD SL to 0.7242
[2026-05-06 12:02:26,358] INFO:  >> [SAFE_HANDOVER] Syncing AUDUSD SL to 0.72422
[2026-05-06 12:02:26,385] INFO:  >> [SAFE_HANDOVER] Syncing AUDUSD SL to 0.72419
[2026-05-06 12:02:26,413] INFO:  >> [SAFE_HANDOVER] Syncing AUDUSD SL to 0.72419
[2026-05-06 12:02:26,441] INFO:  >> [SAFE_HANDOVER] Syncing AUDUSD SL to 0.7242
[2026-05-06 12:02:26,469] INFO:  >> [SAFE_HANDOVER] Syncing AUDUSD SL to 0.72421
[2026-05-06 12:02:26,497] INFO:  >> [SAFE_HANDOVER] Syncing AUDUSD SL to 0.72416
[2026-05-06 12:02:26,525] INFO:  >> [SAFE_HANDOVER] Syncing AUDUSD SL to 0.72418
[2026-05-06 12:02:26,648] INFO: SCANNING: JP225 | PRICE: 61041.30 | BIAS: BULLISH | ER: 0.39 | VEL: 1.15
[2026-05-06 12:02:26,845] INFO:  >> [GUARD] JP225 position already active.
[2026-05-06 12:02:26,845] INFO:  >> [HARVESTER] JP225 is dominating. Scaling in reinforcements...
[2026-05-06 12:02:37,150] INFO: SCANNING: JP225 | PRICE: 61034.90 | BIAS: BULLISH | ER: 0.39 | VEL: 1.21
[2026-05-06 12:02:37,342] INFO:  >> [GUARD] JP225 position already active.
[2026-05-06 12:02:37,342] INFO:  >> [HARVESTER] JP225 is dominating. Scaling in reinforcements...
[2026-05-06 12:02:47,652] INFO: SCANNING: JP225 | PRICE: 61029.00 | BIAS: BULLISH | ER: 0.39 | VEL: 1.25
[2026-05-06 12:02:47,845] INFO:  >> [GUARD] JP225 position already active.
[2026-05-06 12:02:47,845] INFO:  >> [HARVESTER] JP225 is dominating. Scaling in reinforcements...
[2026-05-06 12:02:58,199] INFO: SCANNING: JP225 | PRICE: 61019.70 | BIAS: BULLISH | ER: 0.39 | VEL: 1.32
[2026-05-06 12:02:58,394] INFO:  >> [GUARD] JP225 position already active.
[2026-05-06 12:02:58,395] INFO:  >> [HARVESTER] JP225 is dominating. Scaling in reinforcements...
[2026-05-06 12:03:08,704] INFO: SCANNING: JP225 | PRICE: 61012.10 | BIAS: BULLISH | ER: 0.39 | VEL: 1.37
[2026-05-06 12:03:08,897] INFO:  >> [GUARD] JP225 position already active.
[2026-05-06 12:03:08,897] INFO:  >> [HARVESTER] JP225 is dominating. Scaling in reinforcements...
[2026-05-06 12:03:19,217] INFO: SCANNING: JP225 | PRICE: 61033.40 | BIAS: BULLISH | ER: 0.39 | VEL: 1.19
[2026-05-06 12:03:19,409] INFO:  >> [GUARD] JP225 position already active.
[2026-05-06 12:03:19,409] INFO:  >> [HARVESTER] JP225 is dominating. Scaling in reinforcements...
[2026-05-06 12:03:29,719] INFO: SCANNING: JP225 | PRICE: 61039.60 | BIAS: BULLISH | ER: 0.39 | VEL: 1.14
[2026-05-06 12:03:29,913] INFO:  >> [GUARD] JP225 position already active.
[2026-05-06 12:03:29,914] INFO:  >> [HARVESTER] JP225 is dominating. Scaling in reinforcements...
[2026-05-06 12:03:40,265] INFO: SCANNING: JP225 | PRICE: 61040.90 | BIAS: BULLISH | ER: 0.39 | VEL: 1.13
[2026-05-06 12:03:40,461] INFO:  >> [GUARD] JP225 position already active.
[2026-05-06 12:03:40,461] INFO:  >> [HARVESTER] JP225 is dominating. Scaling in reinforcements...
[2026-05-06 12:03:50,767] INFO: SCANNING: JP225 | PRICE: 61044.50 | BIAS: BULLISH | ER: 0.39 | VEL: 1.1
[2026-05-06 12:03:50,964] INFO:  >> [GUARD] JP225 position already active.
[2026-05-06 12:03:50,964] INFO:  >> [HARVESTER] JP225 is dominating. Scaling in reinforcements...
[2026-05-06 12:04:01,282] INFO: SCANNING: JP225 | PRICE: 61049.60 | BIAS: BULLISH | ER: 0.39 | VEL: 1.05
[2026-05-06 12:04:01,481] INFO:  >> [GUARD] JP225 position already active.
[2026-05-06 12:04:01,482] INFO:  >> [HARVESTER] JP225 is dominating. Scaling in reinforcements...
[2026-05-06 12:04:11,804] INFO: SCANNING: JP225 | PRICE: 61049.50 | BIAS: BULLISH | ER: 0.39 | VEL: 1.05
[2026-05-06 12:04:11,999] INFO:  >> [GUARD] JP225 position already active.
[2026-05-06 12:04:11,999] INFO:  >> [HARVESTER] JP225 is dominating. Scaling in reinforcements...
[2026-05-06 12:04:22,349] INFO: SCANNING: JP225 | PRICE: 61049.60 | BIAS: BULLISH | ER: 0.39 | VEL: 1.05
[2026-05-06 12:04:22,542] INFO:  >> [GUARD] JP225 position already active.
[2026-05-06 12:04:22,542] INFO:  >> [HARVESTER] JP225 is dominating. Scaling in reinforcements...
[2026-05-06 12:04:32,903] INFO: SCANNING: JP225 | PRICE: 61060.80 | BIAS: BULLISH | ER: 0.39 | VEL: 0.96
[2026-05-06 12:04:33,095] INFO:  >> [GUARD] JP225 position already active.
[2026-05-06 12:04:33,095] INFO:  >> [HARVESTER] JP225 is dominating. Scaling in reinforcements...
[2026-05-06 12:04:43,447] INFO: SCANNING: JP225 | PRICE: 61049.90 | BIAS: BULLISH | ER: 0.39 | VEL: 1.05
[2026-05-06 12:04:43,638] INFO:  >> [GUARD] JP225 position already active.
[2026-05-06 12:04:43,639] INFO:  >> [HARVESTER] JP225 is dominating. Scaling in reinforcements...
[2026-05-06 12:04:53,949] INFO: SCANNING: JP225 | PRICE: 61049.60 | BIAS: BULLISH | ER: 0.39 | VEL: 1.05
[2026-05-06 12:04:54,141] INFO:  >> [GUARD] JP225 position already active.
[2026-05-06 12:04:54,143] INFO:  >> [HARVESTER] JP225 is dominating. Scaling in reinforcements...
[2026-05-06 12:05:04,676] INFO: SCANNING: JP225 | PRICE: 61041.30 | BIAS: BULLISH | ER: 0.39 | VEL: 1.12
[2026-05-06 12:05:04,871] INFO:  >> [GUARD] JP225 position already active.
[2026-05-06 12:05:04,873] INFO:  >> [HARVESTER] JP225 is dominating. Scaling in reinforcements...
[2026-05-06 12:05:15,180] INFO: SCANNING: JP225 | PRICE: 61044.20 | BIAS: BULLISH | ER: 0.39 | VEL: 1.1
[2026-05-06 12:05:15,374] INFO:  >> [GUARD] JP225 position already active.
[2026-05-06 12:05:15,374] INFO:  >> [HARVESTER] JP225 is dominating. Scaling in reinforcements...
[2026-05-06 12:05:25,687] INFO: SCANNING: JP225 | PRICE: 61053.60 | BIAS: BULLISH | ER: 0.39 | VEL: 1.02
[2026-05-06 12:05:25,880] INFO:  >> [GUARD] JP225 position already active.
[2026-05-06 12:05:25,880] INFO:  >> [HARVESTER] JP225 is dominating. Scaling in reinforcements...
[2026-05-06 12:05:36,262] INFO: SCANNING: JP225 | PRICE: 61053.70 | BIAS: BULLISH | ER: 0.39 | VEL: 1.02
[2026-05-06 12:05:36,461] INFO:  >> [GUARD] JP225 position already active.
[2026-05-06 12:05:36,461] INFO:  >> [HARVESTER] JP225 is dominating. Scaling in reinforcements...
[2026-05-06 12:05:46,845] INFO: SCANNING: JP225 | PRICE: 61059.60 | BIAS: BULLISH | ER: 0.39 | VEL: 0.97
[2026-05-06 12:05:47,044] INFO:  >> [GUARD] JP225 position already active.
[2026-05-06 12:05:47,045] INFO:  >> [HARVESTER] JP225 is dominating. Scaling in reinforcements...
[2026-05-06 12:05:57,354] INFO: SCANNING: JP225 | PRICE: 61056.80 | BIAS: BULLISH | ER: 0.39 | VEL: 0.99
[2026-05-06 12:05:57,550] INFO:  >> [GUARD] JP225 position already active.
[2026-05-06 12:05:57,551] INFO:  >> [HARVESTER] JP225 is dominating. Scaling in reinforcements...
[2026-05-06 12:06:07,863] INFO: SCANNING: JP225 | PRICE: 61061.70 | BIAS: BULLISH | ER: 0.39 | VEL: 0.95
[2026-05-06 12:06:08,053] INFO:  >> [GUARD] JP225 position already active.
[2026-05-06 12:06:08,053] INFO:  >> [HARVESTER] JP225 is dominating. Scaling in reinforcements...
